วันที่,รายการ,ราคา,จำนวนที่ซื้อ,มูลค่ารวม,ร้านค้า,เลขที่เอกสาร,หมายเหตุ,รหัสสินค้า,หน่วยนับ,กลุ่มสินค้า,ปี-เดือน
1/10/2025,"กระดาษเทอมอล 110*30 ซม.(ห้องบัตร,ชันสูตร)","2,750.00",18,"49,500.00",ยอดยกมา,,,ส0021,ม้วน,สำนักงาน,2025-10
1/10/2025,"กระดาษเทอมอล 110*80 ซม.(ER,OPD,LAB)","4,900.00",6,"29,400.00",ยอดยกมา,,,ส0022,ม้วน,สำนักงาน,2025-10
1/10/2025,กระดาษเทอมอล 55*50 ซม.(การเงิน),57.00,900,"51,300.00",ยอดยกมา,,,ส0024,ม้วน,สำนักงาน,2025-10
1/10/2025,กระดาษเทอมอล 57*15 มม. (การเงินห้องยา),42.00,300,"12,600.00",ยอดยกมา,,,ส0025,ม้วน,สำนักงาน,2025-10
1/10/2025,เทปกั้นเขตขาว-แดง,65.00,72,"4,680.00",ยอดยกมา,,,ส0092,ม้วน,สำนักงาน,2025-10
1/10/2025,ใบ Copy Order 22*29.5 ซม.,"2,100.00",7,"14,700.00",ยอดยกมา,,,ส0113,ชุด,สำนักงาน,2025-10
1/10/2025,"ใบเสร็จรับเงิน 6*8 ซม.(1,000ใบ/1ลัง/50ลัง)",920.00,23,"21,160.00",ยอดยกมา,,,ส0120,ลัง,สำนักงาน,2025-10
1/10/2025,ใบหน้า OPD การ์ด,750.00,4,"3,000.00",ยอดยกมา,,,ส0122,แพ็ค,สำนักงาน,2025-10
1/10/2025,ฟอร์มปรอท (ใหม่),2.14,"4,000","8,560.00",ยอดยกมา,,,ส0148,แผ่น,สำนักงาน,2025-10
1/10/2025,"สติ๊กเกอร์ชื่อ(30,000ดวง/2,000 ต่อลัง)","4,000.00",1,"4,000.00",ยอดยกมา,,,ส0181,ลัง,สำนักงาน,2025-10
1/10/2025,สติ๊กเกอร์ไดเร็คเทอมอล 8.5*6 ซม. (พิมพ์เปล่า),0.23,"24,000","5,520.00",ยอดยกมา,,,ส0182,ม้วน,สำนักงาน,2025-10
1/10/2025,สติ๊กเกอร์ยิงป้าย,"3,800.00",4,"15,200.00",ยอดยกมา,,,ส0187,ลัง,สำนักงาน,2025-10
1/10/2025,สติ๊กเกอร์ม้วน 3Yk (จ่ายกลาง),130.00,50,"6,500.00",ยอดยกมา,,,ส0186,ม้วน,สำนักงาน,2025-10
1/10/2025,กระดาษเทอมอลขนาด 8 ซม.* 80 ม.,78.00,170,"13,260.00",ยอดยกมา,,,ส0027,ม้วน,สำนักงาน,2025-10
1/10/2025,ถังขยะชนิดเหยียบ ขนาด 35 ลิตร,995.00,1,995.00,ยอดยกมา,,,ง0054,ใบ,งานบ้านงานครัว,2025-10
1/10/2025,ถุงขยะใส ขนาด 40*40 นิ้ว,82.00,100,"8,200.00",ยอดยกมา,,,ง0080,แพ็ค,งานบ้านงานครัว,2025-10
1/10/2025,ถุงขยะใส ขนาด 9*12 นิ้ว (ขยะอันตราย),82.00,105,"8,610.00",ยอดยกมา,,,ง0081,แพ็ค,งานบ้านงานครัว,2025-10
1/10/2025,ถุงขยะสีดำ ขนาด 16*19 นิ้ว,60.00,120,"7,200.00",ยอดยกมา,,,ง0069,แพ็ค,งานบ้านงานครัว,2025-10
1/10/2025,ถุงขยะสีดำ ขนาด 28*36 นิ้ว,60.00,35,"2,100.00",ยอดยกมา,,,ง0070,แพ็ค,งานบ้านงานครัว,2025-10
1/10/2025,ถุงขยะสีแดง ขนาด 12*20 นิ้ว (พิมพ์ลาย),75.00,70,"5,250.00",ยอดยกมา,,,ง0072,แพ็ค,งานบ้านงานครัว,2025-10
1/10/2025,ถุงขยะสีแดง ขนาด 16*28 นิ้ว (พิมพ์ลาย),80.00,105,"8,400.00",ยอดยกมา,,,ง0074,แพ็ค,งานบ้านงานครัว,2025-10
1/10/2025,ถุงขยะสีแดง ขนาด 40*40 นิ้ว,75.00,55,"4,125.00",ยอดยกมา,,,ง0076,แพ็ค,งานบ้านงานครัว,2025-10
1/10/2025,ถุงขยะสีแดง ขนาด 9*12 นิ้ว,80.00,55,"4,400.00",ยอดยกมา,,,ง0078,แพ็ค,งานบ้านงานครัว,2025-10
1/10/2025,ถุงขยะสีเทา ขนาด 9*12 นิ้ว (ขยะอันตราย),80.00,55,"4,400.00",ยอดยกมา,,,ง0079,แพ็ค,งานบ้านงานครัว,2025-10
1/10/2025,ถุงซิปสีชา ขนาด 6*8 ซม.,152.00,65,"9,880.00",ยอดยกมา,,,ย0001,กก.,วัสดุอื่น(ซองยา),2025-10
1/10/2025,ถุงซิปใส ขนาด 10*15 ซม.,145.00,10,"1,450.00",ยอดยกมา,,,ย0003,กก.,วัสดุอื่น(ซองยา),2025-10
1/10/2025,ถุงซิปใส ขนาด 13*20 ซม.,145.00,85,"12,325.00",ยอดยกมา,,,ย0004,กก.,วัสดุอื่น(ซองยา),2025-10
1/10/2025,ถุงซิปใส ขนาด 15*23 ซม.,150.00,115,"17,250.00",ยอดยกมา,,,ย0005,กก.,วัสดุอื่น(ซองยา),2025-10
1/10/2025,ถุงซิปใส ขนาด 6*8 ซม.,142.00,45,"6,390.00",ยอดยกมา,,,ย0006,กก.,วัสดุอื่น(ซองยา),2025-10
1/10/2025,ถุงซิปใส ขนาด 7*10 ซม.,142.00,105,"14,910.00",ยอดยกมา,,,ย0007,กก.,วัสดุอื่น(ซองยา),2025-10
1/10/2025,ถุงซิปใส ขนาด 8*12 ซม.,145.00,35,"5,075.00",ยอดยกมา,,,ย0008,กก.,วัสดุอื่น(ซองยา),2025-10
1/10/2025,ถุงร้อน ขนาด 12*18 นิ้ว,85.00,40,"3,400.00",ยอดยกมา,,,ง0094,แพ็ค,งานบ้านงานครัว,2025-10
1/10/2025,ถุงร้อน ขนาด 14*26 นิ้ว,85.00,95,"8,075.00",ยอดยกมา,,,ง0095,แพ็ค,งานบ้านงานครัว,2025-10
1/10/2025,ถุงร้อน ขนาด 20*30 นิ้ว,85.00,112,"9,520.00",ยอดยกมา,,,ง0096,แพ็ค,งานบ้านงานครัว,2025-10
1/10/2025,ถุงร้อน ขนาด 6*9 นิ้ว,85.00,92,"7,820.00",ยอดยกมา,,,ง0097,แพ็ค,งานบ้านงานครัว,2025-10
1/10/2025,ถุงร้อน ขนาด 7*11 นิ้ว,85.00,70,"5,950.00",ยอดยกมา,,,ง0098,แพ็ค,งานบ้านงานครัว,2025-10
1/10/2025,ถุงร้อน ขนาด 9*14 นิ้ว,85.00,32,"2,720.00",ยอดยกมา,,,ง0099,แพ็ค,งานบ้านงานครัว,2025-10
1/10/2025,ถุงหูหิ้วสีขาว ขนาด 12*20 นิ้ว,70.00,140,"9,800.00",ยอดยกมา,,,ง0102,แพ็ค,งานบ้านงานครัว,2025-10
1/10/2025,ถุงหูหิ้ว ขนาด 9*18 นิ้ว,105.00,50,"5,250.00",ยอดยกมา,,,ง0101,ใบ,งานบ้านงานครัว,2025-10
1/10/2025,น้ำยาเช็ดกระจก บรรจุ 3.8 ลิตร,267.50,3,802.50,ยอดยกมา,,,ง0123,แกลลอน,งานบ้านงานครัว,2025-10
1/10/2025,สบู่เหลวล้างมือ (แบบขวด),167.63,5,838.15,ยอดยกมา,,,ง0205,ขวด,งานบ้านงานครัว,2025-10
1/10/2025,กระดาษเช็ดมือ,61.97,53,"3,284.41",ยอดยกมา,,,ง0008,ห่อ,งานบ้านงานครัว,2025-10
1/10/2025,กระดาษชำระม้วนใหญ่,107.00,22,"2,354.00",ยอดยกมา,,,ง0007,ม้วน,งานบ้านงานครัว,2025-10
1/10/2025,แก้วกรวยกระดาษ,62.48,50,"3,124.00",ยอดยกมา,,,ง0020,แถว,งานบ้านงานครัว,2025-10
1/10/2025,น้ำยาขจัดกลิ่นฆ่าเชื้อเอนกประสงค์ (บรรจุ 3.8 ลิตร),406.60,4,"1,626.40",ยอดยกมา,,,ง0116,แกลลอน,งานบ้านงานครัว,2025-10
1/10/2025,น้ำยาล้างห้องน้ำ (บรรจุ 3.8 ลิตร),321.00,3,963.00,ยอดยกมา,,,ง0138,แกลลอน,งานบ้านงานครัว,2025-10
1/10/2025,น้ำยาปรับผ้านุ่ม (บรรจุ 20 ลิตร),609.90,5,"3,049.50",ยอดยกมา,,,ง0129,ถัง,งานบ้านงานครัว,2025-10
1/10/2025,ถุงขยะสีแดง ขนาด 16*24 นิ้ว พิมพ์ลาย,80.00,165,"13,200.00",ยอดยกมา,,,ง0073,กก.,งานบ้านงานครัว,2025-10
1/10/2025,ผงไล่งู,"1,792.25",5,"8,961.25",ยอดยกมา,,,ง0149,แกลลอน,งานบ้านงานครัว,2025-10
1/10/2025,น้ำยาล้างจาน (บรรจุ 3.8 ลิตร),195.00,7,"1,365.00",ยอดยกมา,,,ง0135,แกลลอน,งานบ้านงานครัว,2025-10
1/10/2025,INK FOR BROTHER BTD 60 (Black),490.00,1,490.00,ยอดยกมา,,,ค0011,ขวด,คอมพิวเตอร์,2025-10
1/10/2025,INK FOR CANON GI 790 (Y),490.00,1,490.00,ยอดยกมา,,,ค0015,ขวด,คอมพิวเตอร์,2025-10
1/10/2025,INK FOR EPSONC13T664100 BK,390.00,2,780.00,ยอดยกมา,,,ค0021,ขวด,คอมพิวเตอร์,2025-10
1/10/2025,INK FOR EPSON C13T664-200 (C),390.00,4,"1,560.00",ยอดยกมา,,,ค0022,ขวด,คอมพิวเตอร์,2025-10
1/10/2025,INK FOR EPSON C13T664-300 (M),390.00,7,"2,730.00",ยอดยกมา,,,ค0023,ขวด,คอมพิวเตอร์,2025-10
1/10/2025,INK FOR EPSON C13T664-400 (Y),390.00,4,"1,560.00",ยอดยกมา,,,ค0024,ขวด,คอมพิวเตอร์,2025-10
1/10/2025,INK FOR EPSON T00V100(003) (BK),390.00,6,"2,340.00",ยอดยกมา,,,ค0017,ขวด,คอมพิวเตอร์,2025-10
1/10/2025,INK FOR EPSON T00V200(003) (C),390.00,3,"1,170.00",ยอดยกมา,,,ค0018,ขวด,คอมพิวเตอร์,2025-10
1/10/2025,INK FOR EPSON T00V300(003) (M),390.00,5,"1,950.00",ยอดยกมา,,,ค0019,ขวด,คอมพิวเตอร์,2025-10
1/10/2025,INK FOR EPSON T00V400(003) (Y),390.00,4,"1,560.00",ยอดยกมา,,,ค0020,ขวด,คอมพิวเตอร์,2025-10
1/10/2025,Keybord (แป้นพิมพ์),390.00,5,"1,950.00",ยอดยกมา,,,ค0025,ชิ้น,คอมพิวเตอร์,2025-10
1/10/2025,RIBBON FOR EPSON LQ 310/630,250.00,1,250.00,ยอดยกมา,,,ค0028,ตลับ,คอมพิวเตอร์,2025-10
1/10/2025,Smart Card Reader W/USB Cable,"1,490.00",1,"1,490.00",ยอดยกมา,,,ค0033,ชิ้น,คอมพิวเตอร์,2025-10
1/10/2025,SSD M.2 Pcle 250 GB,"1,890.00",2,"3,780.00",ยอดยกมา,,,ค0035,ชิ้น,คอมพิวเตอร์,2025-10
1/10/2025,TONER Brother TN-2460/2480,890.00,4,"3,560.00",ยอดยกมา,,,ค0036,ชิ้น,คอมพิวเตอร์,2025-10
1/10/2025,TONER HP 12A,790.00,6,"4,740.00",ยอดยกมา,,,ค0039,ตลับ,คอมพิวเตอร์,2025-10
1/10/2025,TONER HP 76A,"1,590.00",5,"7,950.00",ยอดยกมา,,,ค0042,ตลับ,คอมพิวเตอร์,2025-10
1/10/2025,TONER LASER 79A,790.00,3,"2,370.00",ยอดยกมา,,,ค0043,ตลับ,คอมพิวเตอร์,2025-10
1/10/2025,TONER LASER 83A,790.00,5,"3,950.00",ยอดยกมา,,,ค0044,ตลับ,คอมพิวเตอร์,2025-10
1/10/2025,TONER HP 76A,790.00,1,790.00,ยอดยกมา,,,ค0042,ตลับ,คอมพิวเตอร์,2025-10
1/10/2025,Webcam (Full HD) 4 K Auto Focus,"1,190.00",2,"2,380.00",ยอดยกมา,,,ค0046,ชิ้น,คอมพิวเตอร์,2025-10
1/10/2025,หมึก CANON PGI-750 PGBK,890.00,1,890.00,ยอดยกมา,,,ค0053,ขวด,คอมพิวเตอร์,2025-10
1/10/2025,หมึก HP GT52 C,390.00,4,"1,560.00",ยอดยกมา,,,ค0058,ขวด,คอมพิวเตอร์,2025-10
1/10/2025,หมึก HP GT52 M,390.00,5,"1,950.00",ยอดยกมา,,,ค0059,ขวด,คอมพิวเตอร์,2025-10
1/10/2025,หมึก HP GT52 Y,390.00,8,"3,120.00",ยอดยกมา,,,ค0060,ขวด,คอมพิวเตอร์,2025-10
1/10/2025,หมึก HP GT53 BK,390.00,5,"1,950.00",ยอดยกมา,,,ค0061,ขวด,คอมพิวเตอร์,2025-10
1/10/2025,MOUSE (เมาท์),290.00,2,580.00,ยอดยกมา,,,ค0026,ชิ้น,คอมพิวเตอร์,2025-10
1/10/2025,TONER HP 30 A,"1,250.00",3,"3,750.00",ยอดยกมา,,,ค0041,ตลับ,คอมพิวเตอร์,2025-10
1/10/2025,Toner Canon 325,750.00,2,"1,500.00",ยอดยกมา,,,ค0037,ชิ้น,คอมพิวเตอร์,2025-10
1/10/2025,หมึก CANON CLI-751 BK,790.00,2,"1,580.00",ยอดยกมา,,,ค0054,ขวด,คอมพิวเตอร์,2025-10
1/10/2025,หมึก CANON CLI-751 C,790.00,1,790.00,ยอดยกมา,,,ค0055,ขวด,คอมพิวเตอร์,2025-10
1/10/2025,หมึก CANON CLI-751 M,790.00,1,790.00,ยอดยกมา,,,ค0056,ขวด,คอมพิวเตอร์,2025-10
1/10/2025,หมึก CANON CLI-751 Y,790.00,2,"1,580.00",ยอดยกมา,,,ค0057,ขวด,คอมพิวเตอร์,2025-10
1/10/2025,INK FOR CANON GI 790 (BK),390.00,5,"1,950.00",ยอดยกมา,,,ค0012,ขวด,คอมพิวเตอร์,2025-10
1/10/2025,INK FOR CANON GI 790 (C),390.00,2,780.00,ยอดยกมา,,,ค0013,ขวด,คอมพิวเตอร์,2025-10
1/10/2025,INK FOR CANON GI 790 (M),390.00,2,780.00,ยอดยกมา,,,ค0014,ขวด,คอมพิวเตอร์,2025-10
1/10/2025,INK FOR CANON GI 790 (Y),390.00,3,"1,170.00",ยอดยกมา,,,ค0015,ขวด,คอมพิวเตอร์,2025-10
17/10/2025,น้ำมันดีเซล,31.77,1140.384,"36,230.00",บริษัท แอล อาร์ เซอร์วิส จำกัด,68/10-001,,ช0001,ลิตร,เชื้อเพลิง,2025-10
20/10/2025,แก๊สหุงต้ม ขนาด 48 กก.,"1,356.00",4,"5,424.00",บริษัท ธนกาญจน์แก๊ส จำกัด,162/8073,,ง0023,ถัง,งานบ้านงานครัว,2025-10
23/10/2025,หม้อมิเตอร์ไฟฟ้า,"2,024.44",1,"2,024.44",บริษัท ทัศศิพรเอ็นเทอไพรซ์ จำกัด,IV0010676,,ฟ0142,อัน,ไฟฟ้า,2025-10
23/10/2025,สวิทต์แสงแดด,220.42,1,220.42,บริษัท ทัศศิพรเอ็นเทอไพรซ์ จำกัด,IV0010676,,ฟ0154,อัน,ไฟฟ้า,2025-10
13/10/2025,พวงมาลา,"1,500.00",1,"1,500.00",ร้านดอกไม้ลิลลี่,6/6,,ส0143,พวง,สำนักงาน,2025-10
22/10/2025,พวงมาลา,"1,500.00",1,"1,500.00",ร้านดอกไม้ลิลลี่,6/10,,ส0143,พวง,สำนักงาน,2025-10
27/10/2025,หลอด LED,203.30,36,"7,318.80",บริษัท ทัศศิพรเอ็นเทอไพรซ์ จำกัด,IV0010366,,ฟ0144,หลอด,ไฟฟ้า,2025-10
27/10/2025,สวิทต์ฝัง เนใหม่,42.80,10,428.00,บริษัท ทัศศิพรเอ็นเทอไพรซ์ จำกัด,IV0010366,,ฟ0117,ตัว,ไฟฟ้า,2025-10
27/10/2025,ปลั๊กฝัง,22.47,10,224.70,บริษัท ทัศศิพรเอ็นเทอไพรซ์ จำกัด,IV0010366,,ฟ0074,อัน,ไฟฟ้า,2025-10
28/10/2025,น้ำยาขจัดกลิ่นฆ่าเชื้อเอนกประสงค์ (บรรจุ 3.8 ลิตร),406.60,16,"6,505.60",บริษัท สยามยูเนี่ยนเคมีคอล จำกัด,SOSU6810038,,ง0116,แกลลอน,งานบ้านงานครัว,2025-10
28/10/2025,น้ำยาล้างห้องน้ำ (บรรจุ 3.8 ลิตร),321.00,16,"5,136.00",บริษัท สยามยูเนี่ยนเคมีคอล จำกัด,SOSU6810038,,ง0138,แกลลอน,งานบ้านงานครัว,2025-10
28/10/2025,สบู่เหลวล้างมือ (บรรจุ 3.8 ลิตร),321.00,16,"5,136.00",บริษัท สยามยูเนี่ยนเคมีคอล จำกัด,SOSU6810038,,ง0204,แกลลอน,งานบ้านงานครัว,2025-10
28/10/2025,น้ำยาซักผ้าขาวและผ้าสี (บรรจุ 20 ลิตร),"1,872.50",5,"9,362.50",ห้างหุ้นส่วนจำกัด ปัญยวีร์ เทรดดิ้ง,681008,,ง0131,ถัง,งานบ้านงานครัว,2025-10
28/10/2025,ผลิตภัณฑ์เสริมด่าง,"1,284.00",5,"6,420.00",ห้างหุ้นส่วนจำกัด ปัญยวีร์ เทรดดิ้ง,681008,,ง0152,ถัง,งานบ้านงานครัว,2025-10
28/10/2025,"ผลิตภัณฑ์น้ำยาซักผ้าเครื่อง ""แมกซ์วอกช"" A605B","1,605.00",5,"8,025.00",ห้างหุ้นส่วนจำกัด ปัญยวีร์ เทรดดิ้ง,681008,,ง0151,ถัง,งานบ้านงานครัว,2025-10
28/10/2025,ล้างผ้าพิเศษขจัดสนิมน้ำ,"1,712.00",5,"8,560.00",ห้างหุ้นส่วนจำกัด ปัญยวีร์ เทรดดิ้ง,681008,,ง0223,ถัง,งานบ้านงานครัว,2025-10
29/10/2025,"สเปรย์ฉีดแมลง,ยุง",109.00,10,"1,090.00",วังโพธิ์พาณิชย์,5/27,,ง0206,กระป๋อง,งานบ้านงานครัว,2025-10
29/10/2025,สเปรย์ปรับอากาศ-ดับกลิ่น,125.00,8,"1,000.00",วังโพธิ์พาณิชย์,5/27,,ง0207,กระป๋อง,งานบ้านงานครัว,2025-10
29/10/2025,ฟองน้ำพร้อมสก็อตไบรท์,20.00,12,240.00,วังโพธิ์พาณิชย์,5/27,,ง0179,แผ่น,งานบ้านงานครัว,2025-10
29/10/2025,ไม้กวาดอ่อน,50.00,2,100.00,วังโพธิ์พาณิชย์,5/27,,ง0187,อัน,งานบ้านงานครัว,2025-10
29/10/2025,เจลก้อนหอม,100.00,6,600.00,วังโพธิ์พาณิชย์,5/27,,ง0016,ก้อน,งานบ้านงานครัว,2025-10
29/10/2025,ถ่าน ขนาด AA (อัลคาไลน์),25.00,170,"4,250.00",วังโพธิ์พาณิชย์,5/27,,ง0064,ก้อน,งานบ้านงานครัว,2025-10
29/10/2025,ถ่าน ขนาด AAA (อัลคาไลน์),25.00,70,"1,750.00",วังโพธิ์พาณิชย์,5/27,,ง0065,ก้อน,งานบ้านงานครัว,2025-10
29/10/2025,เชือกฟาง,40.00,5,200.00,วังโพธิ์พาณิชย์,5/27,,ง0042,ม้วน,งานบ้านงานครัว,2025-10
29/10/2025,รองเท้าบู๊ท,200.00,4,800.00,วังโพธิ์พาณิชย์,5/27,,ง0199,คู่,งานบ้านงานครัว,2025-10
29/10/2025,รองเท้าฟองน้ำ,80.00,1,80.00,วังโพธิ์พาณิชย์,5/27,,ง0200,คู่,งานบ้านงานครัว,2025-10
29/10/2025,ผงซักฟอก ,175.00,5,875.00,วังโพธิ์พาณิชย์,5/27,,ง0148,ถุง,งานบ้านงานครัว,2025-10
29/10/2025,ถังขยะชนิดเหยียบ ขนาด 18 ลิตร,350.00,1,350.00,วังโพธิ์พาณิชย์,5/28,,ง0053,ใบ,งานบ้านงานครัว,2025-10
29/10/2025,กล่องพลาสติกมีฝาปิด(มีล้อ) ขนาดเล็ก,200.00,3,600.00,วังโพธิ์พาณิชย์,5/28,,ง0010,ใบ,งานบ้านงานครัว,2025-10
29/10/2025,กล่องพลาสติกมีฝาปิด(มีล้อ) ขนาดใหญ่,320.00,2,640.00,วังโพธิ์พาณิชย์,5/28,,ง0011,ใบ,งานบ้านงานครัว,2025-10
29/10/2025,ไฟฉายแบบชาร์จ,175.00,2,350.00,วังโพธิ์พาณิชย์,5/28,,ง0182,กระบอก,งานบ้านงานครัว,2025-10
29/10/2025,ผ้าถูพื้น,45.00,3,135.00,วังโพธิ์พาณิชย์,5/28,,ง0159,ผืน,งานบ้านงานครัว,2025-10
29/10/2025,พรมเช็ดเท้า (ผ้า),35.00,2,70.00,วังโพธิ์พาณิชย์,5/28,,ง0176,ผืน,งานบ้านงานครัว,2025-10
29/10/2025,ผ้าขนหนูเช็ดมือ ขนาด 12*12 นิ้ว,275.00,60,"16,500.00",หจก.อักษรภัณฑ์กาญจนบุรี (สำนักงานใหญ่),100/4954,,ง0153,โหล,งานบ้านงานครัว,2025-10
29/10/2025,น้ำยาล้างและฆ่าเชื้อ 5 ลิตร,"7,500.00",10,"75,000.00",บริษัท เคมเทค เฮลท์แคร์ จำกัด,25091374,,ง0137,แกลลอน,งานบ้านงานครัว,2025-10
29/10/2025,สเปรย์โฟม,950.00,36,"34,200.00",บริษัท เคมเทค เฮลท์แคร์ จำกัด,25101435,,ง0208,ขวด,งานบ้านงานครัว,2025-10
29/10/2025,ดอกไม้ปลอม,50.00,26,"1,300.00",บริษัท กาญจนบุรีค้าส่ง จำกัด(สำนักงานใหญ่),060/2988,,เก0016,ชิ้น,วัสดุการเกษตร,2025-10
29/10/2025,พานพุ่มเงิน-ทอง,20.00,8,160.00,บริษัท กาญจนบุรีค้าส่ง จำกัด(สำนักงานใหญ่),060/2988,,ส0144,พาน,สำนักงาน,2025-10
29/10/2025,โอเอซิส,21.00,20,420.00,บริษัท กาญจนบุรีค้าส่ง จำกัด(สำนักงานใหญ่),060/2988,,เก0065,ก้อน,วัสดุการเกษตร,2025-10
29/10/2025,ดอกไม้ปลอม,99.00,6,594.00,บริษัท กาญจนบุรีค้าส่ง จำกัด(สำนักงานใหญ่),060/2988,,เก0016,ชิ้น,วัสดุการเกษตร,2025-10
29/10/2025,ดอกไม้ปลอม,60.00,16,960.00,บริษัท กาญจนบุรีค้าส่ง จำกัด(สำนักงานใหญ่),060/2988,,เก0016,ชิ้น,วัสดุการเกษตร,2025-10
29/10/2025,ปลั๊กราง ยาว 10 เมตร,495.00,2,990.00,หจก.อักษรภัณฑ์กาญจนบุรี (สำนักงานใหญ่),100/4955,,ฟ0077,อัน,ไฟฟ้า,2025-10
29/10/2025,ปลั๊กราง ยาว 3 เมตร,350.00,2,700.00,หจก.อักษรภัณฑ์กาญจนบุรี (สำนักงานใหญ่),100/4955,,ฟ0078,อัน,ไฟฟ้า,2025-10
29/10/2025,กระดาษ A4 80 แกรม (สีขาว),130.00,85,"11,050.00",หจก.อักษรภัณฑ์กาญจนบุรี (สำนักงานใหญ่),100/4957,,ส0009,รีม,สำนักงาน,2025-10
29/10/2025,กระดาษ A4 80 แกรม (ทุกสี),240.00,3,720.00,หจก.อักษรภัณฑ์กาญจนบุรี (สำนักงานใหญ่),100/4957,,ส0008,รีม,สำนักงาน,2025-10
29/10/2025,กระดาษ A5 80 แกรม (ใบสั่งยา),85.00,4,340.00,หจก.อักษรภัณฑ์กาญจนบุรี (สำนักงานใหญ่),100/4957,,ส0013,รีม,สำนักงาน,2025-10
29/10/2025,กระดาษกาวย่น 1 นิ้ว,38.00,2,76.00,หจก.อักษรภัณฑ์กาญจนบุรี (สำนักงานใหญ่),100/4957,,ส0015,ม้วน,สำนักงาน,2025-10
29/10/2025,ปากกาเขียนครุภัณฑ์,65.00,1,65.00,หจก.อักษรภัณฑ์กาญจนบุรี (สำนักงานใหญ่),100/4957,,ส0124,ด้าม,สำนักงาน,2025-10
29/10/2025,ปากกาเขียนครุภัณฑ์ใหญ่,55.00,2,110.00,หจก.อักษรภัณฑ์กาญจนบุรี (สำนักงานใหญ่),100/4957,,ส0210,เเท่ง,สำนักงาน,2025-10
29/10/2025,ไส้แฟ้มสอด A4,25.00,3,75.00,หจก.อักษรภัณฑ์กาญจนบุรี (สำนักงานใหญ่),100/4957,,ส0200,แพ็ค,สำนักงาน,2025-10
29/10/2025,ลูกแม็กซ์ เบอร์ 3,25.00,8,200.00,หจก.อักษรภัณฑ์กาญจนบุรี (สำนักงานใหญ่),100/4957,,ส0174,กล่อง,สำนักงาน,2025-10
29/10/2025,ลูกแม็กซ์ เบอร์ 10,15.00,24,360.00,หจก.อักษรภัณฑ์กาญจนบุรี (สำนักงานใหญ่),100/4957,,ส0173,กล่อง,สำนักงาน,2025-10
29/10/2025,กรรไกร,85.00,3,255.00,หจก.อักษรภัณฑ์กาญจนบุรี (สำนักงานใหญ่),100/4957,,ส0002,เล่ม,สำนักงาน,2025-10
29/10/2025,สมุดลงเวลาปฏิบัติงาน,95.00,6,570.00,หจก.อักษรภัณฑ์กาญจนบุรี (สำนักงานใหญ่),100/4957,,ส0193,เล่ม,สำนักงาน,2025-10
29/10/2025,กาว 2 หน้า บาง,20.00,2,40.00,หจก.อักษรภัณฑ์กาญจนบุรี (สำนักงานใหญ่),100/4957,,ส0043,ม้วน,สำนักงาน,2025-10
29/10/2025,กาว 2 หน้า หนา,275.00,9,"2,475.00",หจก.อักษรภัณฑ์กาญจนบุรี (สำนักงานใหญ่),100/4957,,ส0044,ม้วน,สำนักงาน,2025-10
29/10/2025,"ปากกาเคมี 2 หัว ( ดำ,แดง,น้ำเงิน )",15.00,7,105.00,หจก.อักษรภัณฑ์กาญจนบุรี (สำนักงานใหญ่),100/4957,,ส0125,ด้าม,สำนักงาน,2025-10
29/10/2025,มีดคัทเตอร์ ใหญ่,65.00,2,130.00,หจก.อักษรภัณฑ์กาญจนบุรี (สำนักงานใหญ่),100/4957,,ส0162,เล่ม,สำนักงาน,2025-10
29/10/2025,คลิบหนีบ 2 ขา สีดำ เบอร์ 111,35.00,20,700.00,หจก.อักษรภัณฑ์กาญจนบุรี (สำนักงานใหญ่),100/4957,,ส0058,กล่อง,สำนักงาน,2025-10
29/10/2025,แลคซีน 1 นิ้ว,38.00,3,114.00,หจก.อักษรภัณฑ์กาญจนบุรี (สำนักงานใหญ่),100/4957,,ส0178,ม้วน,สำนักงาน,2025-10
29/10/2025,แลคซีน 2 นิ้ว,75.00,5,375.00,หจก.อักษรภัณฑ์กาญจนบุรี (สำนักงานใหญ่),100/4957,,ส0177,ม้วน,สำนักงาน,2025-10
29/10/2025,ยางลบ,6.00,4,24.00,หจก.อักษรภัณฑ์กาญจนบุรี (สำนักงานใหญ่),100/4958,,ส0168,ก้อน,สำนักงาน,2025-10
29/10/2025,ซองขาว,1.00,162,162.00,หจก.อักษรภัณฑ์กาญจนบุรี (สำนักงานใหญ่),100/4958,,ส0069,ซอง,สำนักงาน,2025-10
29/10/2025,ซองน้ำตาล A4 (ขยายข้าง),5.00,12,60.00,หจก.อักษรภัณฑ์กาญจนบุรี (สำนักงานใหญ่),100/4958,,ส0070,ซอง,สำนักงาน,2025-10
29/10/2025,ซองน้ำตาล A4 (ไม่ขยายข้าง),5.00,46,230.00,หจก.อักษรภัณฑ์กาญจนบุรี (สำนักงานใหญ่),100/4958,,ส0071,ซอง,สำนักงาน,2025-10
29/10/2025,เทปใส 3/4 นิ้ว,30.00,23,690.00,หจก.อักษรภัณฑ์กาญจนบุรี (สำนักงานใหญ่),100/4958,,ส0097,ม้วน,สำนักงาน,2025-10
29/10/2025,เทปใส 1 นิ้ว,40.00,8,320.00,หจก.อักษรภัณฑ์กาญจนบุรี (สำนักงานใหญ่),100/4958,,ส0095,ม้วน,สำนักงาน,2025-10
29/10/2025,นาฬิกาแขวน,395.00,3,"1,185.00",หจก.อักษรภัณฑ์กาญจนบุรี (สำนักงานใหญ่),100/4958,,ส0109,เรือน,สำนักงาน,2025-10
29/10/2025,ที่ดึงลูกแม็กซ์,75.00,2,150.00,หจก.อักษรภัณฑ์กาญจนบุรี (สำนักงานใหญ่),100/4958,,ส0090,อัน,สำนักงาน,2025-10
29/10/2025,ลูกแมกซ์ T-10,50.00,3,150.00,หจก.อักษรภัณฑ์กาญจนบุรี (สำนักงานใหญ่),100/4958,,ส0175,กล่อง,สำนักงาน,2025-10
29/10/2025,ลูกแม็กซ์ 23/8,55.00,2,110.00,หจก.อักษรภัณฑ์กาญจนบุรี (สำนักงานใหญ่),100/4958,,ส0211,กล่อง,สำนักงาน,2025-10
29/10/2025,กาวUHU,75.00,3,225.00,หจก.อักษรภัณฑ์กาญจนบุรี (สำนักงานใหญ่),100/4958,,ส0045,หลอด,สำนักงาน,2025-10
29/10/2025,พลาสติกเคลือบบัตร (A4),550.00,2,"1,100.00",หจก.อักษรภัณฑ์กาญจนบุรี (สำนักงานใหญ่),100/4958,,ส0140,แพ็ค,สำนักงาน,2025-10
29/10/2025,สมุดเบอร์ 2,40.00,10,400.00,หจก.อักษรภัณฑ์กาญจนบุรี (สำนักงานใหญ่),100/4958,,ส0191,เล่ม,สำนักงาน,2025-10
29/10/2025,แปรงลบกระดาน,20.00,1,20.00,หจก.อักษรภัณฑ์กาญจนบุรี (สำนักงานใหญ่),100/4958,,ส0132,อัน,สำนักงาน,2025-10
29/10/2025,ปกใส A4,250.00,1,250.00,หจก.อักษรภัณฑ์กาญจนบุรี (สำนักงานใหญ่),100/4958,,ส0212,แพ็ค,สำนักงาน,2025-10
29/10/2025,แผ่นรองตัด A3 สีเขียว,195.00,1,195.00,หจก.อักษรภัณฑ์กาญจนบุรี (สำนักงานใหญ่),100/4958,,ส0134,แผ่น,สำนักงาน,2025-10
29/10/2025,ไม้บรรทัด (เหล็กยาว 1 ฟุต),32.00,2,64.00,หจก.อักษรภัณฑ์กาญจนบุรี (สำนักงานใหญ่),100/4958,,ส0167,อัน,สำนักงาน,2025-10
29/10/2025,"ปากกาไวท์บอร์ด ( ดำ,แดง,น้ำเงิน )",22.00,16,352.00,หจก.อักษรภัณฑ์กาญจนบุรี (สำนักงานใหญ่),100/4959,,ส0128,ด้าม,สำนักงาน,2025-10
29/10/2025,กระดานไวท์บอร์ด (60*90 ซม.),375.00,1,375.00,หจก.อักษรภัณฑ์กาญจนบุรี (สำนักงานใหญ่),100/4959,,ส0007,อัน,สำนักงาน,2025-10
29/10/2025,แฟ้มห่วง 2 นิ้ว,75.00,2,150.00,หจก.อักษรภัณฑ์กาญจนบุรี (สำนักงานใหญ่),100/4959,,ส0157,แฟ้ม,สำนักงาน,2025-10
29/10/2025,ใบมีดคัตเตอร์,25.00,1,25.00,หจก.อักษรภัณฑ์กาญจนบุรี (สำนักงานใหญ่),100/4959,,ก0128,ใบ,วัสดุก่อสร้าง,2025-10
29/10/2025,โพสอิท (สติ๊กเกอร์โน๊ต) ชิ้นเล็ก ๆ,39.00,5,195.00,หจก.อักษรภัณฑ์กาญจนบุรี (สำนักงานใหญ่),100/4959,,ส0146,แพ็ค,สำนักงาน,2025-10
29/10/2025,แลคซีน 1.5 นิ้ว,55.00,3,165.00,หจก.อักษรภัณฑ์กาญจนบุรี (สำนักงานใหญ่),100/4959,,ส0176,ม้วน,สำนักงาน,2025-10
29/10/2025,กระดาษสติ๊กเกอร์ A4,145.00,1,145.00,หจก.อักษรภัณฑ์กาญจนบุรี (สำนักงานใหญ่),100/4959,,ส0030,แพ็ค,สำนักงาน,2025-10
29/10/2025,ปากกาลบคำผิดแบบเทป,59.00,15,885.00,หจก.อักษรภัณฑ์กาญจนบุรี (สำนักงานใหญ่),100/4959,,ส0127,อัน,สำนักงาน,2025-10
29/10/2025,อะไหล่ตรายางวันที่,100.00,2,200.00,หจก.อักษรภัณฑ์กาญจนบุรี (สำนักงานใหญ่),100/4959,,ส0207,อัน,สำนักงาน,2025-10
29/10/2025,ธงชาติ ขนาด 60*90 ซม.,40.00,24,960.00,หจก.อักษรภัณฑ์กาญจนบุรี (สำนักงานใหญ่),100/4959,,ส0107,ผืน,สำนักงาน,2025-10
29/10/2025,ธง ร.10 ขนาด 60*90 ซม.,50.00,24,"1,200.00",หจก.อักษรภัณฑ์กาญจนบุรี (สำนักงานใหญ่),100/4959,,ส0102,ผืน,สำนักงาน,2025-10
29/10/2025,หมึกเครื่องถ่ายเอกสาร Canon NPG-95 BK,"2,750.00",2,"5,500.00",ห้างหุ้นส่วนจำกัดก๊อปปี้เซ็นเตอร์วิส เทรดดิ้ง(สำนักงานใหญ่),17/00072,,ส0202,หลอด,สำนักงาน,2025-10
29/10/2025,กระดาษชำระม้วนใหญ่,107.00,80,"8,560.00",ห้างหุ้นส่วนจำกัด พงษ์ไพบูลย์ ดิสทริบิวชั่น(สำนักงานใหญ่),IV0096730,,ง0007,ม้วน,งานบ้านงานครัว,2025-10
29/10/2025,กระดาษเช็ดมือ,61.97,118,"7,312.46",ห้างหุ้นส่วนจำกัด พงษ์ไพบูลย์ ดิสทริบิวชั่น(สำนักงานใหญ่),IV0096730,,ง0008,ห่อ,งานบ้านงานครัว,2025-10
29/10/2025,กระดาษเช็ดมือ,62.02,2,124.04,ห้างหุ้นส่วนจำกัด พงษ์ไพบูลย์ ดิสทริบิวชั่น(สำนักงานใหญ่),IV0096730,,ง0008,ห่อ,งานบ้านงานครัว,2025-10
29/10/2025,ดอกไม้ปลอม,65.97,1,65.97,บริษัท กาญจนบุรีค้าส่ง จำกัด(สำนักงานใหญ่),060/2988,,เก0016,ชิ้น,วัสดุการเกษตร,2025-10
7/11/2025,สติ๊กเกอร์สำหรับพิมพ์ วันอายุ ขนาด 4.8*8.16 ซม.,475.00,50,"23,750.00",ห้างหุ้นส่วนจำกัด ภาสิน(สำนักงานใหญ่),64121,,ส0188,ดวง,สำนักงาน,2025-11
7/11/2025,น้ำยาล้างเครื่องมือแพทย์,"4,044.60",10,"40,446.00",บริษัท เคมเทค เฮลท์แคร์ จำกัด,25111521,,ง0239,แกลลอน,งานบ้านงานครัว,2025-11
7/11/2025,สารกรองน้ำ คาร์บอน,100.00,100,"10,000.00",เน็กวอเตอร์อิเล้กทรอนิกส์ เซอร์วิส,1/32,,ป0062,ชุด,ประปา,2025-11
7/11/2025,ไส้กรอง MB 50 กรัม,"2,180.00",4,"8,720.00",เน็กวอเตอร์อิเล้กทรอนิกส์ เซอร์วิส,1/32,,ป0065,ชุด,ประปา,2025-11
7/11/2025,ไส้กรองน้ำ R/020 นิ้ว,"2,480.00",1,"2,480.00",เน็กวอเตอร์อิเล้กทรอนิกส์ เซอร์วิส,1/32,,ป0071,ชุด,ประปา,2025-11
7/11/2025,ไส้กรอง R/0 ขนาด 10 นิ้ว,"1,680.00",1,"1,680.00",เน็กวอเตอร์อิเล้กทรอนิกส์ เซอร์วิส,1/32,,ป0067,ชุด,ประปา,2025-11
10/11/2025,ผ้าปูเตียงตรวจรัดมุมสีชมพู,640.00,30,"19,200.00",บริษัท เอพี เมดิโคลท จำกัด (สำนักงานใหญ่),65/306,,ง0224,ผืน,งานบ้านงานครัว,2025-11
10/11/2025,ปลอกหมอนเตียงตรวจสีชมพู,220.00,48,"10,560.00",บริษัท เอพี เมดิโคลท จำกัด (สำนักงานใหญ่),65/306,,ง0225,ผืน,งานบ้านงานครัว,2025-11
10/11/2025,ผ้าคลุมตรวจสีชมพู,300.00,50,"15,000.00",บริษัท เอพี เมดิโคลท จำกัด (สำนักงานใหญ่),65/306,,ง0226,ผืน,งานบ้านงานครัว,2025-11
10/11/2025,ผ้าขวางเตียงตรวจสีชมพู,280.00,100,"28,000.00",บริษัท เอพี เมดิโคลท จำกัด (สำนักงานใหญ่),65/306,,ง0227,ผืน,งานบ้านงานครัว,2025-11
10/11/2025,ผ้าขวางเตียงคลอด,280.00,35,"9,800.00",บริษัท เอพี เมดิโคลท จำกัด (สำนักงานใหญ่),65/306,,ง0228,ผืน,งานบ้านงานครัว,2025-11
10/11/2025,ผ้าขนหนููขนาด 35*70 ซม.,150.00,60,"9,000.00",บริษัท เอพี เมดิโคลท จำกัด (สำนักงานใหญ่),65/306,,ง0229,ผืน,งานบ้านงานครัว,2025-11
10/11/2025,ผ้าสี่เหลี่ยม 2 ชั้น ขนาด 14*14 นิ้ว,300.00,140,"42,000.00",บริษัท เอพี เมดิโคลท จำกัด (สำนักงานใหญ่),65/306,,ง0165,ผืน,งานบ้านงานครัว,2025-11
10/11/2025,ผ้าสี่เหลี่ยม 2 ชั้น ขนาด 16*16 นิ้ว,320.00,100,"32,000.00",บริษัท เอพี เมดิโคลท จำกัด (สำนักงานใหญ่),65/306,,ง0166,ผืน,งานบ้านงานครัว,2025-11
10/11/2025,ผ้าสี่เหลี่ยม 2 ชั้น ขนาด 20*20 นิ้ว,340.00,100,"34,000.00",บริษัท เอพี เมดิโคลท จำกัด (สำนักงานใหญ่),65/306,,ง0167,ผืน,งานบ้านงานครัว,2025-11
10/11/2025,ผ้ารองคลอดสีชมพู 2 ชั้น 44*44 ซม.,620.00,60,"37,200.00",บริษัท เอพี เมดิโคลท จำกัด (สำนักงานใหญ่),65/306,,ง0230,ผืน,งานบ้านงานครัว,2025-11
10/11/2025,เสื้อผู้ป่วยสีเทา(ต),400.00,60,"24,000.00",บริษัท เอพี เมดิโคลท จำกัด (สำนักงานใหญ่),65/305,,  ต0021,ตัว,วัสดุเครื่องแต่งกาย,2025-11
10/11/2025,ผ้าถุงผู้ป่วยสีเทา(ต),360.00,50,"18,000.00",บริษัท เอพี เมดิโคลท จำกัด (สำนักงานใหญ่),65/305,,ต0022,ผืน,วัสดุเครื่องแต่งกาย,2025-11
10/11/2025,เสื้อผู้ป่วยคลอดขนาดใหญ่(ต),420.00,25,"10,500.00",บริษัท เอพี เมดิโคลท จำกัด (สำนักงานใหญ่),65/305,,ต0023,ตัว,วัสดุเครื่องแต่งกาย,2025-11
10/11/2025,เสื้อผู้ป่วยคลอดขนาดปกติ(ต),400.00,25,"10,000.00",บริษัท เอพี เมดิโคลท จำกัด (สำนักงานใหญ่),65/305,,ต0024,ตัว,วัสดุเครื่องแต่งกาย,2025-11
10/11/2025,ผ้าถุงผู้ป่วยคลอด(ต),360.00,33,"11,880.00",บริษัท เอพี เมดิโคลท จำกัด (สำนักงานใหญ่),65/305,,ต0025,ผืน,วัสดุเครื่องแต่งกาย,2025-11
10/11/2025,ชุดพนักงาน(ต),"1,100.00",10,"11,000.00",บริษัท เอพี เมดิโคลท จำกัด (สำนักงานใหญ่),65/305,,ต0026,ชุด,วัสดุเครื่องแต่งกาย,2025-11
10/11/2025,ถุงขยะสีดำ ขนาด 28*36 นิ้ว,60.00,200,"12,000.00",หจก.ที.ซี.เอ็ม อินเตอร์เทรด(1997),IV68107119,,ง0070,แพ็ค,งานบ้านงานครัว,2025-11
10/11/2025,ถุงขยะสีดำ ขนาด 40*40 นิ้ว,60.00,200,"12,000.00",หจก.ที.ซี.เอ็ม อินเตอร์เทรด(1997),IV68107119,,ง0071,แพ็ค,งานบ้านงานครัว,2025-11
10/11/2025,ถุงซิปใส ขนาด 15*23 ซม.,162.00,50,"8,100.00",หจก.ที.ซี.เอ็ม อินเตอร์เทรด(1997),IV68107119,,ย0005,กก.,วัสดุอื่น(ซองยา),2025-11
10/11/2025,ถุงซิปใส ขนาด 10*15 ซม.,145.00,100,"14,500.00",หจก.ที.ซี.เอ็ม อินเตอร์เทรด(1997),IV68107119,,ย0003,กก.,วัสดุอื่น(ซองยา),2025-11
10/11/2025,ถุงซิปใส ขนาด 13*20 ซม.,145.00,100,"14,500.00",หจก.ที.ซี.เอ็ม อินเตอร์เทรด(1997),IV68107119,,ย0004,กก.,วัสดุอื่น(ซองยา),2025-11
10/11/2025,สติ๊กเกอร์ไดเร็คเทอมอล 8.5*6 ซม.(เภสัช),0.28,200000,"56,000.00",หจก.ที.ซี.เอ็ม อินเตอร์เทรด(1997),IV68107118,,ส0183,ลัง,สำนักงาน,2025-11
14/11/2025,น้ำมันเครื่อง ไดเกียว 2T 1ลิตร,130.00,6,780.00,โชตินันท์ การเกษตร,103/05129,,เก0030,ชิ้น,วัสดุการเกษตร,2025-11
11/11/2025,โคมซาลาเปา,334.91,20,"6,698.20",บริษัท ทัศศิพรเอ็นเทอไพรซ์ จำกัด,IV0011402,,ฟ0155,ชุด,ไฟฟ้า,2025-11
11/11/2025,หลอด LED,203.30,60,"12,198.00",บริษัท ทัศศิพรเอ็นเทอไพรซ์ จำกัด,IV0011402,,ฟ0144,หลอด,ไฟฟ้า,2025-11
3/11/2025,น้ำมันดีเซล,31.29,1778.94,"55,663.00",บริษัท แอล อาร์ เซอร์วิส จำกัด,68/10-002,,ช0001,ลิตร,เชื้อเพลิง,2025-11
3/11/2025,น้ำมันเบนซิน,32.10,80.00,"2,568.00",บริษัท แอล อาร์ เซอร์วิส จำกัด,68/10-002,,ช0002,ลิตร,เชื้อเพลิง,2025-11
19/11/2025,แก๊สหุงต้ม ขนาด 48 กก.,"1,356.00",4,"5,424.00",บริษัท ธนกาญจน์แก๊ส จำกัด,167/8328,,ง0023,ถัง,งานบ้านงานครัว,2025-11
24/11/2025,"สเปรย์ฉีดแมลง,ยุง",109.00,10,"1,090.00",วังโพธิ์พาณิชย์,5/29,,ง0206,กระป๋อง,งานบ้านงานครัว,2025-11
24/11/2025,สเปรย์ปรับอากาศ-ดับกลิ่น,125.00,6,750.00,วังโพธิ์พาณิชย์,5/29,,ง0207,กระป๋อง,งานบ้านงานครัว,2025-11
24/11/2025,น้ำยาโซแนค,100.00,1,100.00,วังโพธิ์พาณิชย์,5/29,,ง0126,กระป๋อง,งานบ้านงานครัว,2025-11
24/11/2025,ไฟฉายแบบชาร์จ,175.00,2,350.00,วังโพธิ์พาณิชย์,5/29,,ง0182,กระบอก,งานบ้านงานครัว,2025-11
24/11/2025,ไม้ถูพื้นพร้อมผ้า,100.00,1,100.00,วังโพธิ์พาณิชย์,5/29,,ง0190,อัน,งานบ้านงานครัว,2025-11
24/11/2025,ฟองน้ำพร้อมสก็อตไบรท์,20.00,12,240.00,วังโพธิ์พาณิชย์,5/29,,ง0179,แผ่น,งานบ้านงานครัว,2025-11
24/11/2025,แปรงล้างขวดนม,35.00,6,210.00,วังโพธิ์พาณิชย์,5/29,,ง0146,ด้าม,งานบ้านงานครัว,2025-11
24/11/2025,ฝอยเหล็ก,25.00,12,300.00,วังโพธิ์พาณิชย์,5/29,,ง0175,ก้อน,งานบ้านงานครัว,2025-11
24/11/2025,ไม้กวาดอ่อน,50.00,2,100.00,วังโพธิ์พาณิชย์,5/29,,ง0187,อัน,งานบ้านงานครัว,2025-11
24/11/2025,ไม้กวาดแข็ง,50.00,6,300.00,วังโพธิ์พาณิชย์,5/29,,ง0185,อัน,งานบ้านงานครัว,2025-11
24/11/2025,ถังม็อบ (ซักผ้าถูพื้น),600.00,2,"1,200.00",วังโพธิ์พาณิชย์,5/29,,ง0058,ใบ,งานบ้านงานครัว,2025-11
24/11/2025,เจลก้อนหอม,100.00,6,600.00,วังโพธิ์พาณิชย์,5/30,,ง0016,ก้อน,งานบ้านงานครัว,2025-11
24/11/2025,ถ่าน ขนาด AA (อัลคาไลน์),25.00,60,"1,500.00",วังโพธิ์พาณิชย์,5/30,,ง0064,ก้อน,งานบ้านงานครัว,2025-11
24/11/2025,ถ่าน ขนาด AAA (อัลคาไลน์),25.00,48,"1,200.00",วังโพธิ์พาณิชย์,5/30,,ง0065,ก้อน,งานบ้านงานครัว,2025-11
24/11/2025,ฟองน้ำเอนกประสงค์,5.00,100,500.00,วังโพธิ์พาณิชย์,5/30,,ง0181,แผ่น,งานบ้านงานครัว,2025-11
24/11/2025,เชือกฟาง,40.00,7,280.00,วังโพธิ์พาณิชย์,5/30,,ง0042,ม้วน,งานบ้านงานครัว,2025-11
24/11/2025,ผงซักฟอก ,175.00,6,"1,050.00",วังโพธิ์พาณิชย์,5/30,,ง0148,ถุง,งานบ้านงานครัว,2025-11
24/11/2025,ยางวง,80.00,4,320.00,วังโพธิ์พาณิชย์,5/30,,ง0197,ถุง,งานบ้านงานครัว,2025-11
24/11/2025,เข็มหมุด สนง.,90.00,3,270.00,วังโพธิ์พาณิชย์,5/31,,ส0052,กล่อง,สำนักงาน,2025-11
24/11/2025,เชือกมัดกล่องพัสดุ,10.00,12,120.00,วังโพธิ์พาณิชย์,5/31,,ส0067,ขด,สำนักงาน,2025-11
24/11/2025,ปลั๊กราง ยาว 10 เมตร,495.00,5,"2,475.00",หจก.อักษรภัณฑ์กาญจนบุรี (สำนักงานใหญ่),004/0173,,ฟ0077,อัน,ไฟฟ้า,2025-11
24/11/2025,น้ำยาล้างรถ (บรรจุ 20 ลิตร),802.50,2,"1,605.00",ห้างหุ้นส่วนจำกัด ปัญยวีร์ เทรดดิ้ง,681116,,ง0136,แกลลอน,งานบ้านงานครัว,2025-11
24/11/2025,กระดาษ A4 80 แกรม (สีขาว),130.00,90,"11,700.00",หจก.อักษรภัณฑ์กาญจนบุรี (สำนักงานใหญ่),004/0170,,ส0009,รีม,สำนักงาน,2025-11
24/11/2025,กระดาษกาวย่น 1 นิ้ว,38.00,12,456.00,หจก.อักษรภัณฑ์กาญจนบุรี (สำนักงานใหญ่),004/0170,,ส0015,ม้วน,สำนักงาน,2025-11
24/11/2025,กาวแท่งใส่ปืนยิงกาว,295.00,1,295.00,หจก.อักษรภัณฑ์กาญจนบุรี (สำนักงานใหญ่),004/0170,,ส0047,ห่อ,สำนักงาน,2025-11
24/11/2025,สติ๊กเกอร์ทำขอบ,20.00,3,60.00,หจก.อักษรภัณฑ์กาญจนบุรี (สำนักงานใหญ่),004/0170,,ส0184,ม้วน,สำนักงาน,2025-11
24/11/2025,ลูกแม็กซ์ เบอร์ 10,15.00,10,150.00,หจก.อักษรภัณฑ์กาญจนบุรี (สำนักงานใหญ่),004/0170,,ส0173,กล่อง,สำนักงาน,2025-11
24/11/2025,กรรไกร,85.00,7,595.00,หจก.อักษรภัณฑ์กาญจนบุรี (สำนักงานใหญ่),004/0170,,ส0002,เล่ม,สำนักงาน,2025-11
24/11/2025,กาว 2 หน้า บาง,20.00,1,20.00,หจก.อักษรภัณฑ์กาญจนบุรี (สำนักงานใหญ่),004/0170,,ส0043,ม้วน,สำนักงาน,2025-11
24/11/2025,กาว 2 หน้า หนา,275.00,1,275.00,หจก.อักษรภัณฑ์กาญจนบุรี (สำนักงานใหญ่),004/0170,,ส0044,ม้วน,สำนักงาน,2025-11
24/11/2025,"ปากกาเคมี 2 หัว ( ดำ,แดง,น้ำเงิน )",15.00,19,285.00,หจก.อักษรภัณฑ์กาญจนบุรี (สำนักงานใหญ่),004/0170,,ส0125,ด้าม,สำนักงาน,2025-11
24/11/2025,ลวดเสียบกระดาษ,12.00,22,264.00,หจก.อักษรภัณฑ์กาญจนบุรี (สำนักงานใหญ่),004/0170,,ส0171,กล่อง,สำนักงาน,2025-11
24/11/2025,คลิบหนีบ 2 ขา สีดำ เบอร์ 110,45.00,14,630.00,หจก.อักษรภัณฑ์กาญจนบุรี (สำนักงานใหญ่),004/0170,,ส0057,กล่อง,สำนักงาน,2025-11
24/11/2025,คลิบหนีบ 2 ขา สีดำ เบอร์ 111,35.00,3,105.00,หจก.อักษรภัณฑ์กาญจนบุรี (สำนักงานใหญ่),004/0170,,ส0058,กล่อง,สำนักงาน,2025-11
24/11/2025,ปากกาเขียน CD,25.00,5,125.00,หจก.อักษรภัณฑ์กาญจนบุรี (สำนักงานใหญ่),004/0170,,ส0123,ด้าม,สำนักงาน,2025-11
24/11/2025,แลคซีน 2 นิ้ว,75.00,5,375.00,หจก.อักษรภัณฑ์กาญจนบุรี (สำนักงานใหญ่),004/0170,,ส0177,ม้วน,สำนักงาน,2025-11
24/11/2025,ดินสอ,3.00,2,6.00,หจก.อักษรภัณฑ์กาญจนบุรี (สำนักงานใหญ่),004/0170,,ส0075,แท่ง,สำนักงาน,2025-11
24/11/2025,ซองขาว,1.00,110,110.00,หจก.อักษรภัณฑ์กาญจนบุรี (สำนักงานใหญ่),004/0170,,ส0069,ซอง,สำนักงาน,2025-11
24/11/2025,ซองน้ำตาล A4 (ขยายข้าง),5.00,30,150.00,หจก.อักษรภัณฑ์กาญจนบุรี (สำนักงานใหญ่),004/0170,,ส0070,ซอง,สำนักงาน,2025-11
24/11/2025,ซองน้ำตาล A4 (ไม่ขยายข้าง),5.00,50,250.00,หจก.อักษรภัณฑ์กาญจนบุรี (สำนักงานใหญ่),004/0170,,ส0071,ซอง,สำนักงาน,2025-11
24/11/2025,ที่ดึงลูกแม็กซ์,75.00,2,150.00,หจก.อักษรภัณฑ์กาญจนบุรี (สำนักงานใหญ่),004/0171,,ส0090,อัน,สำนักงาน,2025-11
24/11/2025,กระดาษกาวปิดลังพัสดุ,25.00,3,75.00,หจก.อักษรภัณฑ์กาญจนบุรี (สำนักงานใหญ่),004/0171,,ส0014,ม้วน,สำนักงาน,2025-11
24/11/2025,แผ่นอคีลิค 1*2 ฟุต (ทุกสี),150.00,10,"1,500.00",หจก.อักษรภัณฑ์กาญจนบุรี (สำนักงานใหญ่),004/0171,,ส0136,แผ่น,สำนักงาน,2025-11
24/11/2025,แฟ้มเสนอเซ็นต์,195.00,4,780.00,หจก.อักษรภัณฑ์กาญจนบุรี (สำนักงานใหญ่),004/0171,,ส0155,แฟ้ม,สำนักงาน,2025-11
24/11/2025,กาวUHU,75.00,2,150.00,หจก.อักษรภัณฑ์กาญจนบุรี (สำนักงานใหญ่),004/0171,,ส0045,หลอด,สำนักงาน,2025-11
24/11/2025,สมุดเบอร์ 2,60.00,5,300.00,หจก.อักษรภัณฑ์กาญจนบุรี (สำนักงานใหญ่),004/0171,,ส0191,เล่ม,สำนักงาน,2025-11
24/11/2025,แฟ้มห่วง 3 นิ้ว,75.00,6,450.00,หจก.อักษรภัณฑ์กาญจนบุรี (สำนักงานใหญ่),004/0171,,ส0158,แฟ้ม,สำนักงาน,2025-11
24/11/2025,แฟ้มห่วง 2 นิ้ว,75.00,1,75.00,หจก.อักษรภัณฑ์กาญจนบุรี (สำนักงานใหญ่),004/0171,,ส0157,แฟ้ม,สำนักงาน,2025-11
24/11/2025,แฟ้มห่วง 1 นิ้ว,65.00,6,390.00,หจก.อักษรภัณฑ์กาญจนบุรี (สำนักงานใหญ่),004/0171,,ส0156,แฟ้ม,สำนักงาน,2025-11
24/11/2025,กระดาษโฟโต้ A4,195.00,1,195.00,หจก.อักษรภัณฑ์กาญจนบุรี (สำนักงานใหญ่),004/0171,,ส0028,แพ็ค,สำนักงาน,2025-11
24/11/2025,โพสอิท (สติ๊กเกอร์โน๊ต) สี่เหลี่ยม,39.00,5,195.00,หจก.อักษรภัณฑ์กาญจนบุรี (สำนักงานใหญ่),004/0171,,ส0147,แพ็ค,สำนักงาน,2025-11
24/11/2025,โพสอิท (สติ๊กเกอร์โน๊ต) ชิ้นเล็ก ๆ,39.00,3,117.00,หจก.อักษรภัณฑ์กาญจนบุรี (สำนักงานใหญ่),004/0171,,ส0146,แพ็ค,สำนักงาน,2025-11
24/11/2025,แปรงลบกระดาน,20.00,1,20.00,หจก.อักษรภัณฑ์กาญจนบุรี (สำนักงานใหญ่),004/0171,,ส0132,อัน,สำนักงาน,2025-11
24/11/2025,"ปากกาไวท์บอร์ด ( ดำ,แดง,น้ำเงิน )",22.00,6,132.00,หจก.อักษรภัณฑ์กาญจนบุรี (สำนักงานใหญ่),004/0171,,ส0128,ด้าม,สำนักงาน,2025-11
24/11/2025,"สติ๊กเกอร์ สี,ใส(ขนาดใหญ่กว่า A4)",20.00,5,100.00,หจก.อักษรภัณฑ์กาญจนบุรี (สำนักงานใหญ่),004/0171,,ส0179,แผ่น,สำนักงาน,2025-11
24/11/2025,ปากกาลบคำผิดแบบเทป,59.00,10,590.00,หจก.อักษรภัณฑ์กาญจนบุรี (สำนักงานใหญ่),004/0171,,ส0127,อัน,สำนักงาน,2025-11
24/11/2025,กระดาษ A4 180 แกรม (ทุกสี),135.00,6,810.00,หจก.อักษรภัณฑ์กาญจนบุรี (สำนักงานใหญ่),004/0171,,ส0012,รีม,สำนักงาน,2025-11
24/11/2025,"สติ๊กเกอร์ สี,ใส(ขนาดใหญ่กว่า A4)",35.00,10,350.00,หจก.อักษรภัณฑ์กาญจนบุรี (สำนักงานใหญ่),004/0171,,ส0179,แผ่น,สำนักงาน,2025-11
24/11/2025,คลิบหนีบ 2 ขา สีดำ เบอร์ 112,23.00,24,552.00,หจก.อักษรภัณฑ์กาญจนบุรี (สำนักงานใหญ่),004/0172,,ส0059,กล่อง,สำนักงาน,2025-11
24/11/2025,นาฬิกาแขวน,"1,350.00",1,"1,350.00",หจก.อักษรภัณฑ์กาญจนบุรี (สำนักงานใหญ่),004/0172,,ส0109,เรือน,สำนักงาน,2025-11
24/11/2025,เครื่องทองน้อย,"1,150.00",1,"1,150.00",หจก.อักษรภัณฑ์กาญจนบุรี (สำนักงานใหญ่),004/0172,,ส0213,ชุด,สำนักงาน,2025-11
24/11/2025,ภาพพระบรมฉายาลักษณ์พระพันปีหลวง,65.00,1,65.00,หจก.อักษรภัณฑ์กาญจนบุรี (สำนักงานใหญ่),004/0172,,ส0214,รูป,สำนักงาน,2025-11
24/11/2025,ใบปัดน้ำฝนหน้า,500.00,9,"4,500.00",หจก.กาญจนบุรีแอร์ แอนด์ ซาวด์ ,37/1824,,ง0240,คู่,งานบ้านงานครัว,2025-11
24/11/2025,ใบปัดน้ำฝนหลัง,350.00,4,"1,400.00",หจก.กาญจนบุรีแอร์ แอนด์ ซาวด์ ,37/1824,,ง0241,อัน,งานบ้านงานครัว,2025-11
10/11/2025,มิเตอร์น้ำ,520.00,4,"2,080.00", บริษัท ศศิศรัณย์วัสดุก่อสร้าง จำกัด (สำนักงานใหญ่),INV-251110013,,ป0040,อัน,ประปา,2025-11
10/11/2025,เทปพันเกลียว,20.00,3,60.00, บริษัท ศศิศรัณย์วัสดุก่อสร้าง จำกัด (สำนักงานใหญ่),INV-251110013,,ก0107,ม้วน,วัสดุก่อสร้าง,2025-11
20/11/2025,External HDD 2.5 1 TB,"2,590.00",1,"2,590.00",ห้างหุ้นส่วนจำกัด ฟรีดอมเทค คอมพิวเตอร์,IV681103,,ค0065,ชิ้น,คอมพิวเตอร์,2025-11
20/11/2025,USB Flash Drive 64GB,190.00,2,380.00,ห้างหุ้นส่วนจำกัด ฟรีดอมเทค คอมพิวเตอร์,IV681103,,ค0005,ชิ้น,คอมพิวเตอร์,2025-11
20/11/2025,USB Flash Drive 256GB,690.00,2,"1,380.00",ห้างหุ้นส่วนจำกัด ฟรีดอมเทค คอมพิวเตอร์,IV681103,,ค0064,อัน,คอมพิวเตอร์,2025-11
20/11/2025,CAT6 UTP Cable (305M/BOX),"5,500.00",1,"5,500.00",ห้างหุ้นส่วนจำกัด ฟรีดอมเทค คอมพิวเตอร์,IV681103,,ค0003,ชิ้น,คอมพิวเตอร์,2025-11
27/11/2025,น้ำยาปรับผ้านุ่ม (บรรจุ 20 ลิตร),631.30,5,"3,156.50",ห้างหุ้นส่วนจำกัด ปัญยวีร์ เทรดดิ้ง,681126,,ง0129,ถัง,งานบ้านงานครัว,2025-11
27/11/2025,"ผลิตภัณฑ์น้ำยาซักผ้าเครื่อง ""แมกซ์วอกช"" A605B","1,605.00",5,"8,025.00",ห้างหุ้นส่วนจำกัด ปัญยวีร์ เทรดดิ้ง,681126,,ง0151,ถัง,งานบ้านงานครัว,2025-11
27/11/2025,น้ำยาขจัดคราบไขมัน (บรรจุ 20 ลิตร),"2,033.00",5,"10,165.00",ห้างหุ้นส่วนจำกัด ปัญยวีร์ เทรดดิ้ง,681126,,ง0117,ถัง,งานบ้านงานครัว,2025-11
27/11/2025,ผลิตภัณฑ์เสริมด่าง,"1,284.00",5,"6,420.00",ห้างหุ้นส่วนจำกัด ปัญยวีร์ เทรดดิ้ง,681126,,ง0152,ถัง,งานบ้านงานครัว,2025-11
18/11/2025,น้ำมันดีเซล,31.20,1240.06,"38,690.00",บริษัท แอล อาร์ เซอร์วิส จำกัด,681126,,ช0001,ลิตร,เชื้อเพลิง,2025-11
1/12/2025,TONER HP 85A,790.00,6,"4,740.00",ห้างหุ้นส่วนจำกัด ฟรีดอมเทค คอมพิวเตอร์,IV6812001,,ค0038,ตลับ,คอมพิวเตอร์,2025-12
1/12/2025,TONER LASER 79A,790.00,5,"3,950.00",ห้างหุ้นส่วนจำกัด ฟรีดอมเทค คอมพิวเตอร์,IV6812001,,ค0043,ตลับ,คอมพิวเตอร์,2025-12
1/12/2025,Toner Canon 325,750.00,3,"2,250.00",ห้างหุ้นส่วนจำกัด ฟรีดอมเทค คอมพิวเตอร์,IV6812001,,ค0037,ชิ้น,คอมพิวเตอร์,2025-12
1/12/2025,TONER Brother TN-2460/2480,890.00,3,"2,670.00",ห้างหุ้นส่วนจำกัด ฟรีดอมเทค คอมพิวเตอร์,IV6812001,,ค0036,ชิ้น,คอมพิวเตอร์,2025-12
1/12/2025,หมึก HP GT53 BK,390.00,6,"2,340.00",ห้างหุ้นส่วนจำกัด ฟรีดอมเทค คอมพิวเตอร์,IV6812001,,ค0061,ขวด,คอมพิวเตอร์,2025-12
1/12/2025,RIBBON FOR EPSON LQ 310/630,250.00,3,750.00,ห้างหุ้นส่วนจำกัด ฟรีดอมเทค คอมพิวเตอร์,IV6812001,,ค0028,ตลับ,คอมพิวเตอร์,2025-12
1/12/2025,Webcam OKER Black/Full HD  1080P,"1,290.00",20,"25,800.00",ห้างหุ้นส่วนจำกัด ฟรีดอมเทค คอมพิวเตอร์,IV6812002,,ค0066,ชิ้น,คอมพิวเตอร์,2025-12
1/12/2025,เครื่องอ่านบัตรประชาชน รุ่น ACR39U-NF แบบต่อเข้ามือถือ,"1,250.00",20,"25,000.00",ห้างหุ้นส่วนจำกัด ฟรีดอมเทค คอมพิวเตอร์,IV6812002,,ค0067,เครื่อง,คอมพิวเตอร์,2025-12
1/12/2025,Smart Card Reader W/USB Cable,"1,290.00",20,"25,800.00",ห้างหุ้นส่วนจำกัด ฟรีดอมเทค คอมพิวเตอร์,IV6812002,,ค0033,ชิ้น,คอมพิวเตอร์,2025-12
1/12/2025,Combo Logitech (Mouse+Keyboard) USB Black,590.00,20,"11,800.00",ห้างหุ้นส่วนจำกัด ฟรีดอมเทค คอมพิวเตอร์,IV6812002,,ค0068,ชุด,คอมพิวเตอร์,2025-12
1/12/2025,คีมเข้าหัวสาย LAN /สายโทรศัพท์GLINK (GLT-002),490.00,1,490.00,ห้างหุ้นส่วนจำกัด ฟรีดอมเทค คอมพิวเตอร์,IV6812002,,ค0069,อัน,คอมพิวเตอร์,2025-12
8/12/2025,ใบปัดน้ำฝนหน้า,500.00,2,"1,000.00",หจก.กาญจนบุรีแอร์ แอนด์ ซาวด์ ,39/1945,,ง0240,คู่,งานบ้านงานครัว,2025-12
8/12/2025,ใบปัดน้ำฝนหลัง,350.00,2,700.00,หจก.กาญจนบุรีแอร์ แอนด์ ซาวด์ ,39/1945,,ง0241,อัน,งานบ้านงานครัว,2025-12
1/12/2025,น้ำมันดีเซล,31.20,1265.51,"39,484.00",บริษัท แอล อาร์ เซอร์วิส จำกัด,68/11-002,,ช0001,ลิตร,เชื้อเพลิง,2025-12
11/12/2025,คัดเตอร์ 18 มม.,279.00,1,279.00,บริษัท สยามโกลบอลเฮ้า จำกัด (มหาชน) สำนักงานใหญ่,GHKJSA03AIV-681211-0001,,ฟ0156,อัน,ไฟฟ้า,2025-12
11/12/2025,ปากกาเช็คไฟดิจิตอล,75.00,1,75.00,บริษัท สยามโกลบอลเฮ้า จำกัด (มหาชน) สำนักงานใหญ่,GHKJSA03AIV-681211-0001,,ฟ0157,อัน,ไฟฟ้า,2025-12
11/12/2025,เต๋าต่อสายไฟ 12 ช่อง,19.00,7,133.00,บริษัท สยามโกลบอลเฮ้า จำกัด (มหาชน) สำนักงานใหญ่,GHKJSA03AIV-681211-0001,,ฟ0158,อัน,ไฟฟ้า,2025-12
11/12/2025,สายไฟ VAF 2*2.5 100MRACER,"2,422.00",1,"2,422.00",บริษัท สยามโกลบอลเฮ้า จำกัด (มหาชน) สำนักงานใหญ่,GHKJSA03AIV-681211-0001,,ฟ0159,อัน,ไฟฟ้า,2025-12
11/12/2025,โรลสายไฟ 25 เมตร,"1,690.00",1,"1,690.00",บริษัท สยามโกลบอลเฮ้า จำกัด (มหาชน) สำนักงานใหญ่,GHKJSA03AIV-681211-0001,,ฟ0160,เมตร,ไฟฟ้า,2025-12
11/12/2025,ฝาพลาสติก,17.30,10,173.00,บริษัท สยามโกลบอลเฮ้า จำกัด (มหาชน) สำนักงานใหญ่,GHKJSA03AIV-681211-0001,,ฟ0083,อัน,ไฟฟ้า,2025-12
11/12/2025,ไขควงวัดไฟ,39.00,1,39.00,บริษัท สยามโกลบอลเฮ้า จำกัด (มหาชน) สำนักงานใหญ่,GHKJSA03AIV-681211-0001,,ฟ0030,แพ็ค,ไฟฟ้า,2025-12
11/12/2025,สีสเปรย์,79.00,3,237.00,บริษัท สยามโกลบอลเฮ้า จำกัด (มหาชน) สำนักงานใหญ่,GHKJSA01AIV-681211-0001,,ก0238,กระป๋อง,วัสดุก่อสร้าง,2025-12
11/12/2025,จารบี,110.00,1,110.00,บริษัท สยามโกลบอลเฮ้า จำกัด (มหาชน) สำนักงานใหญ่,GHKJSA01AIV-681211-0001,,ก0051,กระป๋อง,วัสดุก่อสร้าง,2025-12
11/12/2025,น้ำมันเอนกประสงค์,210.00,3,630.00,บริษัท สยามโกลบอลเฮ้า จำกัด (มหาชน) สำนักงานใหญ่,GHKJSA01AIV-681211-0001,,ก0111,กระป๋อง,วัสดุก่อสร้าง,2025-12
11/12/2025,ดอกไขควง,360.00,1,360.00,บริษัท สยามโกลบอลเฮ้า จำกัด (มหาชน) สำนักงานใหญ่,GHKJSA01AIV-681211-0001,,ก0078,แพ็ค,วัสดุก่อสร้าง,2025-12
11/12/2025,ประแจแหวนข้างปากตาย 10 มม.,50.00,1,50.00,บริษัท สยามโกลบอลเฮ้า จำกัด (มหาชน) สำนักงานใหญ่,GHKJSA01AIV-681211-0001,,ก0271,อัน,วัสดุก่อสร้าง,2025-12
11/12/2025,แหวนอีแปะ,89.00,1,89.00,บริษัท สยามโกลบอลเฮ้า จำกัด (มหาชน) สำนักงานใหญ่,GHKJSA01AIV-681211-0001,,ก0272,แพ็ค,วัสดุก่อสร้าง,2025-12
11/12/2025,กระดาษทราย,46.00,3,138.00,บริษัท สยามโกลบอลเฮ้า จำกัด (มหาชน) สำนักงานใหญ่,GHKJSA01AIV-681211-0001,,ก0005,ใบ,วัสดุก่อสร้าง,2025-12
11/12/2025,สกรูยิงแผ่นยิปซั่ม,95.95,1,95.95,บริษัท สยามโกลบอลเฮ้า จำกัด (มหาชน) สำนักงานใหญ่,GHKJSA01AIV-681211-0001,,ก0207,กล่อง,วัสดุก่อสร้าง,2025-12
11/12/2025,พุกเหล็ก,30.00,2,60.00,บริษัท สยามโกลบอลเฮ้า จำกัด (มหาชน) สำนักงานใหญ่,GHKJSA01AIV-681211-0001,,ก0174,ตัว,วัสดุก่อสร้าง,2025-12
11/12/2025,ซิลิโคน,149.00,5,745.00,บริษัท สยามโกลบอลเฮ้า จำกัด (มหาชน) สำนักงานใหญ่,GHKJSA01AIV-681211-0001,,ก0071,หลอด,วัสดุก่อสร้าง,2025-12
11/12/2025,กระดาษทราย,42.00,3,126.00,บริษัท สยามโกลบอลเฮ้า จำกัด (มหาชน) สำนักงานใหญ่,GHKJSA01AIV-681211-0001,,ก0005,ใบ,วัสดุก่อสร้าง,2025-12
11/12/2025,"สกรูปลายสว่าน (ขนาด 20 มม. , 25 มม.)",69.00,2,138.00,บริษัท สยามโกลบอลเฮ้า จำกัด (มหาชน) สำนักงานใหญ่,GHKJSA01AIV-681211-0001,,ก0273,ถุง,วัสดุก่อสร้าง,2025-12
11/12/2025,"สกรูปลายสว่าน (ขนาด 20 มม. , 25 มม.)",55.00,2,110.00,บริษัท สยามโกลบอลเฮ้า จำกัด (มหาชน) สำนักงานใหญ่,GHKJSA01AIV-681211-0001,,ก0273,ถุง,วัสดุก่อสร้าง,2025-12
11/12/2025,สกรูยึดกระเบื้องปลายสว่าน 25 มม.,57.00,2,114.00,บริษัท สยามโกลบอลเฮ้า จำกัด (มหาชน) สำนักงานใหญ่,GHKJSA01AIV-681211-0001,,ก0284,ตัว,วัสดุก่อสร้าง,2025-12
11/12/2025,สกรูยึดกระเบื้องปลายสว่าน 18.75 มม.,55.00,2,110.00,บริษัท สยามโกลบอลเฮ้า จำกัด (มหาชน) สำนักงานใหญ่,GHKJSA01AIV-681211-0001,,ก0283,ตัว,วัสดุก่อสร้าง,2025-12
11/12/2025,สกรูยิงแผ่นยิปซั่ม,68.68,1,68.68,บริษัท สยามโกลบอลเฮ้า จำกัด (มหาชน) สำนักงานใหญ่,GHKJSA01AIV-681211-0001,,ก0207,กล่อง,วัสดุก่อสร้าง,2025-12
11/12/2025,สกรูพร้อมน็อต,20.00,2,40.00,บริษัท สยามโกลบอลเฮ้า จำกัด (มหาชน) สำนักงานใหญ่,GHKJSA01AIV-681211-0001,,ก0274,ถุง,วัสดุก่อสร้าง,2025-12
11/12/2025,ปืนไล่ฝุ่น,203.00,1,203.00,บริษัท สยามโกลบอลเฮ้า จำกัด (มหาชน) สำนักงานใหญ่,GHKJSA01AIV-681211-0001,,ก0150,ด้าม,วัสดุก่อสร้าง,2025-12
11/12/2025,ประแจเลื่อน,390.00,1,390.00,บริษัท สยามโกลบอลเฮ้า จำกัด (มหาชน) สำนักงานใหญ่,GHKJSA01AIV-681211-0001,,ก0135,อัน,วัสดุก่อสร้าง,2025-12
11/12/2025,แปรงลวดทองเหลือง,45.00,2,90.00,บริษัท สยามโกลบอลเฮ้า จำกัด (มหาชน) สำนักงานใหญ่,GHKJSA01AIV-681211-0001,,ก0158,อัน,วัสดุก่อสร้าง,2025-12
11/12/2025,คลิปรัดหางปลา,25.00,5,125.00,บริษัท สยามโกลบอลเฮ้า จำกัด (มหาชน) สำนักงานใหญ่,GHKJSA01AIV-681211-0001,,ก0039,แพ็ค,วัสดุก่อสร้าง,2025-12
11/12/2025,ดอกเจาะอเนกประสงค์ก้านกลม,93.00,2,186.00,บริษัท สยามโกลบอลเฮ้า จำกัด (มหาชน) สำนักงานใหญ่,GHKJSA01AIV-681211-0001,,ก0275,อัน,วัสดุก่อสร้าง,2025-12
11/12/2025,ดอกไขควงกระแทก,100.15,1,100.15,บริษัท สยามโกลบอลเฮ้า จำกัด (มหาชน) สำนักงานใหญ่,GHKJSA01AIV-681211-0001,,ก0276,แผง,วัสดุก่อสร้าง,2025-12
11/12/2025,พุกปีกผีเสื้อยึดผนัง,52.00,2,104.00,บริษัท สยามโกลบอลเฮ้า จำกัด (มหาชน) สำนักงานใหญ่,GHKJSA01AIV-681211-0001,,ก0277,แพ็ค,วัสดุก่อสร้าง,2025-12
11/12/2025,กรรไกรตัดท่อ,195.00,1,195.00,บริษัท สยามโกลบอลเฮ้า จำกัด (มหาชน) สำนักงานใหญ่,GHKJSA01AIV-681211-0001,,ก0001,อัน,วัสดุก่อสร้าง,2025-12
11/12/2025,ใบเลื่อยวงเดือน,195.00,1,195.00,บริษัท สยามโกลบอลเฮ้า จำกัด (มหาชน) สำนักงานใหญ่,GHKJSA01AIV-681211-0001,,ก0278,ใบ,วัสดุก่อสร้าง,2025-12
11/12/2025,กลอนประตูสแตนเลส,28.00,1,28.00,บริษัท สยามโกลบอลเฮ้า จำกัด (มหาชน) สำนักงานใหญ่,GHKJSA01AIV-681211-0001,,ก0011,ตัว,วัสดุก่อสร้าง,2025-12
11/12/2025,กลอนสับสแตนเลส,159.00,3,477.00,บริษัท สยามโกลบอลเฮ้า จำกัด (มหาชน) สำนักงานใหญ่,GHKJSA01AIV-681211-0001,,ก0279,ตัว,วัสดุก่อสร้าง,2025-12
11/12/2025,กลอนห้องน้ำสแตนเลส,62.00,3,186.00,บริษัท สยามโกลบอลเฮ้า จำกัด (มหาชน) สำนักงานใหญ่,GHKJSA01AIV-681211-0001,,ก0280,ตัว,วัสดุก่อสร้าง,2025-12
11/12/2025,ดอกเจาะสแตนเลส,145.00,2,290.00,บริษัท สยามโกลบอลเฮ้า จำกัด (มหาชน) สำนักงานใหญ่,GHKJSA01AIV-681211-0001,,ก0281,ตัว,วัสดุก่อสร้าง,2025-12
11/12/2025,ดอกเจาะสแตนเลส,340.00,1,340.00,บริษัท สยามโกลบอลเฮ้า จำกัด (มหาชน) สำนักงานใหญ่,GHKJSA01AIV-681211-0001,,ก0281,ตัว,วัสดุก่อสร้าง,2025-12
11/12/2025,คีมตัดปากเฉียงหุ้มฉนวน,289.00,1,289.00,บริษัท สยามโกลบอลเฮ้า จำกัด (มหาชน) สำนักงานใหญ่,GHKJSA01AIV-681211-0001,,ก0282,ตัว,วัสดุก่อสร้าง,2025-12
11/12/2025,พุกพลาสติก,29.00,1,29.00,บริษัท สยามโกลบอลเฮ้า จำกัด (มหาชน) สำนักงานใหญ่,GHKJSA01AIV-681211-0001,,ก0173,แพ็ค,วัสดุก่อสร้าง,2025-12
11/12/2025,ใบตัดเหล็ก,22.00,5,110.00,บริษัท สยามโกลบอลเฮ้า จำกัด (มหาชน) สำนักงานใหญ่,GHKJSA01AIV-681211-0001,,ก0127,ใบ,วัสดุก่อสร้าง,2025-12
11/12/2025,ใบตัดเหล็ก,32.00,5,160.00,บริษัท สยามโกลบอลเฮ้า จำกัด (มหาชน) สำนักงานใหญ่,GHKJSA01AIV-681211-0001,,ก0127,ใบ,วัสดุก่อสร้าง,2025-12
11/12/2025,สกรูยิงแผ่นยิปซั่ม,95.95,1,95.95,บริษัท สยามโกลบอลเฮ้า จำกัด (มหาชน) สำนักงานใหญ่,GHKJSA01AIV-681211-0001,,ก0207,กล่อง,วัสดุก่อสร้าง,2025-12
16/12/2025,น้ำยาล้างรถ (บรรจุ 20 ลิตร),802.50,2,"1,605.00",ห้างหุ้นส่วนจำกัด ปัญยวีร์ เทรดดิ้ง,681212,,ง0136,แกลลอน,งานบ้านงานครัว,2025-12
11/12/2025,แก้วกรวยกระดาษ,62.48,96,"5,998.08",ห้างหุ้นส่วนจำกัด พงษ์ไพบูลย์ ดิสทริบิวชั่น(สำนักงานใหญ่),IV0097367,,ง0020,แถว,งานบ้านงานครัว,2025-12
11/12/2025,แก้วกรวยกระดาษ,62.68,4,250.72,ห้างหุ้นส่วนจำกัด พงษ์ไพบูลย์ ดิสทริบิวชั่น(สำนักงานใหญ่),IV0097367,,ง0020,แถว,งานบ้านงานครัว,2025-12
17/12/2025,สบู่เหลวล้างมือ (บรรจุ 3.8 ลิตร),321.00,16,"5,136.00",บริษัท สยามยูเนี่ยนเคมีคอล จำกัด,SOSU6812035,,ง0204,แกลลอน,งานบ้านงานครัว,2025-12
17/12/2025,น้ำยาทำความสะอาดพื้นผิว (บรรจุ 3.8 ลิตร),321.00,16,"5,136.00",บริษัท สยามยูเนี่ยนเคมีคอล จำกัด,SOSU6812035,,ง0128,แกลลอน,งานบ้านงานครัว,2025-12
17/12/2025,น้ำยาขจัดกลิ่นฆ่าเชื้อเอนกประสงค์ (บรรจุ 3.8 ลิตร),406.60,16,"6,505.60",บริษัท สยามยูเนี่ยนเคมีคอล จำกัด,SOSU6812035,,ง0116,แกลลอน,งานบ้านงานครัว,2025-12
17/12/2025,ถุงซิปใส ขนาด 15*23 ซม.,150.00,100,"15,000.00",หจก.ที.ซี.เอ็ม อินเตอร์เทรด(1997),IV68127171,,ย0005,กก.,วัสดุอื่น(ซองยา),2025-12
17/12/2025,ถุงซิปใส ขนาด 10*15 ซม.,145.00,100,"14,500.00",หจก.ที.ซี.เอ็ม อินเตอร์เทรด(1997),IV68127172,,ย0003,กก.,วัสดุอื่น(ซองยา),2025-12
17/12/2025,ถุงขยะสีดำ ขนาด 28*36 นิ้ว,60.00,100,"6,000.00",หจก.ที.ซี.เอ็ม อินเตอร์เทรด(1997),IV68127173,,ง0070,แพ็ค,งานบ้านงานครัว,2025-12
17/12/2025,ถุงขยะสีแดง ขนาด 12*20 นิ้ว (พิมพ์ลาย),75.00,100,"7,500.00",หจก.ที.ซี.เอ็ม อินเตอร์เทรด(1997),IV68127174,,ง0072,แพ็ค,งานบ้านงานครัว,2025-12
17/12/2025,ถุงขยะสีแดง ขนาด 40*40 นิ้ว,70.00,100,"7,000.00",หจก.ที.ซี.เอ็ม อินเตอร์เทรด(1997),IV68127175,,ง0076,แพ็ค,งานบ้านงานครัว,2025-12
16/12/2025,คลอรีนน้ำ,941.60,10,"9,416.00",ห้างหุ้นส่วนจำกัด เอส.ดับบลิว.เอ.เอ็นจิเนียริ่ง เซอร์วิส (สำนักงานใหญ่),SES06646,,ป0016,ลิตร,ประปา,2025-12
11/12/2025,ชุดอุปกรณ์หม้อน้ำ แบบปัดหน้า,325.00,2,650.00,บริษัท สยามโกลบอลเฮ้า จำกัด (มหาชน) สำนักงานใหญ่,GHKJSA03AIV-681211-0003,,ป0077,ชุด,ประปา,2025-12
11/12/2025,แกนน้ำเข้า (ประปา),179.00,2,358.00,บริษัท สยามโกลบอลเฮ้า จำกัด (มหาชน) สำนักงานใหญ่,GHKJSA03AIV-681211-0003,,ป0078,อัน,ประปา,2025-12
11/12/2025,ชุดอุุปกรณ์หม้อน้ำ แบบปัดข้าง,315.00,2,630.00,บริษัท สยามโกลบอลเฮ้า จำกัด (มหาชน) สำนักงานใหญ่,GHKJSA03AIV-681211-0003,,ป0079,ชุด,ประปา,2025-12
11/12/2025,สายฝักบัว,79.00,7,553.00,บริษัท สยามโกลบอลเฮ้า จำกัด (มหาชน) สำนักงานใหญ่,GHKJSA03AIV-681211-0003,,ป0059,เส้น,ประปา,2025-12
11/12/2025,สายถักน้ำดีสแตนเลส (ประปา),129.00,5,645.00,บริษัท สยามโกลบอลเฮ้า จำกัด (มหาชน) สำนักงานใหญ่,GHKJSA03AIV-681211-0003,,ป0080,เส้น,ประปา,2025-12
11/12/2025,ชุดสายฉีดชำระ,189.00,5,945.00,บริษัท สยามโกลบอลเฮ้า จำกัด (มหาชน) สำนักงานใหญ่,GHKJSA03AIV-681211-0003,,ป0020,ชุด,ประปา,2025-12
11/12/2025,หัวสายฉีดชำระ,99.00,1,99.00,บริษัท สยามโกลบอลเฮ้า จำกัด (มหาชน) สำนักงานใหญ่,GHKJSA03AIV-681211-0003,,ป0081,อัน,ประปา,2025-12
11/12/2025,หัวฉีดชำระ (ประปา),99.00,9,891.00,บริษัท สยามโกลบอลเฮ้า จำกัด (มหาชน) สำนักงานใหญ่,GHKJSA03AIV-681211-0003,,ป0073,ชุด,ประปา,2025-12
11/12/2025,ก๊อกอ่างล้างจาน,229.00,5,"1,145.00",บริษัท สยามโกลบอลเฮ้า จำกัด (มหาชน) สำนักงานใหญ่,GHKJSA03AIV-681211-0003,,ป0004,ชิ้น,ประปา,2025-12
11/12/2025,ก๊อกอ่างล้างจาน แบบติดผนัง,239.00,3,717.00,บริษัท สยามโกลบอลเฮ้า จำกัด (มหาชน) สำนักงานใหญ่,GHKJSA03AIV-681211-0003,,ป0082,อัน,ประปา,2025-12
11/12/2025,ก๊อกอ่างล้างหน้าทรงเตี้ย,189.00,5,945.00,บริษัท สยามโกลบอลเฮ้า จำกัด (มหาชน) สำนักงานใหญ่,GHKJSA03AIV-681211-0003,,ป0083,ตัว,ประปา,2025-12
11/12/2025,วาล์วฝักบัว,149.00,5,745.00,บริษัท สยามโกลบอลเฮ้า จำกัด (มหาชน) สำนักงานใหญ่,GHKJSA03AIV-681211-0003,,ป0084,อัน,ประปา,2025-12
11/12/2025,ชุดกระจก 3 ชิ้น,199.00,2,398.00,บริษัท สยามโกลบอลเฮ้า จำกัด (มหาชน) สำนักงานใหญ่,GHKJSA03AIV-681211-0003,,ป0085,ชุด,ประปา,2025-12
11/12/2025,บอลวาล์ว พีวีซี,38.00,2,76.00,บริษัท สยามโกลบอลเฮ้า จำกัด (มหาชน) สำนักงานใหญ่,GHKJSA03AIV-681211-0003,,ป0029,ชุด,ประปา,2025-12
11/12/2025,บอลวาล์วพีวีซีแรงดันสูง,62.00,1,62.00,บริษัท สยามโกลบอลเฮ้า จำกัด (มหาชน) สำนักงานใหญ่,GHKJSA03AIV-681211-0003,,ป0086,ชิ้้น,ประปา,2025-12
11/12/2025,หัวสปริงเกลอร์แกนสแตนเลส,270.00,1,270.00,บริษัท สยามโกลบอลเฮ้า จำกัด (มหาชน) สำนักงานใหญ่,GHKJSA03AIV-681211-0003,,ป0087,แพ็ค,ประปา,2025-12
11/12/2025,บอลวาล์ว พีวีซี,36.00,5,180.00,บริษัท สยามโกลบอลเฮ้า จำกัด (มหาชน) สำนักงานใหญ่,GHKJSA03AIV-681211-0003,,ป0029,ชุด,ประปา,2025-12
11/12/2025,มินิบอลวาล์วทองเหลือง,82.00,5,410.00,บริษัท สยามโกลบอลเฮ้า จำกัด (มหาชน) สำนักงานใหญ่,GHKJSA03AIV-681211-0003,,ป0088,ชิ้น,ประปา,2025-12
11/12/2025,นิปเปิ้ลทองเหลือง,29.00,5,145.00,บริษัท สยามโกลบอลเฮ้า จำกัด (มหาชน) สำนักงานใหญ่,GHKJSA03AIV-681211-0003,,ป0089,อัน,ประปา,2025-12
11/12/2025,น้ำยาประสานท่อ,139.00,1,139.00,บริษัท สยามโกลบอลเฮ้า จำกัด (มหาชน) สำนักงานใหญ่,GHKJSA03AIV-681211-0003,,ป0027,กระป๋อง,ประปา,2025-12
11/12/2025,ก๊อกน้ำทองเหลืองมินิ,102.00,4,408.00,บริษัท สยามโกลบอลเฮ้า จำกัด (มหาชน) สำนักงานใหญ่,GHKJSA03AIV-681211-0003,,ป0090,อัน,ประปา,2025-12
11/12/2025,ก๊อกน้ำทองเหลือง,132.00,3,396.00,บริษัท สยามโกลบอลเฮ้า จำกัด (มหาชน) สำนักงานใหญ่,GHKJSA03AIV-681211-0003,,ป0091,อัน,ประปา,2025-12
11/12/2025,ฝาครอบ,4.00,10,40.00,บริษัท สยามโกลบอลเฮ้า จำกัด (มหาชน) สำนักงานใหญ่,GHKJSA03AIV-681211-0003,,ป0037,อัน,ประปา,2025-12
11/12/2025,ข้อต่อตรงเกลียวในทองเหลือง,32.00,10,320.00,บริษัท สยามโกลบอลเฮ้า จำกัด (มหาชน) สำนักงานใหญ่,GHKJSA03AIV-681211-0003,,ป0093,ชิ้น,ประปา,2025-12
11/12/2025,สามทาง,6.50,5,32.50,บริษัท สยามโกลบอลเฮ้า จำกัด (มหาชน) สำนักงานใหญ่,GHKJSA03AIV-681211-0003,,ป0052,อัน,ประปา,2025-12
11/12/2025,ข้อต่อตรงเกลียวนอกทองเหลือง,53.00,10,530.00,บริษัท สยามโกลบอลเฮ้า จำกัด (มหาชน) สำนักงานใหญ่,GHKJSA03AIV-681211-0003,,ป0092,ชิ้น,ประปา,2025-12
11/12/2025,นิปเปิ้ลพีวีซี (ประปา),5.25,5,26.25,บริษัท สยามโกลบอลเฮ้า จำกัด (มหาชน) สำนักงานใหญ่,GHKJSA03AIV-681211-0003,,ป0095,อัน,ประปา,2025-12
11/12/2025,ปลั๊กอุดเกลียวนอก ขนาด 1/2 นิ้ว,2.25,10,22.50,บริษัท สยามโกลบอลเฮ้า จำกัด (มหาชน) สำนักงานใหญ่,GHKJSA03AIV-681211-0003,,ป0034,ตัว,ประปา,2025-12
11/12/2025,ฝาครอบเกลียวใน (ประปา),4.00,10,40.00,บริษัท สยามโกลบอลเฮ้า จำกัด (มหาชน) สำนักงานใหญ่,GHKJSA03AIV-681211-0003,,ป0096,อัน,ประปา,2025-12
11/12/2025,ข้อต่อตรงเกลียวนอก,31.00,1,31.00,บริษัท สยามโกลบอลเฮ้า จำกัด (มหาชน) สำนักงานใหญ่,GHKJSA03AIV-681211-0003,,ป0010,ตัว,ประปา,2025-12
11/12/2025,หัวกันไหล เกลียวนอก,6.00,10,60.00,บริษัท สยามโกลบอลเฮ้า จำกัด (มหาชน) สำนักงานใหญ่,GHKJSA03AIV-681211-0003,,ป0094,ชิ้น,ประปา,2025-12
11/12/2025,ข้อต่อตรงเกลียวใน,4.25,10,42.50,บริษัท สยามโกลบอลเฮ้า จำกัด (มหาชน) สำนักงานใหญ่,GHKJSA03AIV-681211-0003,,ป0011,ตัว,ประปา,2025-12
12/12/2025,แก๊สหุงต้ม ขนาด 48 กก. (1),"1,302.00",4,"5,208.00",บริษัท ธนกาญจน์แก๊ส จำกัด,170/8477,,ง0242,ถัง,งานบ้านงานครัว,2025-12
15/12/2025,หมึก CANON PGI-750 PGBK,890.00,2,"1,780.00",ห้างหุ้นส่วนจำกัด ฟรีดอมเทค คอมพิวเตอร์,IV6812004,,ค0053,ขวด,คอมพิวเตอร์,2025-12
15/12/2025,หมึก CANON CLI-751 C,850.00,2,"1,700.00",ห้างหุ้นส่วนจำกัด ฟรีดอมเทค คอมพิวเตอร์,IV6812004,,ค0055,ขวด,คอมพิวเตอร์,2025-12
15/12/2025,หมึก CANON CLI-751 M,850.00,2,"1,700.00",ห้างหุ้นส่วนจำกัด ฟรีดอมเทค คอมพิวเตอร์,IV6812004,,ค0056,ขวด,คอมพิวเตอร์,2025-12
15/12/2025,หมึก CANON CLI-751 Y,850.00,2,"1,700.00",ห้างหุ้นส่วนจำกัด ฟรีดอมเทค คอมพิวเตอร์,IV6812004,,ค0057,ขวด,คอมพิวเตอร์,2025-12
15/12/2025,หมึก CANON CLI-751 BK,850.00,2,"1,700.00",ห้างหุ้นส่วนจำกัด ฟรีดอมเทค คอมพิวเตอร์,IV6812004,,ค0054,ขวด,คอมพิวเตอร์,2025-12
22/12/2025,หม้อมิเตอร์ไฟฟ้า,"2,024.44",2,"4,048.88",บริษัท ทัศศิพรเอ็นเทอไพรซ์ จำกัด,IV0012163,,ฟ0142,อัน,ไฟฟ้า,2025-12
24/12/2025,ดอกไม้ปลอม,17.12,12,205.44,บริษัท กาญจนบุรีค้าส่ง จำกัด(สำนักงานใหญ่),065/3220,,เก0016,ชิ้น,วัสดุการเกษตร,2025-12
24/12/2025,ดอกไม้ปลอม,73.83,6,442.98,บริษัท กาญจนบุรีค้าส่ง จำกัด(สำนักงานใหญ่),065/3220,,เก0016,ชิ้น,วัสดุการเกษตร,2025-12
24/12/2025,กระถาง,33.17,3,99.51,บริษัท กาญจนบุรีค้าส่ง จำกัด(สำนักงานใหญ่),065/3220,,เก0002,อัน,วัสดุการเกษตร,2025-12
16/12/2025,น้ำมันดีเซล,31.00,1377.00,"42,687.00",บริษัท แอล อาร์ เซอร์วิส จำกัด,68/12-001,,ช0001,ลิตร,เชื้อเพลิง,2025-12
16/12/2025,น้ำมันดีเซล,32.30,10.00,323.00,บริษัท แอล อาร์ เซอร์วิส จำกัด,68/12-001,,ช0001,ลิตร,เชื้อเพลิง,2025-12
16/12/2025,น้ำมันเบนซิน,32.10,80.00,"2,568.00",บริษัท แอล อาร์ เซอร์วิส จำกัด,68/12-001,,ช0002,ลิตร,เชื้อเพลิง,2025-12
24/12/2025,กระดาษ A4 80 แกรม (สีขาว),130.00,100,"13,000.00",หจก.อักษรภัณฑ์กาญจนบุรี (สำนักงานใหญ่),011/0502,,ส0009,รีม,สำนักงาน,2025-12
24/12/2025,กระดาษ A4 80 แกรม (ทุกสี),240.00,1,240.00,หจก.อักษรภัณฑ์กาญจนบุรี (สำนักงานใหญ่),011/0502,,ส0008,รีม,สำนักงาน,2025-12
24/12/2025,กระดาษกาวย่น 1 นิ้ว,38.00,33,"1,254.00",หจก.อักษรภัณฑ์กาญจนบุรี (สำนักงานใหญ่),011/0502,,ส0015,ม้วน,สำนักงาน,2025-12
24/12/2025,กระดาษกาวย่น 2 นิ้ว,40.00,3,120.00,หจก.อักษรภัณฑ์กาญจนบุรี (สำนักงานใหญ่),011/0502,,ส0016,ม้วน,สำนักงาน,2025-12
24/12/2025,กระดาษคาร์บอน,165.00,1,165.00,หจก.อักษรภัณฑ์กาญจนบุรี (สำนักงานใหญ่),011/0502,,ส0019,แพ็ค,สำนักงาน,2025-12
24/12/2025,ลูกแม็กซ์ เบอร์ 10,15.00,6,90.00,หจก.อักษรภัณฑ์กาญจนบุรี (สำนักงานใหญ่),011/0502,,ส0173,กล่อง,สำนักงาน,2025-12
24/12/2025,กาว 2 หน้า บาง,20.00,6,120.00,หจก.อักษรภัณฑ์กาญจนบุรี (สำนักงานใหญ่),011/0502,,ส0043,ม้วน,สำนักงาน,2025-12
24/12/2025,กาว 2 หน้า หนา,275.00,4,"1,100.00",หจก.อักษรภัณฑ์กาญจนบุรี (สำนักงานใหญ่),011/0502,,ส0044,ม้วน,สำนักงาน,2025-12
24/12/2025,ลวดเสียบกระดาษ,12.00,45,540.00,หจก.อักษรภัณฑ์กาญจนบุรี (สำนักงานใหญ่),011/0502,,ส0171,กล่อง,สำนักงาน,2025-12
24/12/2025,คลิบหนีบ 2 ขา สีดำ เบอร์ 108,90.00,2,180.00,หจก.อักษรภัณฑ์กาญจนบุรี (สำนักงานใหญ่),011/0502,,ส0055,กล่อง,สำนักงาน,2025-12
24/12/2025,คลิบหนีบ 2 ขา สีดำ เบอร์ 109,80.00,5,400.00,หจก.อักษรภัณฑ์กาญจนบุรี (สำนักงานใหญ่),011/0502,,ส0056,กล่อง,สำนักงาน,2025-12
24/12/2025,คลิบหนีบ 2 ขา สีดำ เบอร์ 111,35.00,1,35.00,หจก.อักษรภัณฑ์กาญจนบุรี (สำนักงานใหญ่),011/0502,,ส0058,กล่อง,สำนักงาน,2025-12
24/12/2025,คลิบบอร์ด (A4),59.00,2,118.00,หจก.อักษรภัณฑ์กาญจนบุรี (สำนักงานใหญ่),011/0502,,ส0053,แผ่น,สำนักงาน,2025-12
24/12/2025,เทปใส 3/4 นิ้ว,30.00,12,360.00,หจก.อักษรภัณฑ์กาญจนบุรี (สำนักงานใหญ่),011/0502,,ส0097,ม้วน,สำนักงาน,2025-12
24/12/2025,เทปใส 3/4 นิ้ว,30.00,8,240.00,หจก.อักษรภัณฑ์กาญจนบุรี (สำนักงานใหญ่),011/0502,,ส0097,ม้วน,สำนักงาน,2025-12
24/12/2025,เทปใส 1 นิ้ว,40.00,8,320.00,หจก.อักษรภัณฑ์กาญจนบุรี (สำนักงานใหญ่),011/0502,,ส0095,ม้วน,สำนักงาน,2025-12
24/12/2025,ใบมีดคัทเตอร์ เล่มใหญ่,35.00,2,70.00,หจก.อักษรภัณฑ์กาญจนบุรี (สำนักงานใหญ่),011/0502,,ส0116,กล่อง,สำนักงาน,2025-12
24/12/2025,มีดคัทเตอร์ ใหญ่,65.00,2,130.00,หจก.อักษรภัณฑ์กาญจนบุรี (สำนักงานใหญ่),011/0502,,ส0162,เล่ม,สำนักงาน,2025-12
24/12/2025,ปากกาเน้นข้อความ,38.00,3,114.00,หจก.อักษรภัณฑ์กาญจนบุรี (สำนักงานใหญ่),011/0503,,ส0126,ด้าม,สำนักงาน,2025-12
24/12/2025,แลคซีน 1.5 นิ้ว,55.00,3,165.00,หจก.อักษรภัณฑ์กาญจนบุรี (สำนักงานใหญ่),011/0503,,ส0176,ม้วน,สำนักงาน,2025-12
24/12/2025,ดินสอ,3.00,12,36.00,หจก.อักษรภัณฑ์กาญจนบุรี (สำนักงานใหญ่),011/0503,,ส0075,แท่ง,สำนักงาน,2025-12
24/12/2025,ซองขาว,1.00,1350,"1,350.00",หจก.อักษรภัณฑ์กาญจนบุรี (สำนักงานใหญ่),011/0503,,ส0069,ซอง,สำนักงาน,2025-12
24/12/2025,ซองน้ำตาล A4 (ขยายข้าง),5.00,50,250.00,หจก.อักษรภัณฑ์กาญจนบุรี (สำนักงานใหญ่),011/0503,,ส0070,ซอง,สำนักงาน,2025-12
24/12/2025,สมุดเบอร์ 2,60.00,4,240.00,หจก.อักษรภัณฑ์กาญจนบุรี (สำนักงานใหญ่),011/0503,,ส0191,เล่ม,สำนักงาน,2025-12
24/12/2025,โพสอิท (สติ๊กเกอร์โน๊ต) ชิ้นเล็ก ๆ,39.00,3,117.00,หจก.อักษรภัณฑ์กาญจนบุรี (สำนักงานใหญ่),011/0503,,ส0146,แพ็ค,สำนักงาน,2025-12
24/12/2025,"หมึกเติมตลับชาติ ดำ,แดง,น้ำเงิน",12.00,1,12.00,หจก.อักษรภัณฑ์กาญจนบุรี (สำนักงานใหญ่),011/0503,,ส0203,ขวด,สำนักงาน,2025-12
24/12/2025,นาฬิกาแขวน,395.00,1,395.00,หจก.อักษรภัณฑ์กาญจนบุรี (สำนักงานใหญ่),011/0503,,ส0109,เรือน,สำนักงาน,2025-12
24/12/2025,แฟ้มพลาสติกสะสมงาน (เติมใส้ได้),35.00,2,70.00,หจก.อักษรภัณฑ์กาญจนบุรี (สำนักงานใหญ่),011/0503,,ส0152,แฟ้ม,สำนักงาน,2025-12
24/12/2025,ปากกาลบคำผิดแบบเทป,59.00,14,826.00,หจก.อักษรภัณฑ์กาญจนบุรี (สำนักงานใหญ่),011/0503,,ส0127,อัน,สำนักงาน,2025-12
24/12/2025,แม็กซ์ เบอร์ 3,495.00,1,495.00,หจก.อักษรภัณฑ์กาญจนบุรี (สำนักงานใหญ่),011/0503,,ส0164,ตัว,สำนักงาน,2025-12
24/12/2025,แฟ้มเสนอเซ็นต์,195.00,5,975.00,หจก.อักษรภัณฑ์กาญจนบุรี (สำนักงานใหญ่),011/0503,,ส0155,แฟ้ม,สำนักงาน,2025-12
24/12/2025,ตีนตุ๊กแก 1 นิ้ว,59.00,1,59.00,หจก.อักษรภัณฑ์กาญจนบุรี (สำนักงานใหญ่),011/0503,,ส0215,เมตร,สำนักงาน,2025-12
24/12/2025,ตีนตุ๊กแก 2 นิ้ว,129.00,1,129.00,หจก.อักษรภัณฑ์กาญจนบุรี (สำนักงานใหญ่),011/0503,,ส0216,เมตร,สำนักงาน,2025-12
24/12/2025,กระดานไวท์บอร์ด 80*120 ซม.,650.00,1,650.00,หจก.อักษรภัณฑ์กาญจนบุรี (สำนักงานใหญ่),011/0503,,ส0217,แผ่น,สำนักงาน,2025-12
24/12/2025,แลคซีน 2 นิ้ว,75.00,4,300.00,หจก.อักษรภัณฑ์กาญจนบุรี (สำนักงานใหญ่),011/0503,,ส0177,ม้วน,สำนักงาน,2025-12
25/12/2025,"สเปรย์ฉีดแมลง,ยุง",110.00,1,110.00,วังโพธิ์พาณิชย์,5/32,,ง0206,กระป๋อง,งานบ้านงานครัว,2025-12
25/12/2025,สเปรย์ปรับอากาศ-ดับกลิ่น,125.00,7,875.00,วังโพธิ์พาณิชย์,5/32,,ง0207,กระป๋อง,งานบ้านงานครัว,2025-12
25/12/2025,สก็อตไบรท์,20.00,2,40.00,วังโพธิ์พาณิชย์,5/32,,ง0203,แผ่น,งานบ้านงานครัว,2025-12
25/12/2025,ฟองน้ำพร้อมสก็อตไบรท์,20.00,19,380.00,วังโพธิ์พาณิชย์,5/32,,ง0179,แผ่น,งานบ้านงานครัว,2025-12
25/12/2025,ที่ตักผง,35.00,3,105.00,วังโพธิ์พาณิชย์,5/32,,ง0106,อัน,งานบ้านงานครัว,2025-12
25/12/2025,ไม้กวาดอ่อน,50.00,3,150.00,วังโพธิ์พาณิชย์,5/32,,ง0187,อัน,งานบ้านงานครัว,2025-12
25/12/2025,ไม้กวาดแข็ง,50.00,3,150.00,วังโพธิ์พาณิชย์,5/32,,ง0185,อัน,งานบ้านงานครัว,2025-12
25/12/2025,ไม้กวาดขนไก่,110.00,1,110.00,วังโพธิ์พาณิชย์,5/32,,ง0184,อัน,งานบ้านงานครัว,2025-12
25/12/2025,กาวดักหนู,55.00,2,110.00,วังโพธิ์พาณิชย์,5/32,,ง0019,ชิ้น,งานบ้านงานครัว,2025-12
25/12/2025,เชือกฟาง,40.00,3,120.00,วังโพธิ์พาณิชย์,5/32,,ง0042,ม้วน,งานบ้านงานครัว,2025-12
25/12/2025,เจลก้อนหอม,100.00,6,600.00,วังโพธิ์พาณิชย์,5/32,,ง0016,ก้อน,งานบ้านงานครัว,2025-12
25/12/2025,ถ่าน ขนาด AAA (อัลคาไลน์),25.00,4,100.00,วังโพธิ์พาณิชย์,5/33,,ง0065,ก้อน,งานบ้านงานครัว,2025-12
25/12/2025,ถ่าน ขนาด AA (อัลคาไลน์),25.00,96,"2,400.00",วังโพธิ์พาณิชย์,5/33,,ง0064,ก้อน,งานบ้านงานครัว,2025-12
25/12/2025,น้ำยาล้างจาน (บรรจุ 3.8 ลิตร),195.00,12,"2,340.00",วังโพธิ์พาณิชย์,5/33,,ง0135,แกลลอน,งานบ้านงานครัว,2025-12
25/12/2025,ผงซักฟอก ,175.00,6,"1,050.00",วังโพธิ์พาณิชย์,5/33,,ง0148,ถุง,งานบ้านงานครัว,2025-12
25/12/2025,สายยาง 20 เมตร,600.00,1,600.00,วังโพธิ์พาณิชย์,5/33,,ง0243,เมตร,งานบ้านงานครัว,2025-12
25/12/2025,ไม้ถูพื้นพร้อมผ้า,170.00,4,680.00,วังโพธิ์พาณิชย์,5/33,,ง0190,อัน,งานบ้านงานครัว,2025-12
25/12/2025,ถังขยะชนิดเหยียบ ขนาด 18 ลิตร,350.00,1,350.00,วังโพธิ์พาณิชย์,5/33,,ง0053,ใบ,งานบ้านงานครัว,2025-12
25/12/2025,ถังม็อบ (ซักผ้าถูพื้น),"1,200.00",2,"2,400.00",วังโพธิ์พาณิชย์,5/33,,ง0058,ใบ,งานบ้านงานครัว,2025-12
26/12/2025,น้ำดื่ม แบบขวด,55.00,115,"6,325.00",วังโพธิ์พาณิชย์,5/35,,บริ0001,ลัง,อุปโภค-บริโภค,2025-12
26/12/2025,น้ำดื่ม แบบแก้ว,80.00,12,960.00,วังโพธิ์พาณิชย์,5/35,,บริ0002,แพ็ค,อุปโภค-บริโภค,2025-12
26/12/2025,น้ำหวานเข้มข้น,70.00,12,840.00,วังโพธิ์พาณิชย์,5/35,,บริ0003,ขวด,อุปโภค-บริโภค,2025-12
26/12/2025,กุญแจคล้องทองเหลือง,125.00,1,125.00,วังโพธิ์พาณิชย์,5/34,,ก0020,แพ็ค,วัสดุก่อสร้าง,2025-12
26/12/2025,สีสเปรย์,50.00,4,200.00,วังโพธิ์พาณิชย์,5/34,,ก0238,กระป๋อง,วัสดุก่อสร้าง,2025-12
15/12/2025,ผ้าหลาพิมพ์ลาย,160.00,220,"35,200.00",บริษัท ฮาร์ท สปอร์ตแวร์ จำกัด,IV6812004,,ง0244,เมตร,งานบ้านงานครัว,2025-12
5/1/2026,ผ้าต่วน,32.00,20,640.00,เจริญอาภรณ์,047/2338,,ง0245,เมตร,งานบ้านงานครัว,2026-01
5/1/2026,น้ำมันดีเซล,30.98,1440.57,"44,629.00",บริษัท แอล อาร์ เซอร์วิส จำกัด,68/12-002,,ช0001,ลิตร,เชื้อเพลิง,2026-01
8/1/2026,เสื้อปั๊ม,330.00,1,330.00,บริษัท ปัญญาการยนต์ จำกัด,IVBS690100096,,ป0098,ตัว,ประปา,2026-01
12/1/2026,ชุดปะเก็นโอริงซีลยาง,119.00,1,119.00,บริษัท ดับเบิล อาร์ 2020(ไทยแลนด์)จำกัด,20260112-005,,ป0097,ชุด,ประปา,2026-01
16/1/2026,แก๊สหุงต้ม ขนาด 48 กก.,"1,356.00",4,"5,424.00",บริษัท ธนกาญจน์แก๊ส จำกัด,117/5814,,ง0023,ถัง,งานบ้านงานครัว,2026-01
20/1/2026,ดาวไลท์ LED 15 W,179.76,20,"3,595.20",บริษัท ทัศศิพรเอ็นเทอไพรซ์ จำกัด,IV0012331,,ฟ0162,ชุด,ไฟฟ้า,2026-01
20/1/2026,ดาวไลท์ LED 12 W,235.40,20,"4,708.00",บริษัท ทัศศิพรเอ็นเทอไพรซ์ จำกัด,IV0012331,,ฟ0163,ชุด,ไฟฟ้า,2026-01
20/1/2026,ดาวไลท์ LED 18 W,299.60,20,"5,992.00",บริษัท ทัศศิพรเอ็นเทอไพรซ์ จำกัด,IV0012331,,ฟ0161,ชุด,ไฟฟ้า,2026-01
20/1/2026,ดาวไลท์ LED 18 W,299.60,20,"5,992.00",บริษัท ทัศศิพรเอ็นเทอไพรซ์ จำกัด,IV0012600,,ฟ0161,ชุด,ไฟฟ้า,2026-01
20/1/2026,ดาวไลท์ LED 9 W,170.13,80,"13,610.40",บริษัท ทัศศิพรเอ็นเทอไพรซ์ จำกัด,IV0012600,,ฟ0164,ชุด,ไฟฟ้า,2026-01
20/1/2026,ดาวไลท์ LED 12 W,205.44,90,"18,489.60",บริษัท ทัศศิพรเอ็นเทอไพรซ์ จำกัด,IV0012600,,ฟ0163,ชุด,ไฟฟ้า,2026-01
20/1/2026,ดาวไลท์ LED 15 W,179.76,40,"7,190.40",บริษัท ทัศศิพรเอ็นเทอไพรซ์ จำกัด,IV0012600,,ฟ0162,ชุด,ไฟฟ้า,2026-01
21/1/2026,น้ำยา Neodisher Septo,"7,500.00",10,"75,000.00",บริษัท เคมเทค เฮลท์แคร์ จำกัด,26-01-2026,,ง0114,แกลลอน,งานบ้านงานครัว,2026-01
21/1/2026,กระดาษ A4 80 แกรม (สีขาว),130.00,95,"12,350.00",หจก.อักษรภัณฑ์กาญจนบุรี (สำนักงานใหญ่),015/0747,,ส0009,รีม,สำนักงาน,2026-01
21/1/2026,กระดาษ A4 80 แกรม (ทุกสี),240.00,1,240.00,หจก.อักษรภัณฑ์กาญจนบุรี (สำนักงานใหญ่),015/0747,,ส0008,รีม,สำนักงาน,2026-01
21/1/2026,กระดาษคาร์บอน,165.00,1,165.00,หจก.อักษรภัณฑ์กาญจนบุรี (สำนักงานใหญ่),015/0747,,ส0019,แพ็ค,สำนักงาน,2026-01
21/1/2026,กระดาษสติ๊กเกอร์ใหญ่กว่า A4,20.00,5,100.00,หจก.อักษรภัณฑ์กาญจนบุรี (สำนักงานใหญ่),015/0747,,ส0033,แผ่น,สำนักงาน,2026-01
21/1/2026,กระดาษสติ๊กเกอร์ A4,195.00,1,195.00,หจก.อักษรภัณฑ์กาญจนบุรี (สำนักงานใหญ่),015/0747,,ส0030,แพ็ค,สำนักงาน,2026-01
21/1/2026,กาว 2 หน้า บาง,20.00,2,40.00,หจก.อักษรภัณฑ์กาญจนบุรี (สำนักงานใหญ่),015/0747,,ส0043,ม้วน,สำนักงาน,2026-01
21/1/2026,กาว 2 หน้า หนา,275.00,2,550.00,หจก.อักษรภัณฑ์กาญจนบุรี (สำนักงานใหญ่),015/0747,,ส0044,ม้วน,สำนักงาน,2026-01
21/1/2026,ลวดเสียบกระดาษ,12.00,67,804.00,หจก.อักษรภัณฑ์กาญจนบุรี (สำนักงานใหญ่),015/0747,,ส0171,กล่อง,สำนักงาน,2026-01
21/1/2026,คลิบหนีบ 2 ขา สีดำ เบอร์ 110,45.00,15,675.00,หจก.อักษรภัณฑ์กาญจนบุรี (สำนักงานใหญ่),015/0747,,ส0057,กล่อง,สำนักงาน,2026-01
21/1/2026,เทปใส 2 นิ้ว,25.00,1,25.00,หจก.อักษรภัณฑ์กาญจนบุรี (สำนักงานใหญ่),015/0747,,ส0096,ม้วน,สำนักงาน,2026-01
21/1/2026,มีดคัทเตอร์ ใหญ่,65.00,3,195.00,หจก.อักษรภัณฑ์กาญจนบุรี (สำนักงานใหญ่),015/0747,,ส0162,เล่ม,สำนักงาน,2026-01
21/1/2026,"ปากกาเคมี 2 หัว ( ดำ,แดง,น้ำเงิน )",15.00,22,330.00,หจก.อักษรภัณฑ์กาญจนบุรี (สำนักงานใหญ่),015/0747,,ส0125,ด้าม,สำนักงาน,2026-01
21/1/2026,ปากกาเน้นข้อความ,38.00,8,304.00,หจก.อักษรภัณฑ์กาญจนบุรี (สำนักงานใหญ่),015/0747,,ส0126,ด้าม,สำนักงาน,2026-01
21/1/2026,แลคซีน 1.5 นิ้ว,55.00,3,165.00,หจก.อักษรภัณฑ์กาญจนบุรี (สำนักงานใหญ่),015/0747,,ส0176,ม้วน,สำนักงาน,2026-01
21/1/2026,ซองขาว,1.00,1100,"1,100.00",หจก.อักษรภัณฑ์กาญจนบุรี (สำนักงานใหญ่),015/0747,,ส0069,ซอง,สำนักงาน,2026-01
21/1/2026,ซองน้ำตาล A4 (ไม่ขยายข้าง),5.00,20,100.00,หจก.อักษรภัณฑ์กาญจนบุรี (สำนักงานใหญ่),015/0747,,ส0071,ซอง,สำนักงาน,2026-01
21/1/2026,ซองน้ำตาล A4 (ขยายข้าง),5.00,12,60.00,หจก.อักษรภัณฑ์กาญจนบุรี (สำนักงานใหญ่),015/0747,,ส0070,ซอง,สำนักงาน,2026-01
21/1/2026,แม็กซ์ เบอร์ 10,245.00,4,980.00,หจก.อักษรภัณฑ์กาญจนบุรี (สำนักงานใหญ่),015/0747,,ส0163,ตัว,สำนักงาน,2026-01
21/1/2026,สมุดเบอร์ 2,60.00,12,720.00,หจก.อักษรภัณฑ์กาญจนบุรี (สำนักงานใหญ่),015/0748,,ส0191,เล่ม,สำนักงาน,2026-01
21/1/2026,ตลับชาติ (เบอร์ 2),40.00,7,280.00,หจก.อักษรภัณฑ์กาญจนบุรี (สำนักงานใหญ่),015/0748,,ส0082,ตลับ,สำนักงาน,2026-01
21/1/2026,"หมึกเติมตลับชาติ ดำ,แดง,น้ำเงิน",12.00,3,36.00,หจก.อักษรภัณฑ์กาญจนบุรี (สำนักงานใหญ่),015/0748,,ส0203,ขวด,สำนักงาน,2026-01
21/1/2026,นาฬิกาแขวน,395.00,2,790.00,หจก.อักษรภัณฑ์กาญจนบุรี (สำนักงานใหญ่),015/0748,,ส0109,เรือน,สำนักงาน,2026-01
21/1/2026,แฟ้มเสนอเซ็นต์,195.00,4,780.00,หจก.อักษรภัณฑ์กาญจนบุรี (สำนักงานใหญ่),015/0748,,ส0155,แฟ้ม,สำนักงาน,2026-01
21/1/2026,กรรไกร,85.00,6,510.00,หจก.อักษรภัณฑ์กาญจนบุรี (สำนักงานใหญ่),015/0748,,ส0002,เล่ม,สำนักงาน,2026-01
21/1/2026,แฟ้มห่วง 3 นิ้ว,75.00,4,300.00,หจก.อักษรภัณฑ์กาญจนบุรี (สำนักงานใหญ่),015/0748,,ส0158,แฟ้ม,สำนักงาน,2026-01
21/1/2026,แฟ้มห่วง 3 นิ้ว,95.00,1,95.00,หจก.อักษรภัณฑ์กาญจนบุรี (สำนักงานใหญ่),015/0748,,ส0158,แฟ้ม,สำนักงาน,2026-01
21/1/2026,"สเปรย์ฉีดแมลง,ยุง",110.00,1,110.00,วังโพธิ์พาณิชย์,5/35,,ง0206,กระป๋อง,งานบ้านงานครัว,2026-01
21/1/2026,สเปรย์ปรับอากาศ-ดับกลิ่น,125.00,9,"1,125.00",วังโพธิ์พาณิชย์,5/35,,ง0207,กระป๋อง,งานบ้านงานครัว,2026-01
21/1/2026,ฟองน้ำพร้อมสก็อตไบรท์,20.00,13,260.00,วังโพธิ์พาณิชย์,5/35,,ง0179,แผ่น,งานบ้านงานครัว,2026-01
21/1/2026,ที่ตักผง,35.00,1,35.00,วังโพธิ์พาณิชย์,5/35,,ง0106,อัน,งานบ้านงานครัว,2026-01
21/1/2026,ไม้กวาดอ่อน,50.00,3,150.00,วังโพธิ์พาณิชย์,5/35,,ง0187,อัน,งานบ้านงานครัว,2026-01
21/1/2026,ถ่าน ขนาด AA (อัลคาไลน์),25.00,180,"4,500.00",วังโพธิ์พาณิชย์,5/35,,ง0064,ก้อน,งานบ้านงานครัว,2026-01
21/1/2026,เชือกฟาง,40.00,3,120.00,วังโพธิ์พาณิชย์,5/35,,ง0042,ม้วน,งานบ้านงานครัว,2026-01
21/1/2026,แปรงซักผ้า,20.00,1,20.00,วังโพธิ์พาณิชย์,5/35,,ง0145,อัน,งานบ้านงานครัว,2026-01
21/1/2026,กะละมัง,50.00,2,100.00,วังโพธิ์พาณิชย์,5/35,,ง0017,ใบ,งานบ้านงานครัว,2026-01
21/1/2026,เจลก้อนหอม,100.00,6,600.00,วังโพธิ์พาณิชย์,5/35,,ง0016,ก้อน,งานบ้านงานครัว,2026-01
21/1/2026,ขวดสเปรย์ (เล็ก) (ขวดเปล่า),40.00,5,200.00,วังโพธิ์พาณิชย์,5/35,,ง0026,ขวด,งานบ้านงานครัว,2026-01
21/1/2026,ถังขยะชนิดเหยียบ ขนาด 18 ลิตร,440.00,1,440.00,วังโพธิ์พาณิชย์,5/36,,ง0053,ใบ,งานบ้านงานครัว,2026-01
21/1/2026,ไฟฉายแบบชาร์จ,160.00,2,320.00,วังโพธิ์พาณิชย์,5/36,,ง0182,กระบอก,งานบ้านงานครัว,2026-01
22/1/2026,น้ำยาซักผ้าขาวและผ้าสี (บรรจุ 20 ลิตร),"1,872.50",5,"9,362.50",ห้างหุ้นส่วนจำกัด ปัญยวีร์ เทรดดิ้ง,690120,,ง0131,ถัง,งานบ้านงานครัว,2026-01
22/1/2026,ผลิตภัณฑ์เสริมด่าง,"1,284.00",5,"6,420.00",ห้างหุ้นส่วนจำกัด ปัญยวีร์ เทรดดิ้ง,690120,,ง0152,ถัง,งานบ้านงานครัว,2026-01
23/1/2026,ปั๊มน้ำ,379.00,1,379.00,บริษัท เคเอสพี.เซลส์แอนด์เซอร์วิส จำกัด (สำนักงานใหญ่),IV6901/258,,ป0099,ชิ้น,ประปา,2026-01
26/1/2026,ข้อต่อสายแบบล๊อค,7.49,100,749.00,บริษัท ทัศศิพรเอ็นเทอไพรซ์ จำกัด,IV0012699,,ฟ0023,อัน,ไฟฟ้า,2026-01
26/1/2026,TONER HP 107A,"1,250.00",3,"3,750.00",ห้างหุ้นส่วนจำกัด ฟรีดอมเทค คอมพิวเตอร์,IV6901004,,ค0070,ตลับ,คอมพิวเตอร์,2026-01
26/1/2026,TONER HP 145A,"1,390.00",6,"8,340.00",ห้างหุ้นส่วนจำกัด ฟรีดอมเทค คอมพิวเตอร์,IV6901004,,ค0071,ตลับ,คอมพิวเตอร์,2026-01
26/1/2026,Cable USB For Printer (2M),150.00,1,150.00,ร้าน FREEDOM TECH ,FDT2601008,,ค0072,เส้น,คอมพิวเตอร์,2026-01
26/1/2026,Cable USB For Printer (5M),290.00,1,290.00,ร้าน FREEDOM TECH ,FDT2601008,,ค0073,เส้น,คอมพิวเตอร์,2026-01
26/1/2026,สาย USB TO MINI /5PIN (3),190.00,1,190.00,ร้าน FREEDOM TECH ,FDT2601008,,ค0074,เส้น,คอมพิวเตอร์,2026-01
26/1/2026,สายต่อกล้องเว็บแคม 20 เมตร,590.00,2,"1,180.00",ร้าน FREEDOM TECH ,FDT2601008,,ค0075,เส้น,คอมพิวเตอร์,2026-01
26/1/2026,สายต่อกล้องเว็บแคม 10 เมตร,350.00,1,350.00,ร้าน FREEDOM TECH ,FDT2601008,,ค0076,เส้น,คอมพิวเตอร์,2026-01
2/2/2026,น้ำมันดีเซล,30.42,1109.70,"33,757.00",บริษัท แอล อาร์ เซอร์วิส จำกัด,69/01-001,,ช0001,ลิตร,เชื้อเพลิง,2026-02
2/2/2026,ถุงขยะสีแดง ขนาด 16*28 นิ้ว (พิมพ์ลาย),80.00,50,"4,000.00",สำนักงานสาธารณสุขจังหวัดกาญจนบุรี,,,ง0074,แพ็ค,งานบ้านงานครัว,2026-02
3/2/2026,น้ำมันดีเซล,30.20,1285.60,"38,825.00",บริษัท แอล อาร์ เซอร์วิส จำกัด,69/01-002,,ช0001,ลิตร,เชื้อเพลิง,2026-02
5/2/2026,กระดาษไข SF A4/L,"2,232.50",2,"4,465.00",บริษัท ริโซ่ (ประเทศไทย) จำกัด,69020175,,ส0018,หลอด,สำนักงาน,2026-02
5/2/2026,หมึกพิมพ์สำเนา SF สีดำ,"1,130.49",1,"1,130.49",บริษัท ริโซ่ (ประเทศไทย) จำกัด,69020175,,ส0204,หลอด,สำนักงาน,2026-02
5/2/2026,หมึกพิมพ์สำเนา SF สีดำ,"1,130.50",5,"5,652.50",บริษัท ริโซ่ (ประเทศไทย) จำกัด,69020175,,ส0204,หลอด,สำนักงาน,2026-02
5/2/2026,แก๊สหุงต้ม ขนาด 48 กก.,"1,356.00",4,"5,424.00",บริษัท ธนกาญจน์แก๊ส จำกัด,119/5925,,ง0023,ถัง,งานบ้านงานครัว,2026-02
9/2/2026,น้ำยาซักผ้า (บรรจุ 20 ลิตร),909.50,5,"4,547.50",ห้างหุ้นส่วนจำกัด ปัญยวีร์ เทรดดิ้ง,690204,,ง0124,ถัง,งานบ้านงานครัว,2026-02
9/2/2026,น้ำยาปรับผ้านุ่ม (บรรจุ 20 ลิตร),631.30,5,"3,156.50",ห้างหุ้นส่วนจำกัด ปัญยวีร์ เทรดดิ้ง,690204,,ง0129,ถัง,งานบ้านงานครัว,2026-02
13/2/2026,น้ำยาเคลือบแห้ง(IC),"4,500.00",6,"27,000.00",ห้างหุ้นส่วนจำกัด ปัญยวีร์ เทรดดิ้ง,26-02-0165,,ง0122,แกลลอน,งานบ้านงานครัว,2026-02
10/2/2026,สายคันเร่ง+แฮนด์ ครบชุด,400.00,1,400.00,โชตินันท์ การเกษตร,106/05283,,เก0067,ชุด,วัสดุการเกษตร,2026-02
10/2/2026,ตะไบ,50.00,1,50.00,โชตินันท์ การเกษตร,106/05283,,เก0021,ตัว,วัสดุการเกษตร,2026-02
10/2/2026,กรวยเติมน้ำมัน,65.00,1,65.00,โชตินันท์ การเกษตร,106/05283,,เก0068,อัน,วัสดุการเกษตร,2026-02
10/2/2026,คลัชท์,300.00,1,300.00,โชตินันท์ การเกษตร,106/05283,,เก0008,ชุด,วัสดุการเกษตร,2026-02
10/2/2026,หัวเทียน,50.00,1,50.00,โชตินันท์ การเกษตร,106/05283,,เก0063,หัว,วัสดุการเกษตร,2026-02
10/2/2026,สายน้ำมัน,50.00,1,50.00,โชตินันท์ การเกษตร,106/05283,,เก0057,เส้น,วัสดุการเกษตร,2026-02
10/2/2026,น๊อต,7.00,10,70.00,โชตินันท์ การเกษตร,106/05283,,เก0025,ตัว,วัสดุการเกษตร,2026-02
13/2/2026,น้ำยาล้างเครื่องมือแพทย์,"4,044.60",10,"40,446.00",บริษัท เคมเทค เฮลท์แคร์ จำกัด,26-02-0164,,ง0239,แกลลอน,งานบ้านงานครัว,2026-02
13/2/2026,รางนีออน LED,144.45,10,"1,444.50",บริษัท ทัศศิพรเอ็นเทอไพรซ์ จำกัด,IV0013052,,ฟ0104,ชุด,ไฟฟ้า,2026-02
13/2/2026,หลอด LED,129.47,36,"4,660.92",บริษัท ทัศศิพรเอ็นเทอไพรซ์ จำกัด,IV0013052,,ฟ0144,หลอด,ไฟฟ้า,2026-02
20/2/2026,สวิทต์ฝัง เนใหม่,42.80,30,"1,284.00",บริษัท ทัศศิพรเอ็นเทอไพรซ์ จำกัด,IV0013138,,ฟ0117,ตัว,ไฟฟ้า,2026-02
20/2/2026,รางนีออน LED,120.91,30,"3,627.30",บริษัท ทัศศิพรเอ็นเทอไพรซ์ จำกัด,IV0013138,,ฟ0104,ชุด,ไฟฟ้า,2026-02
23/2/2026,"สติ๊กเกอร์ชื่อ(30,000ดวง/2,000 ต่อลัง)","4,400.00",10,"44,000.00",หจก.ที.ซี.เอ็ม อินเตอร์เทรด(1997),IV69017206,,ส0181,ลัง,สำนักงาน,2026-02
23/2/2026,สติ๊กเกอร์ไดเร็คเทอมอล 8.5*6 ซม.(เภสัช),0.28,120000,"33,600.00",หจก.ที.ซี.เอ็ม อินเตอร์เทรด(1997),IV69017206,,ส0183,ลัง,สำนักงาน,2026-02
24/2/2026,มิเตอร์น้ำ,550.00,25,"13,750.00", บริษัท ศศิศรัณย์วัสดุก่อสร้าง จำกัด (สำนักงานใหญ่),INV-260224001,,ป0040,อัน,ประปา,2026-02
24/2/2026,บอลวาล์ว(ประปา),140.00,25,"3,500.00", บริษัท ศศิศรัณย์วัสดุก่อสร้าง จำกัด (สำนักงานใหญ่),INV-260224001,,ป0102,ชิ้น,ประปา,2026-02
24/2/2026,กาวทาท่อ(ประปา),160.00,1,160.00, บริษัท ศศิศรัณย์วัสดุก่อสร้าง จำกัด (สำนักงานใหญ่),INV-260224001,,ป0103,กระป๋อง,ประปา,2026-02
25/2/2026,ผ้าขนหนูเช็ดมือ ขนาด 12*12 นิ้ว,275.00,60,"16,500.00",หจก.อักษรภัณฑ์กาญจนบุรี (สำนักงานใหญ่),024/1158,,ง0153,โหล,งานบ้านงานครัว,2026-02
25/2/2026,แผ่นขัดพื้นสีดำ ขนาด 18 นิ้ว,375.00,1,375.00,หจก.อักษรภัณฑ์กาญจนบุรี (สำนักงานใหญ่),024/1158,,ง0171,แผ่น,งานบ้านงานครัว,2026-02
25/2/2026,น้ำยาเคลือบเงาพื้น (บรรจุ 3.8 ลิตร),834.60,8,"6,676.80",บริษัท สยามยูเนี่ยนเคมีคอล จำกัด,SOSU6902044,,ง0121,แกลลอน,งานบ้านงานครัว,2026-02
24/2/2026,โคมแอลอีดี ฟลัดไลท์ 100วัตต์,858.00,1,858.00,บริษัท สยามโกลบอลเฮ้า จำกัด (มหาชน) สำนักงานใหญ่,GHKJSA02AIV-690224-0002,,ฟ0165,อัน,ไฟฟ้า,2026-02
24/2/2026,โคมแอลอีดี ฟลัดไลท์ 50วัตต์,458.00,1,458.00,บริษัท สยามโกลบอลเฮ้า จำกัด (มหาชน) สำนักงานใหญ่,GHKJSA02AIV-690224-0002,,ฟ0166,อัน,ไฟฟ้า,2026-02
24/2/2026,โคมฟลัดไลท์ LED,389.00,2,778.00,บริษัท สยามโกลบอลเฮ้า จำกัด (มหาชน) สำนักงานใหญ่,GHKJSA02AIV-690224-0002,,ฟ0043,ชุด,ไฟฟ้า,2026-02
24/2/2026,ชุดหลอดไฟ LED โซล่าเซลล์,858.00,1,858.00,บริษัท สยามโกลบอลเฮ้า จำกัด (มหาชน) สำนักงานใหญ่,GHKJSA02AIV-690224-0002,,ฟ0167,กล่อง,ไฟฟ้า,2026-02
24/2/2026,ท่อร้อยสาย,184.00,4,736.00,บริษัท สยามโกลบอลเฮ้า จำกัด (มหาชน) สำนักงานใหญ่,GHKJSA02AIV-690224-0001,,ก0285,เส้น,วัสดุก่อสร้าง,2026-02
24/2/2026,จอบ,379.00,1,379.00,บริษัท สยามโกลบอลเฮ้า จำกัด (มหาชน) สำนักงานใหญ่,GHKJSA02AIV-690224-0001,,ก0286,ด้าม,วัสดุก่อสร้าง,2026-02
24/2/2026,เคเบิ้ลไทร์,68.00,1,68.00,บริษัท สยามโกลบอลเฮ้า จำกัด (มหาชน) สำนักงานใหญ่,GHKJSA02AIV-690224-0001,,ก0047,ถุง,วัสดุก่อสร้าง,2026-02
24/2/2026,จอบ,269.00,1,269.00,บริษัท สยามโกลบอลเฮ้า จำกัด (มหาชน) สำนักงานใหญ่,GHKJSA02AIV-690224-0001,,ก0286,ด้าม,วัสดุก่อสร้าง,2026-02
24/2/2026,สายยาง,479.00,1,479.00,บริษัท สยามโกลบอลเฮ้า จำกัด (มหาชน) สำนักงานใหญ่,GHKJSA02AIV-690224-0001,,ก0287,ม้วน,วัสดุก่อสร้าง,2026-02
24/2/2026,ท่อหด PVC,23.00,2,46.00,บริษัท สยามโกลบอลเฮ้า จำกัด (มหาชน) สำนักงานใหญ่,GHKJSA02AIV-690224-0001,,ก0288,แพ็ค,วัสดุก่อสร้าง,2026-02
24/2/2026,ทินเนอร์,215.00,2,430.00,บริษัท สยามโกลบอลเฮ้า จำกัด (มหาชน) สำนักงานใหญ่,GHKJSA02AIV-690224-0001,,ก0106,กระป๋อง,วัสดุก่อสร้าง,2026-02
24/2/2026,สเก็น 3/8,72.00,1,72.00,บริษัท สยามโกลบอลเฮ้า จำกัด (มหาชน) สำนักงานใหญ่,GHKJSA02AIV-690224-0001,,ก0289,ตัว,วัสดุก่อสร้าง,2026-02
24/2/2026,สีเคลือบเงา,755.00,1,755.00,บริษัท สยามโกลบอลเฮ้า จำกัด (มหาชน) สำนักงานใหญ่,GHKJSA02AIV-690224-0001,,ก0231,แกลลอน,วัสดุก่อสร้าง,2026-02
24/2/2026,สีเคลือบด้าน,645.00,2,"1,290.00",บริษัท สยามโกลบอลเฮ้า จำกัด (มหาชน) สำนักงานใหญ่,GHKJSA02AIV-690224-0001,,ก0290,แกลลอน,วัสดุก่อสร้าง,2026-02
24/2/2026,สกรูยึดไม้,186.85,1,186.85,บริษัท สยามโกลบอลเฮ้า จำกัด (มหาชน) สำนักงานใหญ่,GHKJSA02AIV-690224-0001,,ก0296,กล่อง,วัสดุก่อสร้าง,2026-02
24/2/2026,แปรงทาสี,115.00,2,230.00,บริษัท สยามโกลบอลเฮ้า จำกัด (มหาชน) สำนักงานใหญ่,GHKJSA02AIV-690224-0001,,ก0157,อัน,วัสดุก่อสร้าง,2026-02
24/2/2026,ใบเจียร์,29.00,5,145.00,บริษัท สยามโกลบอลเฮ้า จำกัด (มหาชน) สำนักงานใหญ่,GHKJSA02AIV-690224-0001,,ก0124,ใบ,วัสดุก่อสร้าง,2026-02
24/2/2026,เคเบิ้ลไทร์,189.00,1,189.00,บริษัท สยามโกลบอลเฮ้า จำกัด (มหาชน) สำนักงานใหญ่,GHKJSA02AIV-690224-0001,,ก0047,ถุง,วัสดุก่อสร้าง,2026-02
24/2/2026,ดอกสว่านเจาะเหล็ก,60.00,1,60.00,บริษัท สยามโกลบอลเฮ้า จำกัด (มหาชน) สำนักงานใหญ่,GHKJSA02AIV-690224-0001,,ก0082,ตัว,วัสดุก่อสร้าง,2026-02
24/2/2026,แปรงทาสี,40.00,1,40.00,บริษัท สยามโกลบอลเฮ้า จำกัด (มหาชน) สำนักงานใหญ่,GHKJSA02AIV-690224-0001,,ก0157,อัน,วัสดุก่อสร้าง,2026-02
24/2/2026,แปรงทาสี,19.00,1,19.00,บริษัท สยามโกลบอลเฮ้า จำกัด (มหาชน) สำนักงานใหญ่,GHKJSA02AIV-690224-0001,,ก0157,อัน,วัสดุก่อสร้าง,2026-02
24/2/2026,พุกเหล็ก,32.00,1,32.00,บริษัท สยามโกลบอลเฮ้า จำกัด (มหาชน) สำนักงานใหญ่,GHKJSA02AIV-690224-0001,,ก0174,ตัว,วัสดุก่อสร้าง,2026-02
24/2/2026,เคเบิ้ลไทร์,19.00,1,19.00,บริษัท สยามโกลบอลเฮ้า จำกัด (มหาชน) สำนักงานใหญ่,GHKJSA02AIV-690224-0001,,ก0047,ถุง,วัสดุก่อสร้าง,2026-02
24/2/2026,ลวดเชื่อม,125.00,1,125.00,บริษัท สยามโกลบอลเฮ้า จำกัด (มหาชน) สำนักงานใหญ่,GHKJSA02AIV-690224-0001,,ก0193,กล่อง,วัสดุก่อสร้าง,2026-02
24/2/2026,ชุดลูกกลิ้งทาสี,149.00,1,149.00,บริษัท สยามโกลบอลเฮ้า จำกัด (มหาชน) สำนักงานใหญ่,GHKJSA02AIV-690224-0001,,ก0061,ชุด,วัสดุก่อสร้าง,2026-02
24/2/2026,แคล้มรัด,59.00,2,118.00,บริษัท สยามโกลบอลเฮ้า จำกัด (มหาชน) สำนักงานใหญ่,GHKJSA02AIV-690224-0001,,ก0291,แกลลอน,วัสดุก่อสร้าง,2026-02
24/2/2026,แคล้มรัด,108.00,2,216.00,บริษัท สยามโกลบอลเฮ้า จำกัด (มหาชน) สำนักงานใหญ่,GHKJSA02AIV-690224-0001,,ก0291,แกลลอน,วัสดุก่อสร้าง,2026-02
24/2/2026,กล่องเก็บอะไหล่พลาสติก,159.00,1,159.00,บริษัท สยามโกลบอลเฮ้า จำกัด (มหาชน) สำนักงานใหญ่,GHKJSA02AIV-690224-0001,,ก0292,กล่อง,วัสดุก่อสร้าง,2026-02
24/2/2026,เหล็กแป๊บสี่เหลี่ยม,169.68,5,848.40,บริษัท สยามโกลบอลเฮ้า จำกัด (มหาชน) สำนักงานใหญ่,GHKJSA02AIV-690224-0001,,ก0293,เส้น,วัสดุก่อสร้าง,2026-02
24/2/2026,เหล็กแป๊บสี่เหลี่ยม,634.28,2,"1,268.56",บริษัท สยามโกลบอลเฮ้า จำกัด (มหาชน) สำนักงานใหญ่,GHKJSA02AIV-690224-0001,,ก0293,เส้น,วัสดุก่อสร้าง,2026-02
24/2/2026,เหล็กแป๊บแบน,240.38,10,"2,403.80",บริษัท สยามโกลบอลเฮ้า จำกัด (มหาชน) สำนักงานใหญ่,GHKJSA02AIV-690224-0001,,ก0260,เส้น,วัสดุก่อสร้าง,2026-02
24/2/2026,เหล็กแป๊บแบน,630.24,10,"6,302.40",บริษัท สยามโกลบอลเฮ้า จำกัด (มหาชน) สำนักงานใหญ่,GHKJSA02AIV-690224-0001,,ก0260,เส้น,วัสดุก่อสร้าง,2026-02
24/2/2026,เหล็กฉาก,322.37,1,322.37,บริษัท สยามโกลบอลเฮ้า จำกัด (มหาชน) สำนักงานใหญ่,GHKJSA02AIV-690224-0001,,ก0257,เส้น,วัสดุก่อสร้าง,2026-02
24/2/2026,สกรูยิงเมทัลชีท,179.00,1,179.00,บริษัท สยามโกลบอลเฮ้า จำกัด (มหาชน) สำนักงานใหญ่,GHKJSA02AIV-690224-0001,,ก0209,ถุง,วัสดุก่อสร้าง,2026-02
24/2/2026,ตะแกรงเหล็กฉีก,899.50,1,899.50,บริษัท สยามโกลบอลเฮ้า จำกัด (มหาชน) สำนักงานใหญ่,GHKJSA02AIV-690224-0001,,ก0294,แผ่น,วัสดุก่อสร้าง,2026-02
24/2/2026,เฌอร่า ไม้พื้น,514.09,15,"7,711.35",บริษัท สยามโกลบอลเฮ้า จำกัด (มหาชน) สำนักงานใหญ่,GHKJSA02AIV-690224-0001,,ก0295,แผ่น,วัสดุก่อสร้าง,2026-02
25/2/2026,กระดาษ A4 80 แกรม (สีขาว),130.00,80,"10,400.00",หจก.อักษรภัณฑ์กาญจนบุรี (สำนักงานใหญ่),024/1155,,ส0009,รีม,สำนักงาน,2026-02
25/2/2026,กระดาษ A4 80 แกรม (ทุกสี),240.00,5,"1,200.00",หจก.อักษรภัณฑ์กาญจนบุรี (สำนักงานใหญ่),024/1155,,ส0008,รีม,สำนักงาน,2026-02
25/2/2026,กระดาษ A4 180 แกรม (ทุกสี),135.00,4,540.00,หจก.อักษรภัณฑ์กาญจนบุรี (สำนักงานใหญ่),024/1155,,ส0012,รีม,สำนักงาน,2026-02
25/2/2026,กระดาษกาวย่น 1 นิ้ว,38.00,13,494.00,หจก.อักษรภัณฑ์กาญจนบุรี (สำนักงานใหญ่),024/1155,,ส0015,ม้วน,สำนักงาน,2026-02
25/2/2026,กระดาษกาวปิดลังพัสดุ,25.00,2,50.00,หจก.อักษรภัณฑ์กาญจนบุรี (สำนักงานใหญ่),024/1155,,ส0014,ม้วน,สำนักงาน,2026-02
25/2/2026,คลิบบอร์ด (A4),59.00,23,"1,357.00",หจก.อักษรภัณฑ์กาญจนบุรี (สำนักงานใหญ่),024/1155,,ส0053,แผ่น,สำนักงาน,2026-02
25/2/2026,แฟ้มห่วง 3 นิ้ว,75.00,7,525.00,หจก.อักษรภัณฑ์กาญจนบุรี (สำนักงานใหญ่),024/1155,,ส0158,แฟ้ม,สำนักงาน,2026-02
25/2/2026,กระดาษคาร์บอน,165.00,1,165.00,หจก.อักษรภัณฑ์กาญจนบุรี (สำนักงานใหญ่),024/1155,,ส0019,แพ็ค,สำนักงาน,2026-02
25/2/2026,กาว 2 หน้า บาง,20.00,3,60.00,หจก.อักษรภัณฑ์กาญจนบุรี (สำนักงานใหญ่),024/1155,,ส0043,ม้วน,สำนักงาน,2026-02
25/2/2026,กาว 2 หน้า หนา,275.00,3,825.00,หจก.อักษรภัณฑ์กาญจนบุรี (สำนักงานใหญ่),024/1155,,ส0044,ม้วน,สำนักงาน,2026-02
25/2/2026,ลวดเสียบกระดาษ,12.00,8,96.00,หจก.อักษรภัณฑ์กาญจนบุรี (สำนักงานใหญ่),024/1155,,ส0171,กล่อง,สำนักงาน,2026-02
25/2/2026,คลิบหนีบ 2 ขา สีดำ เบอร์ 108,90.00,5,450.00,หจก.อักษรภัณฑ์กาญจนบุรี (สำนักงานใหญ่),024/1155,,ส0055,กล่อง,สำนักงาน,2026-02
25/2/2026,เทปใส 3/4 นิ้ว,30.00,8,240.00,หจก.อักษรภัณฑ์กาญจนบุรี (สำนักงานใหญ่),024/1155,,ส0097,ม้วน,สำนักงาน,2026-02
25/2/2026,เทปใส 3/4 นิ้ว,30.00,14,420.00,หจก.อักษรภัณฑ์กาญจนบุรี (สำนักงานใหญ่),024/1155,,ส0097,ม้วน,สำนักงาน,2026-02
25/2/2026,เทปใส 1 นิ้ว,40.00,23,920.00,หจก.อักษรภัณฑ์กาญจนบุรี (สำนักงานใหญ่),024/1155,,ส0095,ม้วน,สำนักงาน,2026-02
25/2/2026,ใบมีดคัทเตอร์ เล่มใหญ่,35.00,2,70.00,หจก.อักษรภัณฑ์กาญจนบุรี (สำนักงานใหญ่),024/1155,,ส0116,กล่อง,สำนักงาน,2026-02
25/2/2026,ใบมีดคัทเตอร์ เล่มเล็ก,25.00,1,25.00,หจก.อักษรภัณฑ์กาญจนบุรี (สำนักงานใหญ่),024/1155,,ส0115,กล่อง,สำนักงาน,2026-02
25/2/2026,มีดคัทเตอร์ ใหญ่,65.00,1,65.00,หจก.อักษรภัณฑ์กาญจนบุรี (สำนักงานใหญ่),024/1156,,ส0162,เล่ม,สำนักงาน,2026-02
25/2/2026,"ปากกาเคมี 2 หัว ( ดำ,แดง,น้ำเงิน )",15.00,6,90.00,หจก.อักษรภัณฑ์กาญจนบุรี (สำนักงานใหญ่),024/1156,,ส0125,ด้าม,สำนักงาน,2026-02
25/2/2026,ปากกาเน้นข้อความ,38.00,2,76.00,หจก.อักษรภัณฑ์กาญจนบุรี (สำนักงานใหญ่),024/1156,,ส0126,ด้าม,สำนักงาน,2026-02
25/2/2026,กาวUHU,75.00,2,150.00,หจก.อักษรภัณฑ์กาญจนบุรี (สำนักงานใหญ่),024/1156,,ส0045,หลอด,สำนักงาน,2026-02
25/2/2026,ซองขาว,1.00,300,300.00,หจก.อักษรภัณฑ์กาญจนบุรี (สำนักงานใหญ่),024/1156,,ส0069,ซอง,สำนักงาน,2026-02
25/2/2026,ซองน้ำตาล A4 (ไม่ขยายข้าง),5.00,80,400.00,หจก.อักษรภัณฑ์กาญจนบุรี (สำนักงานใหญ่),024/1156,,ส0071,ซอง,สำนักงาน,2026-02
25/2/2026,สมุดเบอร์ 2,60.00,6,360.00,หจก.อักษรภัณฑ์กาญจนบุรี (สำนักงานใหญ่),024/1156,,ส0191,เล่ม,สำนักงาน,2026-02
25/2/2026,ตลับชาติ (เบอร์ 2),40.00,1,40.00,หจก.อักษรภัณฑ์กาญจนบุรี (สำนักงานใหญ่),024/1156,,ส0082,ตลับ,สำนักงาน,2026-02
25/2/2026,"หมึกเติมตลับชาติ ดำ,แดง,น้ำเงิน",12.00,6,72.00,หจก.อักษรภัณฑ์กาญจนบุรี (สำนักงานใหญ่),024/1156,,ส0203,ขวด,สำนักงาน,2026-02
25/2/2026,ตาไก่ (เล็ก),265.00,1,265.00,หจก.อักษรภัณฑ์กาญจนบุรี (สำนักงานใหญ่),024/1156,,ส0084,อัน,สำนักงาน,2026-02
25/2/2026,โพสอิท (สติ๊กเกอร์โน๊ต) ชิ้นเล็ก ๆ,39.00,5,195.00,หจก.อักษรภัณฑ์กาญจนบุรี (สำนักงานใหญ่),024/1156,,ส0146,แพ็ค,สำนักงาน,2026-02
25/2/2026,โพสอิท (สติ๊กเกอร์โน๊ต) สี่เหลี่ยม,39.00,7,273.00,หจก.อักษรภัณฑ์กาญจนบุรี (สำนักงานใหญ่),024/1156,,ส0147,แพ็ค,สำนักงาน,2026-02
25/2/2026,กาวตราช้าง,25.00,3,75.00,หจก.อักษรภัณฑ์กาญจนบุรี (สำนักงานใหญ่),024/1156,,ส0046,หลอด,สำนักงาน,2026-02
25/2/2026,ปากกาเขียน CD,25.00,5,125.00,หจก.อักษรภัณฑ์กาญจนบุรี (สำนักงานใหญ่),024/1156,,ส0123,ด้าม,สำนักงาน,2026-02
25/2/2026,เหล็กคั่นแฟ้ม,65.00,2,130.00,หจก.อักษรภัณฑ์กาญจนบุรี (สำนักงานใหญ่),024/1156,,ส0206,อัน,สำนักงาน,2026-02
25/2/2026,ปากกาลบคำผิดแบบเทป,59.00,10,590.00,หจก.อักษรภัณฑ์กาญจนบุรี (สำนักงานใหญ่),024/1156,,ส0127,อัน,สำนักงาน,2026-02
25/2/2026,สมุดลงเวลาปฏิบัติงาน,95.00,1,95.00,หจก.อักษรภัณฑ์กาญจนบุรี (สำนักงานใหญ่),024/1156,,ส0193,เล่ม,สำนักงาน,2026-02
25/2/2026,เทปกันลื่น,135.00,4,540.00,หจก.อักษรภัณฑ์กาญจนบุรี (สำนักงานใหญ่),024/1156,,ส0093,ม้วน,สำนักงาน,2026-02
25/2/2026,กรรไกร,85.00,5,425.00,หจก.อักษรภัณฑ์กาญจนบุรี (สำนักงานใหญ่),024/1156,,ส0002,เล่ม,สำนักงาน,2026-02
25/2/2026,คลิบหนีบ 2 ขา สีดำ เบอร์ 109,80.00,3,240.00,หจก.อักษรภัณฑ์กาญจนบุรี (สำนักงานใหญ่),024/1156,,ส0056,กล่อง,สำนักงาน,2026-02
25/2/2026,ธงชาติ ขนาด 120*180 ซม.,160.00,2,320.00,หจก.อักษรภัณฑ์กาญจนบุรี (สำนักงานใหญ่),024/1156,,ส0218,ผืน,สำนักงาน,2026-02
25/2/2026,"สเปรย์ฉีดแมลง,ยุง",105.00,8,840.00,วังโพธิ์พาณิชย์,5/38,,ง0206,กระป๋อง,งานบ้านงานครัว,2026-02
25/2/2026,สเปรย์ปรับอากาศ-ดับกลิ่น,135.00,3,405.00,วังโพธิ์พาณิชย์,5/38,,ง0207,กระป๋อง,งานบ้านงานครัว,2026-02
25/2/2026,ฟองน้ำพร้อมสก็อตไบรท์,20.00,15,300.00,วังโพธิ์พาณิชย์,5/38,,ง0179,แผ่น,งานบ้านงานครัว,2026-02
25/2/2026,ไม้กวาดอ่อน,50.00,4,200.00,วังโพธิ์พาณิชย์,5/38,,ง0187,อัน,งานบ้านงานครัว,2026-02
25/2/2026,ถ่าน ขนาด AA (อัลคาไลน์),25.00,32,800.00,วังโพธิ์พาณิชย์,5/38,,ง0064,ก้อน,งานบ้านงานครัว,2026-02
25/2/2026,ถ่าน ขนาด AAA (อัลคาไลน์),25.00,20,500.00,วังโพธิ์พาณิชย์,5/38,,ง0065,ก้อน,งานบ้านงานครัว,2026-02
25/2/2026,เชือกฟาง,40.00,2,80.00,วังโพธิ์พาณิชย์,5/38,,ง0042,ม้วน,งานบ้านงานครัว,2026-02
25/2/2026,ผงซักฟอก ,175.00,8,"1,400.00",วังโพธิ์พาณิชย์,5/38,,ง0148,ถุง,งานบ้านงานครัว,2026-02
25/2/2026,น้ำยาล้างจาน (บรรจุ 3.8 ลิตร),195.00,4,780.00,วังโพธิ์พาณิชย์,5/38,,ง0135,แกลลอน,งานบ้านงานครัว,2026-02
25/2/2026,น้ำยาโซแนค,100.00,1,100.00,วังโพธิ์พาณิชย์,5/38,,ง0126,กระป๋อง,งานบ้านงานครัว,2026-02
25/2/2026,ที่ตักผง,85.00,3,255.00,วังโพธิ์พาณิชย์,5/38,,ง0106,อัน,งานบ้านงานครัว,2026-02
25/2/2026,ไฟฉายแบบชาร์จ,160.00,2,320.00,วังโพธิ์พาณิชย์,5/39,,ง0182,กระบอก,งานบ้านงานครัว,2026-02
25/2/2026,มีดโกน 2 คม,20.00,48,960.00,วังโพธิ์พาณิชย์,5/39,,ง0183,โหล,งานบ้านงานครัว,2026-02
25/2/2026,สายยาง 20 เมตร,500.00,1,500.00,วังโพธิ์พาณิชย์,5/39,,ง0243,เมตร,งานบ้านงานครัว,2026-02
25/2/2026,แปรงขัดพื้นด้ามยาว,90.00,2,180.00,วังโพธิ์พาณิชย์,5/39,,ง0144,อัน,งานบ้านงานครัว,2026-02
25/2/2026,สก็อตไบรท์,150.00,2,300.00,วังโพธิ์พาณิชย์,5/39,,ง0203,แผ่น,งานบ้านงานครัว,2026-02
25/2/2026,ขวดสเปรย์ (เล็ก) (ขวดเปล่า),40.00,36,"1,440.00",วังโพธิ์พาณิชย์,5/39,,ง0026,ขวด,งานบ้านงานครัว,2026-02
25/2/2026,ไม้กวาดแข็ง,50.00,6,300.00,วังโพธิ์พาณิชย์,5/39,,ง0185,อัน,งานบ้านงานครัว,2026-02
25/2/2026,กรวยกรอกน้ำ,30.00,1,30.00,วังโพธิ์พาณิชย์,5/39,,ง0004,อัน,งานบ้านงานครัว,2026-02
26/2/2026,บอลวาล์ว พีวีซี,13.00,5,65.00,บริษัท สยามโกลบอลเฮ้า จำกัด (มหาชน) สำนักงานใหญ่,GHKSA02AIV-690226-0001,,ป0029,ชุด,ประปา,2026-02
26/2/2026,ท่อน้ำทิ้ง,209.00,5,"1,045.00",บริษัท สยามโกลบอลเฮ้า จำกัด (มหาชน) สำนักงานใหญ่,GHKSA02AIV-690226-0001,,ป0023,ชุด,ประปา,2026-02
26/2/2026,ก๊อกอ่างล้างหน้าทรงเตี้ย,189.00,5,945.00,บริษัท สยามโกลบอลเฮ้า จำกัด (มหาชน) สำนักงานใหญ่,GHKSA02AIV-690226-0001,,ป0083,ตัว,ประปา,2026-02
26/2/2026,ก๊อกอ่างล้างจาน แบบติดผนัง,229.00,3,687.00,บริษัท สยามโกลบอลเฮ้า จำกัด (มหาชน) สำนักงานใหญ่,GHKSA02AIV-690226-0001,,ป0082,อัน,ประปา,2026-02
26/2/2026,สายฝักบัว,299.00,5,"1,495.00",บริษัท สยามโกลบอลเฮ้า จำกัด (มหาชน) สำนักงานใหญ่,GHKSA02AIV-690226-0001,,ป0059,เส้น,ประปา,2026-02
26/2/2026,หัวฉีดชำระ (ประปา),139.00,10,"1,390.00",บริษัท สยามโกลบอลเฮ้า จำกัด (มหาชน) สำนักงานใหญ่,GHKSA02AIV-690226-0001,,ป0073,ชุด,ประปา,2026-02
26/2/2026,สายถักน้ำดีสแตนเลส (ประปา),140.00,5,700.00,บริษัท สยามโกลบอลเฮ้า จำกัด (มหาชน) สำนักงานใหญ่,GHKSA02AIV-690226-0001,,ป0080,เส้น,ประปา,2026-02
26/2/2026,มินิบอลวาล์วชุป,65.00,5,325.00,บริษัท สยามโกลบอลเฮ้า จำกัด (มหาชน) สำนักงานใหญ่,GHKSA02AIV-690226-0001,,ป0100,ตัว,ประปา,2026-02
26/2/2026,ฝาครอบพีวีซี,4.50,10,45.00,บริษัท สยามโกลบอลเฮ้า จำกัด (มหาชน) สำนักงานใหญ่,GHKSA02AIV-690226-0001,,ป0101,ชิ้น,ประปา,2026-02
26/2/2026,แผ่นตัดเหล็กไฟเบอร์,118.00,2,236.00,บริษัท สยามโกลบอลเฮ้า จำกัด (มหาชน) สำนักงานใหญ่,GHKSA01AIV-690226-0002,,ก0297,ใบ,วัสดุก่อสร้าง,2026-02
26/2/2026,ลูกกลิ้งทาสี,48.00,2,96.00,บริษัท สยามโกลบอลเฮ้า จำกัด (มหาชน) สำนักงานใหญ่,GHKSA01AIV-690226-0002,,ก0199,ชุด,วัสดุก่อสร้าง,2026-02
26/2/2026,ท่อหด PVC,23.00,1,23.00,บริษัท สยามโกลบอลเฮ้า จำกัด (มหาชน) สำนักงานใหญ่,GHKSA01AIV-690226-0002,,ก0288,แพ็ค,วัสดุก่อสร้าง,2026-02
26/2/2026,ไขควง,290.00,1,290.00,บริษัท สยามโกลบอลเฮ้า จำกัด (มหาชน) สำนักงานใหญ่,GHKSA01AIV-690226-0002,,ก0036,ชิ้น,วัสดุก่อสร้าง,2026-02
26/2/2026,คีมคอม้า,179.00,1,179.00,บริษัท สยามโกลบอลเฮ้า จำกัด (มหาชน) สำนักงานใหญ่,GHKSA01AIV-690226-0002,,ก0298,อัน,วัสดุก่อสร้าง,2026-02
26/2/2026,โซดาไฟ,57.00,5,285.00,บริษัท สยามโกลบอลเฮ้า จำกัด (มหาชน) สำนักงานใหญ่,GHKSA01AIV-690226-0002,,ก0073,ถุง,วัสดุก่อสร้าง,2026-02
26/2/2026,ลวดเชื่อม,179.00,2,358.00,บริษัท สยามโกลบอลเฮ้า จำกัด (มหาชน) สำนักงานใหญ่,GHKSA01AIV-690226-0002,,ก0193,กล่อง,วัสดุก่อสร้าง,2026-02
26/2/2026,ลูกบิดประตู,229.00,5,"1,145.00",บริษัท สยามโกลบอลเฮ้า จำกัด (มหาชน) สำนักงานใหญ่,GHKSA01AIV-690226-0002,,ก0200,ตัว,วัสดุก่อสร้าง,2026-02
26/2/2026,ลูกบิดประตู,225.00,3,675.00,บริษัท สยามโกลบอลเฮ้า จำกัด (มหาชน) สำนักงานใหญ่,GHKSA01AIV-690226-0002,,ก0200,ตัว,วัสดุก่อสร้าง,2026-02
26/2/2026,ถาดสี,49.00,2,98.00,บริษัท สยามโกลบอลเฮ้า จำกัด (มหาชน) สำนักงานใหญ่,GHKSA01AIV-690226-0002,,ก0098,อัน,วัสดุก่อสร้าง,2026-02
26/2/2026,ถาดสี,59.00,2,118.00,บริษัท สยามโกลบอลเฮ้า จำกัด (มหาชน) สำนักงานใหญ่,GHKSA01AIV-690226-0002,,ก0098,อัน,วัสดุก่อสร้าง,2026-02
26/2/2026,สกรูยิงแผ่นยิปซั่ม,68.68,2,137.36,บริษัท สยามโกลบอลเฮ้า จำกัด (มหาชน) สำนักงานใหญ่,GHKSA01AIV-690226-0002,,ก0207,กล่อง,วัสดุก่อสร้าง,2026-02
26/2/2026,แปรงทาสี,38.00,3,114.00,บริษัท สยามโกลบอลเฮ้า จำกัด (มหาชน) สำนักงานใหญ่,GHKSA01AIV-690226-0002,,ก0157,อัน,วัสดุก่อสร้าง,2026-02
26/2/2026,สีรองพื้น,910.00,1,910.00,บริษัท สยามโกลบอลเฮ้า จำกัด (มหาชน) สำนักงานใหญ่,GHKSA01AIV-690226-0002,,ก0237,ถัง,วัสดุก่อสร้าง,2026-02
2/3/2026,น้ำมันดีเซล,30.20,2557.02,"77,221.90",บริษัท แอล อาร์ เซอร์วิส จำกัด,69/02-001,,ช0001,ลิตร,เชื้อเพลิง,2026-03
2/3/2026,น้ำมันเบนซิน,31.11,80.00,"2,488.80",บริษัท แอล อาร์ เซอร์วิส จำกัด,69/02-001,,ช0002,ลิตร,เชื้อเพลิง,2026-03
2/3/2026,ปูนซีเมนต์,152.00,2,304.00, บริษัท ศศิศรัณย์วัสดุก่อสร้าง จำกัด (สำนักงานใหญ่),INV-260302003,,ก0154,ถุง,วัสดุก่อสร้าง,2026-03
2/3/2026,ใบตัดเหล็ก,15.00,5,75.00, บริษัท ศศิศรัณย์วัสดุก่อสร้าง จำกัด (สำนักงานใหญ่),INV-260302003,,ก0127,ใบ,วัสดุก่อสร้าง,2026-03
2/3/2026,ข้อต่อตรง,5.00,1,5.00, บริษัท ศศิศรัณย์วัสดุก่อสร้าง จำกัด (สำนักงานใหญ่),INV-260302003,,ก0029,อัน,วัสดุก่อสร้าง,2026-03
9/3/2026,สบู่เหลวล้างมือ (แบบขวด),192.60,12,"2,311.20",ห้างหุ้นส่วนจำกัด พงษ์ไพบูลย์ ดิสทริบิวชั่น(สำนักงานใหญ่),IV0098256,,ง0205,ขวด,งานบ้านงานครัว,2026-03
9/3/2026,กระดาษเช็ดมือ,61.97,118,"7,312.46",ห้างหุ้นส่วนจำกัด พงษ์ไพบูลย์ ดิสทริบิวชั่น(สำนักงานใหญ่),IV0098256,,ง0008,ห่อ,งานบ้านงานครัว,2026-03
9/3/2026,กระดาษเช็ดมือ,62.02,2,124.04,ห้างหุ้นส่วนจำกัด พงษ์ไพบูลย์ ดิสทริบิวชั่น(สำนักงานใหญ่),IV0098256,,ง0008,ห่อ,งานบ้านงานครัว,2026-03
9/3/2026,กระดาษชำระม้วนใหญ่,107.00,80,"8,560.00",ห้างหุ้นส่วนจำกัด พงษ์ไพบูลย์ ดิสทริบิวชั่น(สำนักงานใหญ่),IV0098256,,ง0007,ม้วน,งานบ้านงานครัว,2026-03
10/3/2026,ผลิตภัณฑ์ทำความสะอาดClinicare Suction Cleaner DW ,"1,400.00",2,"2,800.00",บริษัท ซีทีเอ็ม โกลเบิล จำกัด,IV9021030,,ง0246,แกลลอน,งานบ้านงานครัว,2026-03
12/3/2026,แก๊สหุงต้ม ขนาด 48 กก.,"1,356.00",4,"5,424.00",บริษัท ธนกาญจน์แก๊ส จำกัด,123/6124,,ง0023,ถัง,งานบ้านงานครัว,2026-03
16/3/2026,ถุงหูหิ้วสีขาว ขนาด 12*20 นิ้ว,70.00,100,"7,000.00",หจก.ที.ซี.เอ็ม อินเตอร์เทรด(1997),IV69037237,,ง0102,แพ็ค,งานบ้านงานครัว,2026-03
16/3/2026,ถุงขยะสีดำ ขนาด 16*19 นิ้ว,60.00,100,"6,000.00",หจก.ที.ซี.เอ็ม อินเตอร์เทรด(1997),IV69037237,,ง0069,แพ็ค,งานบ้านงานครัว,2026-03
17/3/2026,รางมินิเท้งกิ้ง (รางร้อยสาย),53.50,10,535.00,บริษัท ทัศศิพรเอ็นเทอไพรซ์ จำกัด,IV0013554,,ฟ0106,เส้น,ไฟฟ้า,2026-03
17/3/2026,รางมินิเท้งกิ้ง (รางร้อยสาย),69.55,10,695.50,บริษัท ทัศศิพรเอ็นเทอไพรซ์ จำกัด,IV0013554,,ฟ0106,เส้น,ไฟฟ้า,2026-03
17/3/2026,รางนีออน LED,158.36,10,"1,583.60",บริษัท ทัศศิพรเอ็นเทอไพรซ์ จำกัด,IV0013554,,ฟ0104,ชุด,ไฟฟ้า,2026-03
17/3/2026,ข้อต่อตรง,16.00,5,80.00, บริษัท ศศิศรัณย์วัสดุก่อสร้าง จำกัด (สำนักงานใหญ่),INV-260317003,,ก0029,อัน,วัสดุก่อสร้าง,2026-03
20/3/2026,แกลลอนพลาสติก ,30.00,13,390.00,นายนพรัตน์ ระมัดจิตร,,,ง0247,แกลลอน,งานบ้านงานครัว,2026-03
20/3/2026,น้ำมันดีเซล,31.25,1156.98,"36,155.70",บริษัท แอล อาร์ เซอร์วิส จำกัด,69/03-001,,ช0001,ลิตร,เชื้อเพลิง,2026-03
20/3/2026,น้ำมันเบนซิน,30.81,60.00,"1,848.60",บริษัท แอล อาร์ เซอร์วิส จำกัด,69/03-001,,ช0002,ลิตร,เชื้อเพลิง,2026-03
23/3/2026,หม้อมิเตอร์ไฟฟ้า,"2,110.04",1,"2,110.04",บริษัท ทัศศิพรเอ็นเทอไพรซ์ จำกัด,IV0013671,,ฟ0142,อัน,ไฟฟ้า,2026-03
23/3/2026,แบตเตอรี่แห้ง,415.16,1,415.16,บริษัท ทัศศิพรเอ็นเทอไพรซ์ จำกัด,IV0013671,,ฟ0068,ก้อน,ไฟฟ้า,2026-03
23/3/2026,แบตเตอรี่แห้ง 6V12AH,744.72,1,744.72,บริษัท ทัศศิพรเอ็นเทอไพรซ์ จำกัด,IV0013671,,ฟ0168,อัน,ไฟฟ้า,2026-03
24/3/2026,น้ำยาล้างรถ (บรรจุ 20 ลิตร),802.50,2,"1,605.00",ห้างหุ้นส่วนจำกัด ปัญยวีร์ เทรดดิ้ง,690318,,ง0136,แกลลอน,งานบ้านงานครัว,2026-03
24/3/2026,น้ำยาขัดล้อดำ ,481.50,1,481.50,ห้างหุ้นส่วนจำกัด ปัญยวีร์ เทรดดิ้ง,690318,,ง0120,แกลลอน,งานบ้านงานครัว,2026-03
24/3/2026,น้ำยาปรับผ้านุ่ม (บรรจุ 20 ลิตร),631.30,5,"3,156.50",ห้างหุ้นส่วนจำกัด ปัญยวีร์ เทรดดิ้ง,690317,,ง0129,ถัง,งานบ้านงานครัว,2026-03
24/3/2026,"ผลิตภัณฑ์น้ำยาซักผ้าเครื่อง ""แมกซ์วอกช"" A605B","1,605.00",5,"8,025.00",ห้างหุ้นส่วนจำกัด ปัญยวีร์ เทรดดิ้ง,690317,,ง0151,ถัง,งานบ้านงานครัว,2026-03
24/3/2026,น้ำยาซักผ้าขาวและผ้าสี (บรรจุ 20 ลิตร),"1,872.50",5,"9,362.50",ห้างหุ้นส่วนจำกัด ปัญยวีร์ เทรดดิ้ง,690317,,ง0131,ถัง,งานบ้านงานครัว,2026-03
24/3/2026,"สเปรย์ฉีดแมลง,ยุง",105.00,3,315.00,วังโพธิ์พาณิชย์,5/40,,ง0206,กระป๋อง,งานบ้านงานครัว,2026-03
24/3/2026,สเปรย์ปรับอากาศ-ดับกลิ่น,135.00,3,405.00,วังโพธิ์พาณิชย์,5/40,,ง0207,กระป๋อง,งานบ้านงานครัว,2026-03
24/3/2026,เจลก้อนหอม,100.00,6,600.00,วังโพธิ์พาณิชย์,5/40,,ง0016,ก้อน,งานบ้านงานครัว,2026-03
24/3/2026,ฟองน้ำพร้อมสก็อตไบรท์,25.00,2,50.00,วังโพธิ์พาณิชย์,5/40,,ง0179,แผ่น,งานบ้านงานครัว,2026-03
24/3/2026,ไม้กวาดอ่อน,50.00,4,200.00,วังโพธิ์พาณิชย์,5/40,,ง0187,อัน,งานบ้านงานครัว,2026-03
24/3/2026,ถ่าน ขนาด AA (อัลคาไลน์),25.00,80,"2,000.00",วังโพธิ์พาณิชย์,5/40,,ง0064,ก้อน,งานบ้านงานครัว,2026-03
24/3/2026,ถ่าน ขนาด AAA (อัลคาไลน์),25.00,8,200.00,วังโพธิ์พาณิชย์,5/40,,ง0065,ก้อน,งานบ้านงานครัว,2026-03
24/3/2026,น้ำยาล้างจาน (บรรจุ 3.8 ลิตร),195.00,4,780.00,วังโพธิ์พาณิชย์,5/40,,ง0135,แกลลอน,งานบ้านงานครัว,2026-03
24/3/2026,ไม้ถูพื้นพร้อมผ้า,95.00,1,95.00,วังโพธิ์พาณิชย์,5/40,,ง0190,อัน,งานบ้านงานครัว,2026-03
24/3/2026,พรมเช็ดเท้า (ผ้า),35.00,6,210.00,วังโพธิ์พาณิชย์,5/40,,ง0176,ผืน,งานบ้านงานครัว,2026-03
24/3/2026,ไม้ทำความสะอาดรถ,195.00,2,390.00,วังโพธิ์พาณิชย์,5/41,,ง0191,อัน,งานบ้านงานครัว,2026-03
24/3/2026,แปรงซักผ้า,20.00,1,20.00,วังโพธิ์พาณิชย์,5/41,,ง0145,อัน,งานบ้านงานครัว,2026-03
24/3/2026,เชือกฟาง,40.00,4,160.00,วังโพธิ์พาณิชย์,5/41,,ง0042,ม้วน,งานบ้านงานครัว,2026-03
24/3/2026,กล่องพลาสติกมีฝาปิด(มีล้อ) ขนาดเล็ก,250.00,6,"1,500.00",วังโพธิ์พาณิชย์,5/41,,ง0010,ใบ,งานบ้านงานครัว,2026-03
24/3/2026,กระดาษ A4 80 แกรม (สีขาว),130.00,70,"9,100.00",หจก.อักษรภัณฑ์กาญจนบุรี (สำนักงานใหญ่),027/1329,,ส0009,รีม,สำนักงาน,2026-03
24/3/2026,กระดาษ A4 80 แกรม (ทุกสี),240.00,2,480.00,หจก.อักษรภัณฑ์กาญจนบุรี (สำนักงานใหญ่),027/1329,,ส0008,รีม,สำนักงาน,2026-03
24/3/2026,กระดาษกาวย่น 2 นิ้ว,70.00,13,910.00,หจก.อักษรภัณฑ์กาญจนบุรี (สำนักงานใหญ่),027/1329,,ส0016,ม้วน,สำนักงาน,2026-03
24/3/2026,กระดาษกาวย่น 1 นิ้ว,38.00,10,380.00,หจก.อักษรภัณฑ์กาญจนบุรี (สำนักงานใหญ่),027/1329,,ส0015,ม้วน,สำนักงาน,2026-03
24/3/2026,คลิบบอร์ด (A4),59.00,3,177.00,หจก.อักษรภัณฑ์กาญจนบุรี (สำนักงานใหญ่),027/1329,,ส0053,แผ่น,สำนักงาน,2026-03
24/3/2026,แฟ้มห่วง 3 นิ้ว,75.00,1,75.00,หจก.อักษรภัณฑ์กาญจนบุรี (สำนักงานใหญ่),027/1329,,ส0158,แฟ้ม,สำนักงาน,2026-03
24/3/2026,กาว 2 หน้า บาง,20.00,2,40.00,หจก.อักษรภัณฑ์กาญจนบุรี (สำนักงานใหญ่),027/1329,,ส0043,ม้วน,สำนักงาน,2026-03
24/3/2026,ลวดเสียบกระดาษ,12.00,25,300.00,หจก.อักษรภัณฑ์กาญจนบุรี (สำนักงานใหญ่),027/1329,,ส0171,กล่อง,สำนักงาน,2026-03
24/3/2026,เทปใส 3/4 นิ้ว,30.00,3,90.00,หจก.อักษรภัณฑ์กาญจนบุรี (สำนักงานใหญ่),027/1329,,ส0097,ม้วน,สำนักงาน,2026-03
24/3/2026,มีดคัทเตอร์ ใหญ่,65.00,3,195.00,หจก.อักษรภัณฑ์กาญจนบุรี (สำนักงานใหญ่),027/1329,,ส0162,เล่ม,สำนักงาน,2026-03
24/3/2026,"ปากกาเคมี 2 หัว ( ดำ,แดง,น้ำเงิน )",15.00,15,225.00,หจก.อักษรภัณฑ์กาญจนบุรี (สำนักงานใหญ่),027/1329,,ส0125,ด้าม,สำนักงาน,2026-03
24/3/2026,"ปากกาไวท์บอร์ด ( ดำ,แดง,น้ำเงิน )",22.00,5,110.00,หจก.อักษรภัณฑ์กาญจนบุรี (สำนักงานใหญ่),027/1329,,ส0128,ด้าม,สำนักงาน,2026-03
24/3/2026,กาวUHU,75.00,1,75.00,หจก.อักษรภัณฑ์กาญจนบุรี (สำนักงานใหญ่),027/1329,,ส0045,หลอด,สำนักงาน,2026-03
24/3/2026,ซองขาว,1.00,200,200.00,หจก.อักษรภัณฑ์กาญจนบุรี (สำนักงานใหญ่),027/1329,,ส0069,ซอง,สำนักงาน,2026-03
24/3/2026,สมุดเบอร์ 2,60.00,5,300.00,หจก.อักษรภัณฑ์กาญจนบุรี (สำนักงานใหญ่),027/1329,,ส0191,เล่ม,สำนักงาน,2026-03
24/3/2026,ตาไก่ (เล็ก),265.00,1,265.00,หจก.อักษรภัณฑ์กาญจนบุรี (สำนักงานใหญ่),027/1329,,ส0084,อัน,สำนักงาน,2026-03
24/3/2026,ปากกาลบคำผิดแบบเทป,59.00,3,177.00,หจก.อักษรภัณฑ์กาญจนบุรี (สำนักงานใหญ่),027/1329,,ส0127,อัน,สำนักงาน,2026-03
24/3/2026,แท่นเทปใส (เล็ก),125.00,2,250.00,หจก.อักษรภัณฑ์กาญจนบุรี (สำนักงานใหญ่),027/1329,,ส0099,อัน,สำนักงาน,2026-03
24/3/2026,ดินสอ,3.00,12,36.00,หจก.อักษรภัณฑ์กาญจนบุรี (สำนักงานใหญ่),027/1330,,ส0075,แท่ง,สำนักงาน,2026-03
24/3/2026,ลูกแม็กซ์ เบอร์ 3,25.00,2,50.00,หจก.อักษรภัณฑ์กาญจนบุรี (สำนักงานใหญ่),027/1330,,ส0174,กล่อง,สำนักงาน,2026-03
24/3/2026,ลูกแม็กซ์ เบอร์ 10,15.00,28,420.00,หจก.อักษรภัณฑ์กาญจนบุรี (สำนักงานใหญ่),027/1330,,ส0173,กล่อง,สำนักงาน,2026-03
24/3/2026,แลคซีน 1.5 นิ้ว,55.00,2,110.00,หจก.อักษรภัณฑ์กาญจนบุรี (สำนักงานใหญ่),027/1330,,ส0176,ม้วน,สำนักงาน,2026-03
24/3/2026,ฟิวเจอร์บอร์ด ขนาดกลาง,55.00,17,935.00,หจก.อักษรภัณฑ์กาญจนบุรี (สำนักงานใหญ่),027/1330,,ส0149,แผ่น,สำนักงาน,2026-03
24/3/2026,ยางลบ,6.00,4,24.00,หจก.อักษรภัณฑ์กาญจนบุรี (สำนักงานใหญ่),027/1330,,ส0168,ก้อน,สำนักงาน,2026-03
24/3/2026,กระดาษสติ๊กเกอร์ A4,35.00,10,350.00,หจก.อักษรภัณฑ์กาญจนบุรี (สำนักงานใหญ่),027/1330,,ส0030,แพ็ค,สำนักงาน,2026-03
24/3/2026,คลิบบอร์ด (A4),55.00,3,165.00,หจก.อักษรภัณฑ์กาญจนบุรี (สำนักงานใหญ่),027/1330,,ส0053,แผ่น,สำนักงาน,2026-03
24/3/2026,ป้ายตั้งโต๊ะ,95.00,36,"3,420.00",หจก.อักษรภัณฑ์กาญจนบุรี (สำนักงานใหญ่),027/1330,,ส0130,อัน,สำนักงาน,2026-03
24/3/2026,ตรายางวันที่แบบปั้ม,55.00,1,55.00,หจก.อักษรภัณฑ์กาญจนบุรี (สำนักงานใหญ่),027/1330,,ส0076,อัน,สำนักงาน,2026-03
24/3/2026,ตลับชาติ (เบอร์ 2),40.00,1,40.00,หจก.อักษรภัณฑ์กาญจนบุรี (สำนักงานใหญ่),027/1330,,ส0082,ตลับ,สำนักงาน,2026-03
24/3/2026,สันรูด 5 มิล,5.00,12,60.00,หจก.อักษรภัณฑ์กาญจนบุรี (สำนักงานใหญ่),027/1330,,ส0194,อัน,สำนักงาน,2026-03
24/3/2026,สันรูด 7 มิล,7.00,12,84.00,หจก.อักษรภัณฑ์กาญจนบุรี (สำนักงานใหญ่),027/1330,,ส0195,อัน,สำนักงาน,2026-03
24/3/2026,สันรูด 10 มิล,10.00,12,120.00,หจก.อักษรภัณฑ์กาญจนบุรี (สำนักงานใหญ่),027/1330,,ส0219,อัน,สำนักงาน,2026-03
24/3/2026,สันรูด 17 มิล,17.00,12,204.00,หจก.อักษรภัณฑ์กาญจนบุรี (สำนักงานใหญ่),027/1330,,ส0220,อัน,สำนักงาน,2026-03
24/3/2026,กระเป๋าซิปรูด,59.00,12,708.00,หจก.อักษรภัณฑ์กาญจนบุรี (สำนักงานใหญ่),027/1330,,ส0221,ใบ,สำนักงาน,2026-03
24/3/2026,เทปกันลื่น,135.00,20,"2,700.00",หจก.อักษรภัณฑ์กาญจนบุรี (สำนักงานใหญ่),027/1331,,ส0093,ม้วน,สำนักงาน,2026-03
25/3/2026,ครอบปรับมุม (ซ้าย),45.00,1,45.00, บริษัท ศศิศรัณย์วัสดุก่อสร้าง จำกัด (สำนักงานใหญ่),INV-260325001,,ก0037,แผ่น,วัสดุก่อสร้าง,2026-03
25/3/2026,ครอบปรับมุม (ขวา),45.00,1,45.00, บริษัท ศศิศรัณย์วัสดุก่อสร้าง จำกัด (สำนักงานใหญ่),INV-260325001,,ก0299,แผ่น,วัสดุก่อสร้าง,2026-03
27/3/2026,TONER HP 76A,"1,590.00",6,"9,540.00",ห้างหุ้นส่วนจำกัด ฟรีดอมเทค คอมพิวเตอร์,IV6903006,,ค0042,ตลับ,คอมพิวเตอร์,2026-03
27/3/2026,TONER HP 79A,790.00,6,"4,740.00",ห้างหุ้นส่วนจำกัด ฟรีดอมเทค คอมพิวเตอร์,IV6903006,,ค0077,ตลับ,คอมพิวเตอร์,2026-03
27/3/2026,TONER HP 83A,790.00,2,"1,580.00",ห้างหุ้นส่วนจำกัด ฟรีดอมเทค คอมพิวเตอร์,IV6903006,,ค0078,ตลับ,คอมพิวเตอร์,2026-03
27/3/2026,TONER HP 85A,790.00,2,"1,580.00",ห้างหุ้นส่วนจำกัด ฟรีดอมเทค คอมพิวเตอร์,IV6903006,,ค0038,ตลับ,คอมพิวเตอร์,2026-03
27/3/2026,INK FOR CANON GI 790 (BK),390.00,4,"1,560.00",ห้างหุ้นส่วนจำกัด ฟรีดอมเทค คอมพิวเตอร์,IV6903006,,ค0012,ขวด,คอมพิวเตอร์,2026-03
27/3/2026,INK FOR CANON GI 790 (C),390.00,4,"1,560.00",ห้างหุ้นส่วนจำกัด ฟรีดอมเทค คอมพิวเตอร์,IV6903006,,ค0013,ขวด,คอมพิวเตอร์,2026-03
27/3/2026,INK FOR CANON GI 790 (M),390.00,2,780.00,ห้างหุ้นส่วนจำกัด ฟรีดอมเทค คอมพิวเตอร์,IV6903006,,ค0014,ขวด,คอมพิวเตอร์,2026-03
27/3/2026,หมึก CANON PGI-750 PGBK,890.00,3,"2,670.00",ห้างหุ้นส่วนจำกัด ฟรีดอมเทค คอมพิวเตอร์,IV6903006,,ค0053,ขวด,คอมพิวเตอร์,2026-03
27/3/2026,หมึก CANON CLI-751 BK,850.00,2,"1,700.00",ห้างหุ้นส่วนจำกัด ฟรีดอมเทค คอมพิวเตอร์,IV6903006,,ค0054,ขวด,คอมพิวเตอร์,2026-03
27/3/2026,หมึก CANON CLI-751 C,850.00,2,"1,700.00",ห้างหุ้นส่วนจำกัด ฟรีดอมเทค คอมพิวเตอร์,IV6903006,,ค0055,ขวด,คอมพิวเตอร์,2026-03
27/3/2026,หมึก CANON CLI-751 M,850.00,3,"2,550.00",ห้างหุ้นส่วนจำกัด ฟรีดอมเทค คอมพิวเตอร์,IV6903006,,ค0056,ขวด,คอมพิวเตอร์,2026-03
27/3/2026,หมึก CANON CLI-751 Y,850.00,2,"1,700.00",ห้างหุ้นส่วนจำกัด ฟรีดอมเทค คอมพิวเตอร์,IV6903006,,ค0057,ขวด,คอมพิวเตอร์,2026-03
27/3/2026,INK FOR BROTHER BTD 60 (Black),450.00,3,"1,350.00",ห้างหุ้นส่วนจำกัด ฟรีดอมเทค คอมพิวเตอร์,IV6903006,,ค0011,ขวด,คอมพิวเตอร์,2026-03
27/3/2026,INK FOR EPSONC13T664100 BK,450.00,3,"1,350.00",ห้างหุ้นส่วนจำกัด ฟรีดอมเทค คอมพิวเตอร์,IV6903006,,ค0021,ขวด,คอมพิวเตอร์,2026-03
27/3/2026,INK FOR EPSON T00V100(003) (BK),450.00,3,"1,350.00",ห้างหุ้นส่วนจำกัด ฟรีดอมเทค คอมพิวเตอร์,IV6903006,,ค0017,ขวด,คอมพิวเตอร์,2026-03
27/3/2026,INK FOR EPSON T00V200(003) (C),450.00,4,"1,800.00",ห้างหุ้นส่วนจำกัด ฟรีดอมเทค คอมพิวเตอร์,IV6903006,,ค0018,ขวด,คอมพิวเตอร์,2026-03
27/3/2026,INK FOR EPSON T00V300(003) (M),450.00,2,900.00,ห้างหุ้นส่วนจำกัด ฟรีดอมเทค คอมพิวเตอร์,IV6903006,,ค0019,ขวด,คอมพิวเตอร์,2026-03
27/3/2026,น้ำดื่ม แบบขวด,55.00,245,"13,475.00",วังโพธิ์พาณิชย์,5/42,,บริ0001,ลัง,อุปโภค-บริโภค,2026-03
27/3/2026,น้ำดื่ม แบบแก้ว,80.00,10,800.00,วังโพธิ์พาณิชย์,5/42,,บริ0002,แพ็ค,อุปโภค-บริโภค,2026-03
9/3/2026,โอเอซิส,21.00,20,420.00,บริษัท กาญจนบุรีค้าส่ง จำกัด(สำนักงานใหญ่),073/3609,,เก0065,ก้อน,วัสดุการเกษตร,2026-03
9/3/2026,ดอกไม้ปลอม,14.00,60,840.00,บริษัท กาญจนบุรีค้าส่ง จำกัด(สำนักงานใหญ่),073/3609,,เก0016,ชิ้น,วัสดุการเกษตร,2026-03
9/3/2026,แจกัน,80.00,3,240.00,บริษัท กาญจนบุรีค้าส่ง จำกัด(สำนักงานใหญ่),073/3609,,เก0012,ใบ,วัสดุการเกษตร,2026-03
9/3/2026,แจกันพร้อมจานรอง,72.00,3,216.00,บริษัท กาญจนบุรีค้าส่ง จำกัด(สำนักงานใหญ่),073/3609,,เก0070,ชุด,วัสดุการเกษตร,2026-03
9/3/2026,ดอกไม้ปลอม,54.00,7,378.00,บริษัท กาญจนบุรีค้าส่ง จำกัด(สำนักงานใหญ่),073/3609,,เก0016,ชิ้น,วัสดุการเกษตร,2026-03
9/3/2026,ดอกไม้ปลอม,79.00,2,158.00,บริษัท กาญจนบุรีค้าส่ง จำกัด(สำนักงานใหญ่),073/3609,,เก0016,ชิ้น,วัสดุการเกษตร,2026-03
9/3/2026,ดอกกล้วยไม้,25.00,4,100.00,บริษัท กาญจนบุรีค้าส่ง จำกัด(สำนักงานใหญ่),073/3609,,เก0069,ช่อ,วัสดุการเกษตร,2026-03
9/3/2026,ดอกไม้ปลอม,38.00,12,456.00,บริษัท กาญจนบุรีค้าส่ง จำกัด(สำนักงานใหญ่),073/3609,,เก0016,ชิ้น,วัสดุการเกษตร,2026-03
9/3/2026,ดอกไม้ปลอม,90.00,12,"1,080.00",บริษัท กาญจนบุรีค้าส่ง จำกัด(สำนักงานใหญ่),073/3609,,เก0016,ชิ้น,วัสดุการเกษตร,2026-03
9/3/2026,ดอกไม้ปลอม,54.00,14,756.00,บริษัท กาญจนบุรีค้าส่ง จำกัด(สำนักงานใหญ่),073/3609,,เก0016,ชิ้น,วัสดุการเกษตร,2026-03
9/3/2026,กระถาง,65.16,1,65.16,บริษัท กาญจนบุรีค้าส่ง จำกัด(สำนักงานใหญ่),073/3609,,เก0002,อัน,วัสดุการเกษตร,2026-03
9/3/2026,ดอกไม้ปลอม,20.00,10,200.00,บริษัท กาญจนบุรีค้าส่ง จำกัด(สำนักงานใหญ่),073/3609,,เก0016,ชิ้น,วัสดุการเกษตร,2026-03
1/4/2026,ปลั๊กฝังกราวคู่,145.52,20,"2,910.40",บริษัท ทัศศิพรเอ็นเทอไพรซ์ จำกัด,IV0013806,,ฟ0075,อัน,ไฟฟ้า,2026-04
1/4/2026,ปลั๊กฝัง,22.47,20,449.40,บริษัท ทัศศิพรเอ็นเทอไพรซ์ จำกัด,IV0013806,,ฟ0074,อัน,ไฟฟ้า,2026-04
1/4/2026,สวิทต์แสงแดด,310.30,5,"1,551.50",บริษัท ทัศศิพรเอ็นเทอไพรซ์ จำกัด,IV0013806,,ฟ0154,อัน,ไฟฟ้า,2026-04
1/4/2026,หน้ากาก,24.61,20,492.20,บริษัท ทัศศิพรเอ็นเทอไพรซ์ จำกัด,IV0013806,,ฟ0140,อัน,ไฟฟ้า,2026-04
2/4/2026,กระจก 3 ชิ้น,198.00,1,198.00,บริษัท สยามโกลบอลเฮ้า จำกัด (มหาชน) สำนักงานใหญ่,GHKJSA02AIV-690402-0001,,ก0309,ชุด,วัสดุก่อสร้าง,2026-04
2/4/2026,ฝารองนั่งทรงกลม,299.00,5,"1,495.00",บริษัท สยามโกลบอลเฮ้า จำกัด (มหาชน) สำนักงานใหญ่,GHKJSA02AIV-690402-0001,,ก0169,อัน,วัสดุก่อสร้าง,2026-04
2/4/2026,ชุดฝักบัวพร้อมสาย,240.00,1,240.00,บริษัท สยามโกลบอลเฮ้า จำกัด (มหาชน) สำนักงานใหญ่,GHKJSA02AIV-690402-0001,,ก0059,ชุด,วัสดุก่อสร้าง,2026-04
2/4/2026,ก๊อกอ่างล่างหน้าเซ็นเซอร์,"2,150.00",1,"2,150.00",บริษัท สยามโกลบอลเฮ้า จำกัด (มหาชน) สำนักงานใหญ่,GHKJSA02AIV-690402-0001,,ก0300,กล่อง,วัสดุก่อสร้าง,2026-04
2/4/2026,กระเบื้องปูพื้น,31.84,240,"7,641.60",บริษัท สยามโกลบอลเฮ้า จำกัด (มหาชน) สำนักงานใหญ่,GHKJSA02AIV-690402-0001,,ก0006,กล่อง,วัสดุก่อสร้าง,2026-04
2/4/2026,กระเบื้องปูพื้น,31.84,24,764.16,บริษัท สยามโกลบอลเฮ้า จำกัด (มหาชน) สำนักงานใหญ่,GHKJSA02AIV-690402-0001,,ก0006,กล่อง,วัสดุก่อสร้าง,2026-04
2/4/2026,กระเบื้องบุผนัง,53.78,8,430.24,บริษัท สยามโกลบอลเฮ้า จำกัด (มหาชน) สำนักงานใหญ่,GHKJSA02AIV-690402-0001,,ก0301,แผ่น,วัสดุก่อสร้าง,2026-04
2/4/2026,กาวซีเมนต์,195.00,12,"2,340.00",บริษัท สยามโกลบอลเฮ้า จำกัด (มหาชน) สำนักงานใหญ่,GHKJSA02AIV-690402-0001,,ก0302,ถุง,วัสดุก่อสร้าง,2026-04
2/4/2026,ปูน/กาวยาแนว,52.00,12,624.00,บริษัท สยามโกลบอลเฮ้า จำกัด (มหาชน) สำนักงานใหญ่,GHKJSA02AIV-690402-0001,,ก0152,ถุง,วัสดุก่อสร้าง,2026-04
2/4/2026,สีรองพื้น,806.00,1,806.00,บริษัท สยามโกลบอลเฮ้า จำกัด (มหาชน) สำนักงานใหญ่,GHKJSA02AIV-690402-0002,,ก0237,ถัง,วัสดุก่อสร้าง,2026-04
2/4/2026,สีน้ำมัน (ทุกสี),655.00,1,655.00,บริษัท สยามโกลบอลเฮ้า จำกัด (มหาชน) สำนักงานใหญ่,GHKJSA02AIV-690402-0002,,ก0235,แกลลอน,วัสดุก่อสร้าง,2026-04
2/4/2026,แม่สี,154.51,1,154.51,บริษัท สยามโกลบอลเฮ้า จำกัด (มหาชน) สำนักงานใหญ่,GHKJSA02AIV-690402-0002,,ก0303,แกลลอน,วัสดุก่อสร้าง,2026-04
2/4/2026,โซ่พลาสติก,485.00,1,485.00,บริษัท สยามโกลบอลเฮ้า จำกัด (มหาชน) สำนักงานใหญ่,GHKJSA02AIV-690402-0002,,ก0074,ชุด,วัสดุก่อสร้าง,2026-04
2/4/2026,พุกตะกั่ว,55.00,4,220.00,บริษัท สยามโกลบอลเฮ้า จำกัด (มหาชน) สำนักงานใหญ่,GHKJSA02AIV-690402-0002,,ก0304,แพ็็ค,วัสดุก่อสร้าง,2026-04
2/4/2026,แปรงลวดทองเหลือง,50.00,1,50.00,บริษัท สยามโกลบอลเฮ้า จำกัด (มหาชน) สำนักงานใหญ่,GHKJSA02AIV-690402-0002,,ก0158,อัน,วัสดุก่อสร้าง,2026-04
2/4/2026,ประแจแหวนข้างปากตาย 10 มม.,44.00,1,44.00,บริษัท สยามโกลบอลเฮ้า จำกัด (มหาชน) สำนักงานใหญ่,GHKJSA02AIV-690402-0002,,ก0271,อัน,วัสดุก่อสร้าง,2026-04
2/4/2026,พุคดร็อปอิน,40.00,1,40.00,บริษัท สยามโกลบอลเฮ้า จำกัด (มหาชน) สำนักงานใหญ่,GHKJSA02AIV-690402-0002,,ก0305,แพ็ค,วัสดุก่อสร้าง,2026-04
2/4/2026,พุกมวลเบา,55.00,2,110.00,บริษัท สยามโกลบอลเฮ้า จำกัด (มหาชน) สำนักงานใหญ่,GHKJSA02AIV-690402-0002,,ก0306,ชุด,วัสดุก่อสร้าง,2026-04
2/4/2026,ถุงมือเซฟตี้,325.00,1,325.00,บริษัท สยามโกลบอลเฮ้า จำกัด (มหาชน) สำนักงานใหญ่,GHKJSA02AIV-690402-0002,,ก0099,คู่,วัสดุก่อสร้าง,2026-04
2/4/2026,ดอกสว่านเจาะปูน,138.00,1,138.00,บริษัท สยามโกลบอลเฮ้า จำกัด (มหาชน) สำนักงานใหญ่,GHKJSA02AIV-690402-0002,,ก0080,ดอก,วัสดุก่อสร้าง,2026-04
2/4/2026,ดอกสว่านโรตารี่,161.00,1,161.00,บริษัท สยามโกลบอลเฮ้า จำกัด (มหาชน) สำนักงานใหญ่,GHKJSA02AIV-690402-0002,,ก0307,แพ็ค,วัสดุก่อสร้าง,2026-04
2/4/2026,ใบตัดเหล็ก,29.00,10,290.00,บริษัท สยามโกลบอลเฮ้า จำกัด (มหาชน) สำนักงานใหญ่,GHKJSA02AIV-690402-0002,,ก0127,ใบ,วัสดุก่อสร้าง,2026-04
2/4/2026,กันชนประตู,65.00,6,390.00,บริษัท สยามโกลบอลเฮ้า จำกัด (มหาชน) สำนักงานใหญ่,GHKJSA02AIV-690402-0002,,ก0308,อัน,วัสดุก่อสร้าง,2026-04
2/4/2026,สีสเปรย์,48.00,5,240.00,บริษัท สยามโกลบอลเฮ้า จำกัด (มหาชน) สำนักงานใหญ่,GHKJSA02AIV-690402-0002,,ก0238,กระป๋อง,วัสดุก่อสร้าง,2026-04
2/4/2026,สกรูพร้อมน็อต,35.00,1,35.00,บริษัท สยามโกลบอลเฮ้า จำกัด (มหาชน) สำนักงานใหญ่,GHKJSA02AIV-690402-0002,,ก0274,ถุง,วัสดุก่อสร้าง,2026-04
2/4/2026,สกรูพร้อมน็อต,50.00,1,50.00,บริษัท สยามโกลบอลเฮ้า จำกัด (มหาชน) สำนักงานใหญ่,GHKJSA02AIV-690402-0002,,ก0274,ถุง,วัสดุก่อสร้าง,2026-04
2/4/2026,น้ำมันสน,290.00,1,290.00,บริษัท สยามโกลบอลเฮ้า จำกัด (มหาชน) สำนักงานใหญ่,GHKJSA02AIV-690402-0002,,ก0110,ขวด,วัสดุก่อสร้าง,2026-04
2/4/2026,ทินเนอร์,290.00,1,290.00,บริษัท สยามโกลบอลเฮ้า จำกัด (มหาชน) สำนักงานใหญ่,GHKJSA02AIV-690402-0002,,ก0106,กระป๋อง,วัสดุก่อสร้าง,2026-04
7/4/2026,ถุงหูหิ้วสีขาว ขนาด 12*20 นิ้ว,70.00,66,"4,620.00",หจก.ที.ซี.เอ็ม อินเตอร์เทรด(1997),IV69047267,,ง0102,แพ็ค,งานบ้านงานครัว,2026-04
7/4/2026,ถุงขยะสีดำ ขนาด 16*19 นิ้ว,60.00,100,"6,000.00",หจก.ที.ซี.เอ็ม อินเตอร์เทรด(1997),IV69047267,,ง0069,แพ็ค,งานบ้านงานครัว,2026-04
7/4/2026,ถุงขยะสีดำ ขนาด 40*40 นิ้ว,60.00,100,"6,000.00",บริษัท ซีทีเอ็ม โกลเบิล จำกัด,IV69047267,,ง0071,แพ็ค,งานบ้านงานครัว,2026-04
7/4/2026,น้ำมันนวด,370.00,6,"2,220.00",ร้านแดนทอง ,3/5,,ง0111,ขวด,งานบ้านงานครัว,2026-04
7/4/2026,น้ำมันดีเซล,35.11,1474.33,"51,763.90",บริษัท แอล อาร์ เซอร์วิส จำกัด,69/03-002,,ช0001,ลิตร,เชื้อเพลิง,2026-04
10/4/2026,แก๊สหุงต้ม ขนาด 48 กก.,"1,370.00",4,"5,480.00",บริษัท ธนกาญจน์แก๊ส จำกัด,126/6256,,ง0023,ถัง,งานบ้านงานครัว,2026-04
20/4/2026,บล็อก,13.91,20,278.20,บริษัท ทัศศิพรเอ็นเทอไพรซ์ จำกัด,IV0013988,,ฟ0064,อัน,ไฟฟ้า,2026-04
20/4/2026,ปลั๊กตัวผู้,22.47,24,539.28,บริษัท ทัศศิพรเอ็นเทอไพรซ์ จำกัด,IV0013988,,ฟ0073,ตัว,ไฟฟ้า,2026-04
20/4/2026,หลอด LED,203.30,60,"12,198.00",บริษัท ทัศศิพรเอ็นเทอไพรซ์ จำกัด,IV0013988,,ฟ0144,หลอด,ไฟฟ้า,2026-04
22/4/2026,ผลิตภัณฑ์เสริมด่าง,"1,284.00",5,"6,420.00",ห้างหุ้นส่วนจำกัด ปัญยวีร์ เทรดดิ้ง,690409,,ง0152,ถัง,งานบ้านงานครัว,2026-04
23/4/2026,สติ๊กเกอร์สำหรับเครื่อง PB3-312 (1/500ดวง),100.00,60,"6,000.00",ห้างหุ้นส่วนจำกัด ภาสิน(สำนักงานใหญ่),66161,,ส0031,ม้วน,สำนักงาน,2026-04
23/4/2026,ม้วนหมึกสำหรับเครื่องยิง PB3-312,350.00,1,350.00,ห้างหุ้นส่วนจำกัด ภาสิน(สำนักงานใหญ่),66161,,ส0032,ม้วน,สำนักงาน,2026-04
24/4/2026,น้ำมันดีเซล,41.00,28.30,"1,160.30",บริษัท แอล อาร์ เซอร์วิส จำกัด,69/04-001,,ช0001,ลิตร,เชื้อเพลิง,2026-04
24/4/2026,น้ำมันดีเซล,44.50,180.91,"8,050.50",บริษัท แอล อาร์ เซอร์วิส จำกัด,69/04-001,,ช0001,ลิตร,เชื้อเพลิง,2026-04
24/4/2026,น้ำมันดีเซล,48.00,365.27,"17,532.96",บริษัท แอล อาร์ เซอร์วิส จำกัด,69/04-001,,ช0001,ลิตร,เชื้อเพลิง,2026-04
24/4/2026,น้ำมันดีเซล,50.80,235.85,"11,981.18",บริษัท แอล อาร์ เซอร์วิส จำกัด,69/04-001,,ช0001,ลิตร,เชื้อเพลิง,2026-04
24/4/2026,น้ำมันดีเซล,48.66,570.80,"27,775.13",บริษัท แอล อาร์ เซอร์วิส จำกัด,69/04-001,,ช0001,ลิตร,เชื้อเพลิง,2026-04
24/4/2026,น้ำมันดีเซล,44.60,1.00,44.60,บริษัท แอล อาร์ เซอร์วิส จำกัด,69/04-001,,ช0001,ลิตร,เชื้อเพลิง,2026-04
24/4/2026,น้ำมันดีเซล,44.66,306.67,"13,695.93",บริษัท แอล อาร์ เซอร์วิส จำกัด,69/04-001,,ช0001,ลิตร,เชื้อเพลิง,2026-04
24/4/2026,น้ำมันเบนซิน,44.21,40.00,"1,768.40",บริษัท แอล อาร์ เซอร์วิส จำกัด,69/04-001,,ช0002,ลิตร,เชื้อเพลิง,2026-04
28/4/2026,กระดาษ A4 80 แกรม (สีขาว),130.00,80,"10,400.00",หจก.อักษรภัณฑ์กาญจนบุรี (สำนักงานใหญ่),032/1568,,ส0009,รีม,สำนักงาน,2026-04
28/4/2026,กบเหลาดินสอ,295.00,1,295.00,หจก.อักษรภัณฑ์กาญจนบุรี (สำนักงานใหญ่),032/1568,,ส0001,อัน,สำนักงาน,2026-04
28/4/2026,แปรงลบกระดาน,20.00,2,40.00,หจก.อักษรภัณฑ์กาญจนบุรี (สำนักงานใหญ่),032/1568,,ส0132,อัน,สำนักงาน,2026-04
28/4/2026,กระดาษกาวย่น 1 นิ้ว,38.00,14,532.00,หจก.อักษรภัณฑ์กาญจนบุรี (สำนักงานใหญ่),032/1568,,ส0015,ม้วน,สำนักงาน,2026-04
28/4/2026,คลิบบอร์ด (A4),59.00,6,354.00,หจก.อักษรภัณฑ์กาญจนบุรี (สำนักงานใหญ่),032/1568,,ส0053,แผ่น,สำนักงาน,2026-04
28/4/2026,แฟ้มห่วง 3 นิ้ว,75.00,1,75.00,หจก.อักษรภัณฑ์กาญจนบุรี (สำนักงานใหญ่),032/1568,,ส0158,แฟ้ม,สำนักงาน,2026-04
28/4/2026,กาว 2 หน้า หนา,275.00,1,275.00,หจก.อักษรภัณฑ์กาญจนบุรี (สำนักงานใหญ่),032/1568,,ส0044,ม้วน,สำนักงาน,2026-04
28/4/2026,ลวดเสียบกระดาษ,12.00,40,480.00,หจก.อักษรภัณฑ์กาญจนบุรี (สำนักงานใหญ่),032/1568,,ส0171,กล่อง,สำนักงาน,2026-04
28/4/2026,เทปใส 1 นิ้ว,40.00,2,80.00,หจก.อักษรภัณฑ์กาญจนบุรี (สำนักงานใหญ่),032/1568,,ส0095,ม้วน,สำนักงาน,2026-04
28/4/2026,เทปใส 2 นิ้ว,25.00,4,100.00,หจก.อักษรภัณฑ์กาญจนบุรี (สำนักงานใหญ่),032/1568,,ส0096,ม้วน,สำนักงาน,2026-04
28/4/2026,เทปใส 3/4 นิ้ว,30.00,10,300.00,หจก.อักษรภัณฑ์กาญจนบุรี (สำนักงานใหญ่),032/1568,,ส0097,ม้วน,สำนักงาน,2026-04
28/4/2026,เทปใส 3/4 นิ้ว,30.00,10,300.00,หจก.อักษรภัณฑ์กาญจนบุรี (สำนักงานใหญ่),032/1568,,ส0097,ม้วน,สำนักงาน,2026-04
28/4/2026,ตีนตุ๊กแก 2 นิ้ว,90.00,1,90.00,หจก.อักษรภัณฑ์กาญจนบุรี (สำนักงานใหญ่),032/1568,,ส0216,เมตร,สำนักงาน,2026-04
28/4/2026,มีดคัทเตอร์ ใหญ่,65.00,2,130.00,หจก.อักษรภัณฑ์กาญจนบุรี (สำนักงานใหญ่),032/1568,,ส0162,เล่ม,สำนักงาน,2026-04
28/4/2026,"ปากกาเคมี 2 หัว ( ดำ,แดง,น้ำเงิน )",15.00,11,165.00,หจก.อักษรภัณฑ์กาญจนบุรี (สำนักงานใหญ่),032/1568,,ส0125,ด้าม,สำนักงาน,2026-04
28/4/2026,"ปากกาไวท์บอร์ด ( ดำ,แดง,น้ำเงิน )",22.00,12,264.00,หจก.อักษรภัณฑ์กาญจนบุรี (สำนักงานใหญ่),032/1568,,ส0128,ด้าม,สำนักงาน,2026-04
28/4/2026,กาวUHU,75.00,3,225.00,หจก.อักษรภัณฑ์กาญจนบุรี (สำนักงานใหญ่),032/1568,,ส0045,หลอด,สำนักงาน,2026-04
28/4/2026,ซองขาว,1.00,374,374.00,หจก.อักษรภัณฑ์กาญจนบุรี (สำนักงานใหญ่),032/1568,,ส0069,ซอง,สำนักงาน,2026-04
28/4/2026,กระดาษสติ๊กเกอร์ A4,145.00,2,290.00,หจก.อักษรภัณฑ์กาญจนบุรี (สำนักงานใหญ่),032/1569,,ส0030,แพ็ค,สำนักงาน,2026-04
28/4/2026,สมุดเบอร์ 2,60.00,1,60.00,หจก.อักษรภัณฑ์กาญจนบุรี (สำนักงานใหญ่),032/1569,,ส0191,เล่ม,สำนักงาน,2026-04
28/4/2026,ปากกาเขียน CD,30.00,5,150.00,หจก.อักษรภัณฑ์กาญจนบุรี (สำนักงานใหญ่),032/1569,,ส0123,ด้าม,สำนักงาน,2026-04
28/4/2026,ปากกาลบคำผิดแบบเทป,59.00,8,472.00,หจก.อักษรภัณฑ์กาญจนบุรี (สำนักงานใหญ่),032/1569,,ส0127,อัน,สำนักงาน,2026-04
28/4/2026,ทะเบียนหนังสือรับ,75.00,2,150.00,หจก.อักษรภัณฑ์กาญจนบุรี (สำนักงานใหญ่),032/1569,,ส0087,เล่ม,สำนักงาน,2026-04
28/4/2026,ทะเบียนหนังสือส่ง,75.00,1,75.00,หจก.อักษรภัณฑ์กาญจนบุรี (สำนักงานใหญ่),032/1569,,ส0088,เล่ม,สำนักงาน,2026-04
28/4/2026,สมุดลงเวลาปฏิบัติงาน,95.00,1,95.00,หจก.อักษรภัณฑ์กาญจนบุรี (สำนักงานใหญ่),032/1569,,ส0193,เล่ม,สำนักงาน,2026-04
28/4/2026,ปกใส A4,250.00,2,500.00,หจก.อักษรภัณฑ์กาญจนบุรี (สำนักงานใหญ่),032/1569,,ส0212,แพ็ค,สำนักงาน,2026-04
28/4/2026,โพสอิท (สติ๊กเกอร์โน๊ต) ชิ้นเล็ก ๆ,39.00,6,234.00,หจก.อักษรภัณฑ์กาญจนบุรี (สำนักงานใหญ่),032/1569,,ส0146,แพ็ค,สำนักงาน,2026-04
28/4/2026,แม็กซ์ เบอร์ 10,245.00,2,490.00,หจก.อักษรภัณฑ์กาญจนบุรี (สำนักงานใหญ่),032/1569,,ส0163,ตัว,สำนักงาน,2026-04
28/4/2026,โพสอิท (สติ๊กเกอร์โน๊ต) สี่เหลี่ยม,39.00,2,78.00,หจก.อักษรภัณฑ์กาญจนบุรี (สำนักงานใหญ่),032/1569,,ส0147,แพ็ค,สำนักงาน,2026-04
28/4/2026,ดินสอ,3.00,13,39.00,หจก.อักษรภัณฑ์กาญจนบุรี (สำนักงานใหญ่),032/1569,,ส0075,แท่ง,สำนักงาน,2026-04
28/4/2026,ลูกแม็กซ์ เบอร์ 3,25.00,15,375.00,หจก.อักษรภัณฑ์กาญจนบุรี (สำนักงานใหญ่),032/1569,,ส0174,กล่อง,สำนักงาน,2026-04
28/4/2026,ลูกแม็กซ์ เบอร์ 10,15.00,12,180.00,หจก.อักษรภัณฑ์กาญจนบุรี (สำนักงานใหญ่),032/1569,,ส0173,กล่อง,สำนักงาน,2026-04
28/4/2026,แลคซีน 2 นิ้ว,75.00,9,675.00,หจก.อักษรภัณฑ์กาญจนบุรี (สำนักงานใหญ่),032/1569,,ส0177,ม้วน,สำนักงาน,2026-04
28/4/2026,สันรูด 7 มิล,7.00,2,14.00,หจก.อักษรภัณฑ์กาญจนบุรี (สำนักงานใหญ่),032/1569,,ส0195,อัน,สำนักงาน,2026-04
28/4/2026,สันรูด 17 มิล,17.00,2,34.00,หจก.อักษรภัณฑ์กาญจนบุรี (สำนักงานใหญ่),032/1569,,ส0220,อัน,สำนักงาน,2026-04
28/4/2026,สันรูด 10 มิล,10.00,14,140.00,หจก.อักษรภัณฑ์กาญจนบุรี (สำนักงานใหญ่),032/1569,,ส0219,อัน,สำนักงาน,2026-04
28/4/2026,"หมึกเติมตลับชาติ ดำ,แดง,น้ำเงิน",12.00,1,12.00,หจก.อักษรภัณฑ์กาญจนบุรี (สำนักงานใหญ่),032/1570,,ส0203,ขวด,สำนักงาน,2026-04
28/4/2026,ยางลบ,6.00,7,42.00,หจก.อักษรภัณฑ์กาญจนบุรี (สำนักงานใหญ่),032/1570,,ส0168,ก้อน,สำนักงาน,2026-04
28/4/2026,กรอบรูปรัชกาลที่ 10 ขนาด 15x20นิ้ว,"1,550.00",1,"1,550.00",หจก.อักษรภัณฑ์กาญจนบุรี (สำนักงานใหญ่),032/1575,,ส0222,บาน,สำนักงาน,2026-04
28/4/2026,ธงชาติ ขนาด 60*90 ซม.,40.00,1,40.00,หจก.อักษรภัณฑ์กาญจนบุรี (สำนักงานใหญ่),032/1575,,ส0107,ผืน,สำนักงาน,2026-04
28/4/2026,เสาธง(หัวดอกรัก),380.00,1,380.00,หจก.อักษรภัณฑ์กาญจนบุรี (สำนักงานใหญ่),032/1575,,ส0198,อัน,สำนักงาน,2026-04
28/4/2026,เสาธงแบบไม้ ขนาด 1.50 ม.,55.00,1,55.00,หจก.อักษรภัณฑ์กาญจนบุรี (สำนักงานใหญ่),032/1575,,ส0199,อัน,สำนักงาน,2026-04
28/4/2026,ปลั๊กราง ยาว 3 เมตร,350.00,3,"1,050.00",หจก.อักษรภัณฑ์กาญจนบุรี (สำนักงานใหญ่),032/1567,,ฟ0078,อัน,ไฟฟ้า,2026-04
28/4/2026,ปลั๊กราง ยาว 5 เมตร,395.00,3,"1,185.00",หจก.อักษรภัณฑ์กาญจนบุรี (สำนักงานใหญ่),032/1567,,ฟ0079,อัน,ไฟฟ้า,2026-04
28/4/2026,ปลั๊กราง ยาว 10 เมตร,495.00,2,990.00,หจก.อักษรภัณฑ์กาญจนบุรี (สำนักงานใหญ่),032/1567,,ฟ0077,อัน,ไฟฟ้า,2026-04
28/4/2026,ถ่านกระดุม,35.00,50,"1,750.00",หจก.อักษรภัณฑ์กาญจนบุรี (สำนักงานใหญ่),032/1566,,ง0066,ก้อน,งานบ้านงานครัว,2026-04
28/4/2026,ไส้กรอง MB 50 กรัม,"2,180.00",7,"15,260.00",เน็กวอเตอร์อิเล้กทรอนิกส์ เซอร์วิส,1/33,,ป0065,ชุด,ประปา,2026-04
28/4/2026,สารกรองน้ำ คาร์บอน,"1,680.00",4,"6,720.00",เน็กวอเตอร์อิเล้กทรอนิกส์ เซอร์วิส,1/33,,ป0062,ชุด,ประปา,2026-04
28/4/2026,ไส้กรองน้ำ R/020 นิ้ว,"2,480.00",1,"2,480.00",เน็กวอเตอร์อิเล้กทรอนิกส์ เซอร์วิส,1/33,,ป0071,ชุด,ประปา,2026-04
28/4/2026,หลอด UV 12W,"1,200.00",1,"1,200.00",เน็กวอเตอร์อิเล้กทรอนิกส์ เซอร์วิส,1/33,,ป0072,หลอด,ประปา,2026-04
29/4/2026,สีสเปรย์ คละสี,50.00,3,150.00,วังโพธิ์พาณิชย์,5/46,,ส0197,กระป๋อง,สำนักงาน,2026-04
29/4/2026,สีสเปรย์ คละสี,50.00,2,100.00,วังโพธิ์พาณิชย์,5/46,,ส0197,กระป๋อง,สำนักงาน,2026-04
29/4/2026,"สเปรย์ฉีดแมลง,ยุง",105.00,6,630.00,วังโพธิ์พาณิชย์,5/44,,ง0206,กระป๋อง,งานบ้านงานครัว,2026-04
29/4/2026,สเปรย์ปรับอากาศ-ดับกลิ่น,85.00,2,170.00,วังโพธิ์พาณิชย์,5/44,,ง0207,กระป๋อง,งานบ้านงานครัว,2026-04
29/4/2026,ถังขยะชนิดเหยียบ ขนาด 18 ลิตร,440.00,2,880.00,วังโพธิ์พาณิชย์,5/44,,ง0053,ใบ,งานบ้านงานครัว,2026-04
29/4/2026,ไฟฉายแบบชาร์จ,175.00,3,525.00,วังโพธิ์พาณิชย์,5/44,,ง0182,กระบอก,งานบ้านงานครัว,2026-04
29/4/2026,ผงซักฟอก ,130.00,17,"2,210.00",วังโพธิ์พาณิชย์,5/44,,ง0148,ถุง,งานบ้านงานครัว,2026-04
29/4/2026,เจลก้อนหอม,100.00,12,"1,200.00",วังโพธิ์พาณิชย์,5/44,,ง0016,ก้อน,งานบ้านงานครัว,2026-04
29/4/2026,ฟองน้ำพร้อมสก็อตไบรท์,25.00,23,575.00,วังโพธิ์พาณิชย์,5/44,,ง0179,แผ่น,งานบ้านงานครัว,2026-04
29/4/2026,ขวดสเปรย์ (เล็ก) (ขวดเปล่า),35.00,36,"1,260.00",วังโพธิ์พาณิชย์,5/44,,ง0026,ขวด,งานบ้านงานครัว,2026-04
29/4/2026,ไม้กวาดอ่อน,50.00,1,50.00,วังโพธิ์พาณิชย์,5/44,,ง0187,อัน,งานบ้านงานครัว,2026-04
29/4/2026,ถ่าน ขนาด AA (อัลคาไลน์),25.00,166,"4,150.00",วังโพธิ์พาณิชย์,5/44,,ง0064,ก้อน,งานบ้านงานครัว,2026-04
29/4/2026,ถ่าน ขนาด AAA (อัลคาไลน์),25.00,66,"1,650.00",วังโพธิ์พาณิชย์,5/44,,ง0065,ก้อน,งานบ้านงานครัว,2026-04
29/4/2026,น้ำยาล้างจาน (บรรจุ 3.8 ลิตร),195.00,3,585.00,วังโพธิ์พาณิชย์,5/45,,ง0135,แกลลอน,งานบ้านงานครัว,2026-04
29/4/2026,ไม้ถูพื้นพร้อมผ้า,150.00,4,600.00,วังโพธิ์พาณิชย์,5/45,,ง0190,อัน,งานบ้านงานครัว,2026-04
29/4/2026,ผ้าถูพื้น,45.00,3,135.00,วังโพธิ์พาณิชย์,5/45,,ง0159,ผืน,งานบ้านงานครัว,2026-04
29/4/2026,ถังกลม   30 ลิตร,100.00,12,"1,200.00",วังโพธิ์พาณิชย์,5/45,,ง0248,ใบ,งานบ้านงานครัว,2026-04
29/4/2026,ถังกลม 16 ลิตร,135.00,18,"2,430.00",วังโพธิ์พาณิชย์,5/45,,ง0249,ใบ,งานบ้านงานครัว,2026-04
29/4/2026,ถังพลาสติกพร้อมฝา,450.00,12,"5,400.00",วังโพธิ์พาณิชย์,5/45,,ง0057,ใบ,งานบ้านงานครัว,2026-04
29/4/2026,ด้าย,12.00,6,72.00,วังโพธิ์พาณิชย์,5/45,,ง0045,หลอด,งานบ้านงานครัว,2026-04
29/4/2026,ถุงมือยางทำความสะอาด,35.00,5,175.00,วังโพธิ์พาณิชย์,5/45,,ง0093,คู่,งานบ้านงานครัว,2026-04
29/4/2026,สายยาง 20 เมตร,500.00,1,500.00,วังโพธิ์พาณิชย์,5/45,,ง0243,เมตร,งานบ้านงานครัว,2026-04
29/4/2026,เหยือกน้ำ ขนาด 2 ลิตร,150.00,5,750.00,วังโพธิ์พาณิชย์,5/45,,ง0219,ใบ,งานบ้านงานครัว,2026-04
16/4/2026,ปูนกาว,120.00,30,"3,600.00", บริษัท ศศิศรัณย์วัสดุก่อสร้าง จำกัด (สำนักงานใหญ่),INV-260430001,,ก0310,ลูก,วัสดุก่อสร้าง,2026-04
16/4/2026,ตะแกรงกันกลิ่นสแตนเลส,300.00,1,300.00, บริษัท ศศิศรัณย์วัสดุก่อสร้าง จำกัด (สำนักงานใหญ่),INV-260430001,,ก0311,อัน,วัสดุก่อสร้าง,2026-04
1/5/2026,น้ำมันดีเซล,44.63,1.00,44.63,บริษัท แอล อาร์ เซอร์วิส จำกัด,69/04-002,,ช0001,ลิตร,เชื้อเพลิง,2026-05
1/5/2026,น้ำมันดีเซล,44.66,44.24,"1,975.76",บริษัท แอล อาร์ เซอร์วิส จำกัด,69/04-002,,ช0001,ลิตร,เชื้อเพลิง,2026-05
1/5/2026,น้ำมันดีเซล,41.96,291.74,"12,241.41",บริษัท แอล อาร์ เซอร์วิส จำกัด,69/04-002,,ช0001,ลิตร,เชื้อเพลิง,2026-05
1/5/2026,น้ำมันดีเซล,40.46,625.66,"25,314.20",บริษัท แอล อาร์ เซอร์วิส จำกัด,69/04-002,,ช0001,ลิตร,เชื้อเพลิง,2026-05
1/5/2026,หมึก HP GT53 BK,390.00,6,"2,340.00",ห้างหุ้นส่วนจำกัด ฟรีดอมเทค คอมพิวเตอร์,IV6905001,,ค0061,ขวด,คอมพิวเตอร์,2026-05
1/5/2026,หมึก HP GT52 M,390.00,6,"2,340.00",ห้างหุ้นส่วนจำกัด ฟรีดอมเทค คอมพิวเตอร์,IV6905001,,ค0059,ขวด,คอมพิวเตอร์,2026-05
1/5/2026,หมึก HP GT52 C,390.00,5,"1,950.00",ห้างหุ้นส่วนจำกัด ฟรีดอมเทค คอมพิวเตอร์,IV6905001,,ค0058,ขวด,คอมพิวเตอร์,2026-05
1/5/2026,หมึก HP GT52 Y,390.00,2,780.00,ห้างหุ้นส่วนจำกัด ฟรีดอมเทค คอมพิวเตอร์,IV6905001,,ค0060,ขวด,คอมพิวเตอร์,2026-05
6/5/2026,น้ำยา Neodisher Septo,"7,500.00",10,"75,000.00",บริษัท เคมเทค เฮลท์แคร์ จำกัด,INV26-04-0525,,ง0114,แกลลอน,งานบ้านงานครัว,2026-05
7/5/2026,บัตรรีโมทเปิดไม้กั้นทางแบบบลูทูธ,510.00,8,"4,080.00",ร้านทรัพย์เพิ่ม,012/0558,,ส0112,ใบ,สำนักงาน,2026-05
6/5/2026,กระติกน้ำร้อน 3.3 ลิตร,"1,080.00",1,"1,080.00",บริษัท สยามโกลบอลเฮ้า จำกัด (มหาชน) สำนักงานใหญ่,GHKJSA01AIV-690506-0001,,ง0250,ใบ,งานบ้านงานครัว,2026-05
6/5/2026,ท่อพีวีซี(ประปา),210.00,3,630.00,บริษัท สยามโกลบอลเฮ้า จำกัด (มหาชน) สำนักงานใหญ่,GHKJSA02AIV-690506-0001,,ป0104,ท่อน,ประปา,2026-05
6/5/2026,สะดืออ่าง(ประปา),85.00,5,425.00,บริษัท สยามโกลบอลเฮ้า จำกัด (มหาชน) สำนักงานใหญ่,GHKJSA02AIV-690506-0001,,ป0105,ชิ้น,ประปา,2026-05
6/5/2026,น้ำยาประสานท่อ,168.00,2,336.00,บริษัท สยามโกลบอลเฮ้า จำกัด (มหาชน) สำนักงานใหญ่,GHKJSA02AIV-690506-0001,,ป0027,กระป๋อง,ประปา,2026-05
6/5/2026,บอลวาล์วพีวีซี(ประปา),60.00,1,60.00,บริษัท สยามโกลบอลเฮ้า จำกัด (มหาชน) สำนักงานใหญ่,GHKJSA02AIV-690506-0001,,ป0106,ชิ้น,ประปา,2026-05
6/5/2026,ข้อต่อตรง 1/2 (ประปา),5.00,10,50.00,บริษัท สยามโกลบอลเฮ้า จำกัด (มหาชน) สำนักงานใหญ่,GHKJSA02AIV-690506-0001,,ป0107,ชิ้น,ประปา,2026-05
6/5/2026,ข้องอ 1/2 (ประปา),6.25,10,62.50,บริษัท สยามโกลบอลเฮ้า จำกัด (มหาชน) สำนักงานใหญ่,GHKJSA02AIV-690506-0001,,ป0108,ชิ้น,ประปา,2026-05
6/5/2026,ฝาครอบพีวีซี (ประปา),25.00,2,50.00,บริษัท สยามโกลบอลเฮ้า จำกัด (มหาชน) สำนักงานใหญ่,GHKJSA02AIV-690506-0001,,ป0109,ชิ้น,ประปา,2026-05
6/5/2026,ข้อต่อตรง 1 1/2 (ประปา),20.00,5,100.00,บริษัท สยามโกลบอลเฮ้า จำกัด (มหาชน) สำนักงานใหญ่,GHKJSA02AIV-690506-0001,,ป0110,ชิ้น,ประปา,2026-05
6/5/2026,ข้องอ 1 1/2 (ประปา),31.00,10,310.00,บริษัท สยามโกลบอลเฮ้า จำกัด (มหาชน) สำนักงานใหญ่,GHKJSA02AIV-690506-0002,,ป0111,ชิ้น,ประปา,2026-05
6/5/2026,ค้อนปอน,505.00,1,505.00,บริษัท สยามโกลบอลเฮ้า จำกัด (มหาชน) สำนักงานใหญ่,GHKJSA02AIV-690506-0002,,ก0312,อัน,วัสดุก่อสร้าง,2026-05
6/5/2026,พุกพลาสติก,165.00,1,165.00,บริษัท สยามโกลบอลเฮ้า จำกัด (มหาชน) สำนักงานใหญ่,GHKJSA02AIV-690506-0002,,ก0173,แพ็ค,วัสดุก่อสร้าง,2026-05
6/5/2026,สีสเปรย์,48.00,3,144.00,บริษัท สยามโกลบอลเฮ้า จำกัด (มหาชน) สำนักงานใหญ่,GHKJSA02AIV-690506-0002,,ก0238,กระป๋อง,วัสดุก่อสร้าง,2026-05
6/5/2026,สีสเปรย์,48.00,3,144.00,บริษัท สยามโกลบอลเฮ้า จำกัด (มหาชน) สำนักงานใหญ่,GHKJSA02AIV-690506-0002,,ก0238,กระป๋อง,วัสดุก่อสร้าง,2026-05
6/5/2026,สเปรย์ เกรดพิเศษ,110.00,2,220.00,บริษัท สยามโกลบอลเฮ้า จำกัด (มหาชน) สำนักงานใหญ่,GHKJSA02AIV-690506-0002,,ก0313,กระป๋อง,วัสดุก่อสร้าง,2026-05
6/5/2026,สีสเปรย์,48.00,3,144.00,บริษัท สยามโกลบอลเฮ้า จำกัด (มหาชน) สำนักงานใหญ่,GHKJSA02AIV-690506-0002,,ก0238,กระป๋อง,วัสดุก่อสร้าง,2026-05
6/5/2026,บานพับสแตนเลส,105.00,2,210.00,บริษัท สยามโกลบอลเฮ้า จำกัด (มหาชน) สำนักงานใหญ่,GHKJSA02AIV-690506-0002,,ก0123,ชุด,วัสดุก่อสร้าง,2026-05
6/5/2026,กระดาษทราย,80.00,1,80.00,บริษัท สยามโกลบอลเฮ้า จำกัด (มหาชน) สำนักงานใหญ่,GHKJSA02AIV-690506-0002,,ก0005,ใบ,วัสดุก่อสร้าง,2026-05
6/5/2026,ดอกสว่านสเต็ปดริล,160.00,1,160.00,บริษัท สยามโกลบอลเฮ้า จำกัด (มหาชน) สำนักงานใหญ่,GHKJSA02AIV-690506-0002,,ก0314,ชิ้น,วัสดุก่อสร้าง,2026-05
6/5/2026,ดอกโรตารี่,60.00,1,60.00,บริษัท สยามโกลบอลเฮ้า จำกัด (มหาชน) สำนักงานใหญ่,GHKJSA02AIV-690506-0002,,ก0079,ตัว,วัสดุก่อสร้าง,2026-05
6/5/2026,พุกเหล็ก,35.00,2,70.00,บริษัท สยามโกลบอลเฮ้า จำกัด (มหาชน) สำนักงานใหญ่,GHKJSA02AIV-690506-0002,,ก0174,ตัว,วัสดุก่อสร้าง,2026-05
6/5/2026,บานพับสแตนเลส,125.00,1,125.00,บริษัท สยามโกลบอลเฮ้า จำกัด (มหาชน) สำนักงานใหญ่,GHKJSA02AIV-690506-0002,,ก0123,ชุด,วัสดุก่อสร้าง,2026-05
6/5/2026,ไขควงปากแบนหัวแม่เหล็ก,74.00,1,74.00,บริษัท สยามโกลบอลเฮ้า จำกัด (มหาชน) สำนักงานใหญ่,GHKJSA02AIV-690506-0002,,ก0315,อัน,วัสดุก่อสร้าง,2026-05
6/5/2026,ไขควงทะลุปากแฉกหัวเเม่เหล็ก,66.00,1,66.00,บริษัท สยามโกลบอลเฮ้า จำกัด (มหาชน) สำนักงานใหญ่,GHKJSA02AIV-690506-0002,,ก0316,อัน,วัสดุก่อสร้าง,2026-05
6/5/2026,คอนแทคทิป,105.00,1,105.00,บริษัท สยามโกลบอลเฮ้า จำกัด (มหาชน) สำนักงานใหญ่,GHKJSA02AIV-690506-0002,,ก0317,แพ็ค,วัสดุก่อสร้าง,2026-05
6/5/2026,ปืนเติมลมยาง,259.00,1,259.00,บริษัท สยามโกลบอลเฮ้า จำกัด (มหาชน) สำนักงานใหญ่,GHKJSA02AIV-690506-0002,,ก0148,ชุด,วัสดุก่อสร้าง,2026-05
6/5/2026,ดอกเจาะสแตนเลส,43.00,2,86.00,บริษัท สยามโกลบอลเฮ้า จำกัด (มหาชน) สำนักงานใหญ่,GHKJSA02AIV-690506-0002,,ก0281,ตัว,วัสดุก่อสร้าง,2026-05
6/5/2026,ชุดแม่เหล็กจับฉาก,325.00,1,325.00,บริษัท สยามโกลบอลเฮ้า จำกัด (มหาชน) สำนักงานใหญ่,GHKJSA02AIV-690506-0002,,ก0318,แพ็ค,วัสดุก่อสร้าง,2026-05
6/5/2026,ชุดไขควงซ่อมนาฬิกา,165.00,1,165.00,บริษัท สยามโกลบอลเฮ้า จำกัด (มหาชน) สำนักงานใหญ่,GHKJSA02AIV-690506-0002,,ก0319,ชุด,วัสดุก่อสร้าง,2026-05
6/5/2026,ดอกเจาะสแตนเลส,43.00,2,86.00,บริษัท สยามโกลบอลเฮ้า จำกัด (มหาชน) สำนักงานใหญ่,GHKJSA02AIV-690506-0002,,ก0281,ตัว,วัสดุก่อสร้าง,2026-05
6/5/2026,ดอกเจาะสแตนเลส,43.00,2,86.00,บริษัท สยามโกลบอลเฮ้า จำกัด (มหาชน) สำนักงานใหญ่,GHKJSA02AIV-690506-0002,,ก0281,ตัว,วัสดุก่อสร้าง,2026-05
6/5/2026,ดอกเจาะสแตนเลส,43.00,2,86.00,บริษัท สยามโกลบอลเฮ้า จำกัด (มหาชน) สำนักงานใหญ่,GHKJSA02AIV-690506-0002,,ก0281,ตัว,วัสดุก่อสร้าง,2026-05
6/5/2026,ดอกเจาะสแตนเลส,83.00,2,166.00,บริษัท สยามโกลบอลเฮ้า จำกัด (มหาชน) สำนักงานใหญ่,GHKJSA02AIV-690506-0002,,ก0281,ตัว,วัสดุก่อสร้าง,2026-05
7/5/2026,ซองกันกระแทก,17.00,4,68.00,บริษัท ไปรษณีย์ไทย จำกัด,TR#885973,,ส0068,ซอง,สำนักงาน,2026-05
8/5/2026,สวิทต์ลูกลอย,760.77,2,"1,521.54",บริษัท ทัศศิพรเอ็นเทอไพรซ์ จำกัด,IV0014297,,ฟ0119,อัน,ไฟฟ้า,2026-05
8/5/2026,ตู้โหลด 3P,"12,283.60",1,"12,283.60",บริษัท ทัศศิพรเอ็นเทอไพรซ์ จำกัด,IV0014301,,ฟ0054,ใบ,ไฟฟ้า,2026-05
8/5/2026,เมนเบรกเกอร์,"6,591.20",1,"6,591.20",บริษัท ทัศศิพรเอ็นเทอไพรซ์ จำกัด,IV0014301,,ฟ0097,อัน,ไฟฟ้า,2026-05
8/5/2026,ลูกเซอร์กิต 3P,128.40,20,"2,568.00",บริษัท ทัศศิพรเอ็นเทอไพรซ์ จำกัด,IV0014301,,ฟ0111,อัน,ไฟฟ้า,2026-05
8/5/2026,THW BCC 50,377.71,10,"3,777.10",บริษัท ทัศศิพรเอ็นเทอไพรซ์ จำกัด,IV0014301,,ฟ0169,เมตร,ไฟฟ้า,2026-05
8/5/2026,หางปลา,28.89,8,231.12,บริษัท ทัศศิพรเอ็นเทอไพรซ์ จำกัด,IV0014301,,ฟ0151,อัน,ไฟฟ้า,2026-05
8/5/2026,ปลอกหุ้มหางปลา(น้ำตาล),3.75,4,15.00,บริษัท ทัศศิพรเอ็นเทอไพรซ์ จำกัด,IV0014301,,ฟ0177,อััน,ไฟฟ้า,2026-05
8/5/2026,ปลอกหุ้มหางปลา(ดำ),3.75,4,15.00,บริษัท ทัศศิพรเอ็นเทอไพรซ์ จำกัด,IV0014301,,ฟ0178,อัน,ไฟฟ้า,2026-05
8/5/2026,ปลอกหุ้มหางปลา(เทา),3.75,4,15.00,บริษัท ทัศศิพรเอ็นเทอไพรซ์ จำกัด,IV0014301,,ฟ0179,อัน,ไฟฟ้า,2026-05
8/5/2026,ปลอกหุ้มหางปลา(ฟ้า),3.75,4,15.00,บริษัท ทัศศิพรเอ็นเทอไพรซ์ จำกัด,IV0014321,,ฟ0180,อัน,ไฟฟ้า,2026-05
11/5/2026,รางวายเวย์,682.66,2,"1,365.32",บริษัท ทัศศิพรเอ็นเทอไพรซ์ จำกัด,IV0014302,,ฟ0108,เส้น,ไฟฟ้า,2026-05
12/5/2026,เสื้อกาวน์,690.00,5,"3,450.00",บริษัท เด็นท์-เมท จำกัด,IVG00075038,,ต0016,ตัว,วัสดุเครื่องแต่งกาย,2026-05
12/5/2026,เสื้อกาวน์,690.00,8,"5,520.00",บริษัท เด็นท์-เมท จำกัด,IVG00075038,,ต0016,ตัว,วัสดุเครื่องแต่งกาย,2026-05
12/5/2026,เสื้อกาวน์,690.00,2,"1,380.00",บริษัท เด็นท์-เมท จำกัด,IVG00075038,,ต0016,ตัว,วัสดุเครื่องแต่งกาย,2026-05
12/5/2026,น้ำยาล้างเครื่องมือแพทย์,"4,044.60",10,"40,446.00",บริษัท เคมเทค เฮลท์แคร์ จำกัด,INV-26-05-0541,,ง0239,แกลลอน,งานบ้านงานครัว,2026-05
15/5/2026,แก๊สหุงต้ม ขนาด 48 กก.,"1,370.00",4,"5,480.00",บริษัท ธนกาญจน์แก๊ส จำกัด,130/6494,,ง0023,ถัง,งานบ้านงานครัว,2026-05
18/5/2026,อุดครอบ PVC,30.00,2,60.00, บริษัท ศศิศรัณย์วัสดุก่อสร้าง จำกัด (สำนักงานใหญ่),INV-260518001,,ป0112,ตัว,ประปา,2026-05
20/5/2026,ปูน/กาวยาแนว,59.00,5,295.00,บริษัท สยามโกลบอลเฮ้า จำกัด (มหาชน) สำนักงานใหญ่,GHKJSA04AIV-690520-0001,,ก0152,ถุง,วัสดุก่อสร้าง,2026-05
20/5/2026,ชุดลูกกลิ้งทาสี,95.00,1,95.00,บริษัท สยามโกลบอลเฮ้า จำกัด (มหาชน) สำนักงานใหญ่,GHKJSA04AIV-690520-0001,,ก0061,ชุด,วัสดุก่อสร้าง,2026-05
20/5/2026,ปูน/กาวยาแนว,79.00,5,395.00,บริษัท สยามโกลบอลเฮ้า จำกัด (มหาชน) สำนักงานใหญ่,GHKJSA04AIV-690520-0001,,ก0152,ถุง,วัสดุก่อสร้าง,2026-05
20/5/2026,โซดาไฟ,65.00,10,650.00,บริษัท สยามโกลบอลเฮ้า จำกัด (มหาชน) สำนักงานใหญ่,GHKJSA04AIV-690520-0001,,ก0073,ถุง,วัสดุก่อสร้าง,2026-05
20/5/2026,เทปพันสายไฟ (ก่อสร้าง),15.00,2,30.00,บริษัท สยามโกลบอลเฮ้า จำกัด (มหาชน) สำนักงานใหญ่,GHKJSA04AIV-690520-0001,,ก0320,ม้วน,วัสดุก่อสร้าง,2026-05
20/5/2026,เทปพันสายไฟ (ก่อสร้าง),15.00,2,30.00,บริษัท สยามโกลบอลเฮ้า จำกัด (มหาชน) สำนักงานใหญ่,GHKJSA04AIV-690520-0001,,ก0320,ม้วน,วัสดุก่อสร้าง,2026-05
20/5/2026,กันชนประตู,69.00,5,345.00,บริษัท สยามโกลบอลเฮ้า จำกัด (มหาชน) สำนักงานใหญ่,GHKJSA04AIV-690520-0001,,ก0308,อัน,วัสดุก่อสร้าง,2026-05
20/5/2026,เทปพันสายไฟ (ก่อสร้าง),41.00,10,410.00,บริษัท สยามโกลบอลเฮ้า จำกัด (มหาชน) สำนักงานใหญ่,GHKJSA04AIV-690520-0001,,ก0320,ม้วน,วัสดุก่อสร้าง,2026-05
20/5/2026,ซิลิโคนใส,91.00,5,455.00,บริษัท สยามโกลบอลเฮ้า จำกัด (มหาชน) สำนักงานใหญ่,GHKJSA04AIV-690520-0001,,ก0072,หลอด,วัสดุก่อสร้าง,2026-05
20/5/2026,กาวร้อน,68.00,5,340.00,บริษัท สยามโกลบอลเฮ้า จำกัด (มหาชน) สำนักงานใหญ่,GHKJSA04AIV-690520-0001,,ก0018,กระป๋อง,วัสดุก่อสร้าง,2026-05
20/5/2026,ใบเลื่อยตัดเหล็ก,32.00,5,160.00,บริษัท สยามโกลบอลเฮ้า จำกัด (มหาชน) สำนักงานใหญ่,GHKJSA04AIV-690520-0001,,ก0131,ใบ,วัสดุก่อสร้าง,2026-05
20/5/2026,กาวยาง,130.00,1,130.00,บริษัท สยามโกลบอลเฮ้า จำกัด (มหาชน) สำนักงานใหญ่,GHKJSA04AIV-690520-0001,,ก0016,กระป๋อง,วัสดุก่อสร้าง,2026-05
20/5/2026,กาวลาเท็กซ์,80.00,1,80.00,บริษัท สยามโกลบอลเฮ้า จำกัด (มหาชน) สำนักงานใหญ่,GHKJSA04AIV-690520-0001,,ก0321,ขวด,วัสดุก่อสร้าง,2026-05
20/5/2026,ท่อหด PVC,23.00,3,69.00,บริษัท สยามโกลบอลเฮ้า จำกัด (มหาชน) สำนักงานใหญ่,GHKJSA04AIV-690520-0001,,ก0288,แพ็ค,วัสดุก่อสร้าง,2026-05
20/5/2026,เสาจราจรPVC,310.00,10,"3,100.00",บริษัท สยามโกลบอลเฮ้า จำกัด (มหาชน) สำนักงานใหญ่,GHKJSA04AIV-690520-0001,,ก0322,อัน,วัสดุก่อสร้าง,2026-05
20/5/2026,จอบผานรถไถ่,389.00,1,389.00,บริษัท สยามโกลบอลเฮ้า จำกัด (มหาชน) สำนักงานใหญ่,GHKJSA04AIV-690520-0001,,ก0323,ด้าม,วัสดุก่อสร้าง,2026-05
20/5/2026,ไฟคาดหัว,119.00,1,119.00,บริษัท สยามโกลบอลเฮ้า จำกัด (มหาชน) สำนักงานใหญ่,GHKJSA04AIV-690520-0001,,ก0324,อัน,วัสดุก่อสร้าง,2026-05
20/5/2026,ข้องอ,47.00,5,235.00,บริษัท สยามโกลบอลเฮ้า จำกัด (มหาชน) สำนักงานใหญ่,GHKJSA04AIV-690520-0002,,ป0008,อัน,ประปา,2026-05
20/5/2026,ชุดกระจก 3 ชิ้น,259.00,3,777.00,บริษัท สยามโกลบอลเฮ้า จำกัด (มหาชน) สำนักงานใหญ่,GHKJSA04AIV-690520-0002,,ป0085,ชุด,ประปา,2026-05
20/5/2026,ข้อต่อตรง 2 นิ้ว,22.00,5,110.00,บริษัท สยามโกลบอลเฮ้า จำกัด (มหาชน) สำนักงานใหญ่,GHKJSA04AIV-690520-0002,,ป0113,ชิ้น,ประปา,2026-05
20/5/2026,น้ำยาประสานท่อ,168.00,3,504.00,บริษัท สยามโกลบอลเฮ้า จำกัด (มหาชน) สำนักงานใหญ่,GHKJSA04AIV-690520-0002,,ป0027,กระป๋อง,ประปา,2026-05
20/5/2026,สะดืออ่าง(ประปา),129.00,3,387.00,บริษัท สยามโกลบอลเฮ้า จำกัด (มหาชน) สำนักงานใหญ่,GHKJSA04AIV-690520-0002,,ป0105,ชิ้น,ประปา,2026-05
20/5/2026,สะดืออ่าง(ประปา),49.00,4,196.00,บริษัท สยามโกลบอลเฮ้า จำกัด (มหาชน) สำนักงานใหญ่,GHKJSA04AIV-690520-0002,,ป0105,ชิ้น,ประปา,2026-05
20/5/2026,ท่อย่นน้ำทิ้ง,85.00,4,340.00,บริษัท สยามโกลบอลเฮ้า จำกัด (มหาชน) สำนักงานใหญ่,GHKJSA04AIV-690520-0002,,ป0024,เส้น,ประปา,2026-05
20/5/2026,เทปพันเกลียว (ปป),32.00,5,160.00,บริษัท สยามโกลบอลเฮ้า จำกัด (มหาชน) สำนักงานใหญ่,GHKJSA04AIV-690520-0002,,ป0114,อัน,ประปา,2026-05
20/5/2026,ก๊อกน้ำ,159.00,5,795.00,บริษัท สยามโกลบอลเฮ้า จำกัด (มหาชน) สำนักงานใหญ่,GHKJSA04AIV-690520-0002,,ป0003,ชิ้น,ประปา,2026-05
20/5/2026,หัวสายฉีดชำระ,99.00,5,495.00,บริษัท สยามโกลบอลเฮ้า จำกัด (มหาชน) สำนักงานใหญ่,GHKJSA04AIV-690520-0002,,ป0081,อัน,ประปา,2026-05
20/5/2026,ท่อพีวีซี(ประปา),303.00,5,"1,515.00",บริษัท สยามโกลบอลเฮ้า จำกัด (มหาชน) สำนักงานใหญ่,GHKJSA04AIV-690520-0002,,ป0104,ท่อน,ประปา,2026-05
20/5/2026,ท่อร้อยสายไฟเหล็ก,184.00,4,736.00,บริษัท สยามโกลบอลเฮ้า จำกัด (มหาชน) สำนักงานใหญ่,GHKJSA04AIV-690520-0002,,ป0115,เส้น,ประปา,2026-05
21/5/2026,แค้มป์เหล็กจับท่อหนา,8.56,10,85.60,บริษัท ทัศศิพรเอ็นเทอไพรซ์ จำกัด,IV0014487,,ฟ0171,อัน,ไฟฟ้า,2026-05
21/5/2026,แค้มป์เหล็กจับท่อหนา,8.56,10,85.60,บริษัท ทัศศิพรเอ็นเทอไพรซ์ จำกัด,IV0014487,,ฟ0171,อัน,ไฟฟ้า,2026-05
21/5/2026,เข็มขัดปีนเสา,"3,490.34",1,"3,490.34",บริษัท ทัศศิพรเอ็นเทอไพรซ์ จำกัด,IV0014487,,ฟ0172,อัน,ไฟฟ้า,2026-05
22/5/2026,น้ำมันเครื่อง ไดเกียว 2T 1ลิตร,150.00,3,450.00,โชตินันท์ การเกษตร,109/05408,,เก0030,ชิ้น,วัสดุการเกษตร,2026-05
22/5/2026,เอ็นตัดหญ้า,300.00,2,600.00,โชตินันท์ การเกษตร,109/05408,,เก0064,ม้วน,วัสดุการเกษตร,2026-05
22/5/2026,มีดหัวตัด,320.00,1,320.00,โชตินันท์ การเกษตร,109/05408,,เก0043,เล่ม,วัสดุการเกษตร,2026-05
22/5/2026,จานเอ็นตัดหญ้า,100.00,2,200.00,โชตินันท์ การเกษตร,109/05408,,เก0011,ใบ,วัสดุการเกษตร,2026-05
22/5/2026,ถ้วยหัวเอ็นตัดหญ้ามิเนียม,150.00,1,150.00,โชตินันท์ การเกษตร,109/05408,,เก0071,อัน,วัสดุการเกษตร,2026-05
18/5/2026,น้ำมันดีเซล,41.06,472.54,"19,402.50",บริษัท แอล อาร์ เซอร์วิส จำกัด,69/05-001,,ช0001,ลิตร,เชื้อเพลิง,2026-05
18/5/2026,น้ำมันดีเซล,40.21,576.82,"23,193.80",บริษัท แอล อาร์ เซอร์วิส จำกัด,69/05-001,,ช0001,ลิตร,เชื้อเพลิง,2026-05
18/5/2026,น้ำมันดีเซล,41.71,187.26,"7,810.60",บริษัท แอล อาร์ เซอร์วิส จำกัด,69/05-001,,ช0001,ลิตร,เชื้อเพลิง,2026-05
26/5/2026,กระดาษ A4 80 แกรม (สีขาว),130.00,70,"9,100.00",หจก.อักษรภัณฑ์กาญจนบุรี (สำนักงานใหญ่),037/1831,,ส0009,รีม,สำนักงาน,2026-05
26/5/2026,กระดาษ A4 80 แกรม (ทุกสี),240.00,1,240.00,หจก.อักษรภัณฑ์กาญจนบุรี (สำนักงานใหญ่),037/1831,,ส0008,รีม,สำนักงาน,2026-05
26/5/2026,กระดาษ A5 80 แกรม (ใบสั่งยา),85.00,15,"1,275.00",หจก.อักษรภัณฑ์กาญจนบุรี (สำนักงานใหญ่),037/1831,,ส0013,รีม,สำนักงาน,2026-05
26/5/2026,กระดาษ A4 180 แกรม (ทุกสี),135.00,10,"1,350.00",หจก.อักษรภัณฑ์กาญจนบุรี (สำนักงานใหญ่),037/1831,,ส0012,รีม,สำนักงาน,2026-05
26/5/2026,กระดาษกาวย่น 1 นิ้ว,38.00,14,532.00,หจก.อักษรภัณฑ์กาญจนบุรี (สำนักงานใหญ่),037/1831,,ส0015,ม้วน,สำนักงาน,2026-05
26/5/2026,กาว 2 หน้า บาง,20.00,2,40.00,หจก.อักษรภัณฑ์กาญจนบุรี (สำนักงานใหญ่),037/1831,,ส0043,ม้วน,สำนักงาน,2026-05
26/5/2026,ลวดเสียบกระดาษ,12.00,10,120.00,หจก.อักษรภัณฑ์กาญจนบุรี (สำนักงานใหญ่),037/1831,,ส0171,กล่อง,สำนักงาน,2026-05
26/5/2026,เทปใส 1 นิ้ว,40.00,24,960.00,หจก.อักษรภัณฑ์กาญจนบุรี (สำนักงานใหญ่),037/1831,,ส0095,ม้วน,สำนักงาน,2026-05
26/5/2026,"ปากกาเคมี 2 หัว ( ดำ,แดง,น้ำเงิน )",15.00,5,75.00,หจก.อักษรภัณฑ์กาญจนบุรี (สำนักงานใหญ่),037/1831,,ส0125,ด้าม,สำนักงาน,2026-05
26/5/2026,ซองขาว,1.00,212,212.00,หจก.อักษรภัณฑ์กาญจนบุรี (สำนักงานใหญ่),037/1831,,ส0069,ซอง,สำนักงาน,2026-05
26/5/2026,ซองน้ำตาล A4 (ไม่ขยายข้าง),5.00,12,60.00,หจก.อักษรภัณฑ์กาญจนบุรี (สำนักงานใหญ่),037/1831,,ส0071,ซอง,สำนักงาน,2026-05
26/5/2026,ปากกาเขียน CD,25.00,5,125.00,หจก.อักษรภัณฑ์กาญจนบุรี (สำนักงานใหญ่),037/1831,,ส0123,ด้าม,สำนักงาน,2026-05
26/5/2026,ปากกาลบคำผิดแบบเทป,59.00,7,413.00,หจก.อักษรภัณฑ์กาญจนบุรี (สำนักงานใหญ่),037/1831,,ส0127,อัน,สำนักงาน,2026-05
26/5/2026,กระดาษกาวปิดลังพัสดุ,25.00,5,125.00,หจก.อักษรภัณฑ์กาญจนบุรี (สำนักงานใหญ่),037/1831,,ส0014,ม้วน,สำนักงาน,2026-05
26/5/2026,กรรไกร,85.00,3,255.00,หจก.อักษรภัณฑ์กาญจนบุรี (สำนักงานใหญ่),037/1831,,ส0002,เล่ม,สำนักงาน,2026-05
26/5/2026,ลูกแม็กซ์ เบอร์ 10,15.00,29,435.00,หจก.อักษรภัณฑ์กาญจนบุรี (สำนักงานใหญ่),037/1831,,ส0173,กล่อง,สำนักงาน,2026-05
26/5/2026,แลคซีน 1.5 นิ้ว,55.00,2,110.00,หจก.อักษรภัณฑ์กาญจนบุรี (สำนักงานใหญ่),037/1831,,ส0176,ม้วน,สำนักงาน,2026-05
26/5/2026,แลคซีน 2 นิ้ว,75.00,2,150.00,หจก.อักษรภัณฑ์กาญจนบุรี (สำนักงานใหญ่),037/1831,,ส0177,ม้วน,สำนักงาน,2026-05
26/5/2026,แท่นเทปใส (ใหญ่),125.00,1,125.00,หจก.อักษรภัณฑ์กาญจนบุรี (สำนักงานใหญ่),037/1832,,ส0100,อัน,สำนักงาน,2026-05
26/5/2026,พวงกุญแจ,135.00,1,135.00,หจก.อักษรภัณฑ์กาญจนบุรี (สำนักงานใหญ่),037/1832,,ส0223,กล่อง,สำนักงาน,2026-05
26/5/2026,ไส้แฟ้มสอด A4,25.00,15,375.00,หจก.อักษรภัณฑ์กาญจนบุรี (สำนักงานใหญ่),037/1832,,ส0200,แพ็ค,สำนักงาน,2026-05
26/5/2026,แฟ้มห่วง 1 นิ้ว,65.00,1,65.00,หจก.อักษรภัณฑ์กาญจนบุรี (สำนักงานใหญ่),037/1832,,ส0156,แฟ้ม,สำนักงาน,2026-05
26/5/2026,ไม้บรรทัด (พลาสติกยาว 1 ฟุต),5.00,4,20.00,หจก.อักษรภัณฑ์กาญจนบุรี (สำนักงานใหญ่),037/1832,,ส0166,อัน,สำนักงาน,2026-05
26/5/2026,ธงชาติ ขนาด 60*90 ซม.,40.00,36,"1,440.00",หจก.อักษรภัณฑ์กาญจนบุรี (สำนักงานใหญ่),037/1832,,ส0107,ผืน,สำนักงาน,2026-05
26/5/2026,ธง ร.10 ขนาด 60*90 ซม.,50.00,36,"1,800.00",หจก.อักษรภัณฑ์กาญจนบุรี (สำนักงานใหญ่),037/1832,,ส0102,ผืน,สำนักงาน,2026-05
26/5/2026,ธงชาติ ขนาด 120*180 ซม.,160.00,6,960.00,หจก.อักษรภัณฑ์กาญจนบุรี (สำนักงานใหญ่),037/1832,,ส0218,ผืน,สำนักงาน,2026-05
25/5/2026,กระจกโต๊ะทำงาน,"1,800.00",4,"7,200.00",นายศาศวัต ยุติธร,-,,ส0006,แผ่น,สำนักงาน,2026-05
25/5/2026,กระจกโต๊ะทำงาน,"1,800.00",1,"1,800.00",นายศาศวัต ยุติธร,-,,ส0006,แผ่น,สำนักงาน,2026-05
27/5/2026,"สเปรย์ฉีดแมลง,ยุง",105.00,3,315.00,วังโพธิ์พาณิชย์,5/50,,ง0206,กระป๋อง,งานบ้านงานครัว,2026-05
27/5/2026,สเปรย์ปรับอากาศ-ดับกลิ่น,85.00,8,680.00,วังโพธิ์พาณิชย์,5/50,,ง0207,กระป๋อง,งานบ้านงานครัว,2026-05
27/5/2026,น้ำยาโซแนค,100.00,1,100.00,วังโพธิ์พาณิชย์,5/50,,ง0126,กระป๋อง,งานบ้านงานครัว,2026-05
27/5/2026,ไฟฉายแบบชาร์จ,175.00,1,175.00,วังโพธิ์พาณิชย์,5/50,,ง0182,กระบอก,งานบ้านงานครัว,2026-05
27/5/2026,ผงซักฟอก ,130.00,6,780.00,วังโพธิ์พาณิชย์,5/50,,ง0148,ถุง,งานบ้านงานครัว,2026-05
27/5/2026,ไม้กวาดอ่อน,50.00,2,100.00,วังโพธิ์พาณิชย์,5/50,,ง0187,อัน,งานบ้านงานครัว,2026-05
27/5/2026,ถ่าน ขนาด AA (อัลคาไลน์),25.00,36,900.00,วังโพธิ์พาณิชย์,5/50,,ง0064,ก้อน,งานบ้านงานครัว,2026-05
27/5/2026,ถ่าน ขนาด AAA (อัลคาไลน์),25.00,6,150.00,วังโพธิ์พาณิชย์,5/50,,ง0065,ก้อน,งานบ้านงานครัว,2026-05
27/5/2026,น้ำยาล้างจาน (บรรจุ 3.8 ลิตร),195.00,3,585.00,วังโพธิ์พาณิชย์,5/50,,ง0135,แกลลอน,งานบ้านงานครัว,2026-05
27/5/2026,ไม้ถูพื้นพร้อมผ้า,100.00,1,100.00,วังโพธิ์พาณิชย์,5/50,,ง0190,อัน,งานบ้านงานครัว,2026-05
27/5/2026,ผ้าถูพื้น,45.00,2,90.00,วังโพธิ์พาณิชย์,5/50,,ง0159,ผืน,งานบ้านงานครัว,2026-05
25/5/2026,สื่อการสอน,"3,000.00",1,"3,000.00",สมาคมโรคไตแห่งประเทศไทย สำนักงานใหญ่,317/15847,,ส0224,ชุด,สำนักงาน,2026-05
4/6/2026,หมึก HP GT53 BK,390.00,10,"3,900.00",ห้างหุ้นส่วนจำกัด ฟรีดอมเทค คอมพิวเตอร์,IV6906001,,ค0061,ขวด,คอมพิวเตอร์,2026-06
8/6/2026,ผลิตภัณฑ์ซักผ้า /ขจัดคราบ,"2,175.31",5,"10,876.55",ห้างหุ้นส่วนจำกัด ปัญยวีร์ เทรดดิ้ง,690517,,ง0150,แกลลอน,งานบ้านงานครัว,2026-06
8/6/2026,ล้างผ้าพิเศษขจัดสนิมน้ำ,"1,831.84",5,"9,159.20",ห้างหุ้นส่วนจำกัด ปัญยวีร์ เทรดดิ้ง,690517,,ง0223,ถัง,งานบ้านงานครัว,2026-06
8/6/2026,น้ำยาปรับผ้านุ่ม (บรรจุ 20 ลิตร),674.10,5,"3,370.50",ห้างหุ้นส่วนจำกัด ปัญยวีร์ เทรดดิ้ง,690517,,ง0129,ถัง,งานบ้านงานครัว,2026-06
2/6/2026,น้ำมันดีเซล,41.71,143.87,"6,000.82",บริษัท แอล อาร์ เซอร์วิส จำกัด,69/05-002,,ช0001,ลิตร,เชื้อเพลิง,2026-06
2/6/2026,น้ำมันดีเซล,42.46,898.94,"38,168.99",บริษัท แอล อาร์ เซอร์วิส จำกัด,69/05-002,,ช0001,ลิตร,เชื้อเพลิง,2026-06
2/6/2026,น้ำมันดีเซล,41.46,488.85,"20,267.72",บริษัท แอล อาร์ เซอร์วิส จำกัด,69/05-002,,ช0001,ลิตร,เชื้อเพลิง,2026-06
2/6/2026,น้ำมันดีเซล,40.96,92.05,"3,770.37",บริษัท แอล อาร์ เซอร์วิส จำกัด,69/05-002,,ช0001,ลิตร,เชื้อเพลิง,2026-06
2/6/2026,น้ำมันเบนซิน,45.16,60.00,"2,709.60",บริษัท แอล อาร์ เซอร์วิส จำกัด,69/05-002,,ช0002,ลิตร,เชื้อเพลิง,2026-06
2/6/2026,น้ำมันเบนซิน,44.56,60.00,"2,673.60",บริษัท แอล อาร์ เซอร์วิส จำกัด,69/05-002,,ช0002,ลิตร,เชื้อเพลิง,2026-06
12/6/2026,แก๊สหุงต้ม ขนาด 48 กก.,"1,370.00",4,"5,480.00",บริษัท ธนกาญจน์แก๊ส จำกัด,136/6756,,ง0023,ถัง,งานบ้านงานครัว,2026-06
17/6/2026,"สเปรย์ฉีดแมลง,ยุง",105.00,2,210.00,วังโพธิ์พาณิชย์,5/51,,ง0206,กระป๋อง,งานบ้านงานครัว,2026-06
17/06/2026,ถังขยะชนิดเหยียบ ขนาด 18 ลิตร,440.00,1,440.00,วังโพธิ์พาณิชย์,5/51,,ง0053,ใบ,งานบ้านงานครัว,2026-06
17/06/2026,พรมเช็ดเท้า (ผ้า),35.00,2,70.00,วังโพธิ์พาณิชย์,5/51,,ง0176,ผืน,งานบ้านงานครัว,2026-06
17/06/2026,สเปรย์ปรับอากาศ-ดับกลิ่น,135.00,8,"1,080.00",วังโพธิ์พาณิชย์,5/51,,ง0207,กระป๋อง,งานบ้านงานครัว,2026-06
17/06/2026,ไฟฉายแบบชาร์จ,175.00,3,525.00,วังโพธิ์พาณิชย์,5/51,,ง0182,กระบอก,งานบ้านงานครัว,2026-06
17/06/2026,ถ่าน ขนาด AA (อัลคาไลน์),25.00,98,"2,450.00",วังโพธิ์พาณิชย์,5/51,,ง0064,ก้อน,งานบ้านงานครัว,2026-06
17/06/2026,น้ำยาล้างจาน (บรรจุ 3.8 ลิตร),195.00,5,975.00,วังโพธิ์พาณิชย์,5/51,,ง0135,แกลลอน,งานบ้านงานครัว,2026-06
17/06/2026,รองเท้าฟองน้ำ,65.00,3,195.00,วังโพธิ์พาณิชย์,5/51,,ง0200,คู่,งานบ้านงานครัว,2026-06
17/06/2026,วาสลีน,75.00,2,150.00,วังโพธิ์พาณิชย์,5/51,,ง0202,กระปุก,งานบ้านงานครัว,2026-06
17/06/2026,ไฮเตอร์,30.00,3,90.00,วังโพธิ์พาณิชย์,5/51,,ง0222,ขวด,งานบ้านงานครัว,2026-06
17/06/2026,เชือกฟาง,40.00,6,240.00,วังโพธิ์พาณิชย์,5/51,,ง0042,ม้วน,งานบ้านงานครัว,2026-06
17/06/2026,เจลก้อนหอม,100.00,12,"1,200.00",วังโพธิ์พาณิชย์,5/52,,ง0016,ก้อน,งานบ้านงานครัว,2026-06
17/06/2026,ไม้กวาดอ่อน,50.00,1,50.00,วังโพธิ์พาณิชย์,5/52,,ง0187,อัน,งานบ้านงานครัว,2026-06
17/06/2026,ที่ตักผง,35.00,1,35.00,วังโพธิ์พาณิชย์,5/52,,ง0106,อัน,งานบ้านงานครัว,2026-06
17/06/2026,ผงซักฟอก ,130.00,1,130.00,วังโพธิ์พาณิชย์,5/52,,ง0148,ถุง,งานบ้านงานครัว,2026-06
17/06/2026,กาวร้อน (งานบ้านงานครัว),30.00,2,60.00,วังโพธิ์พาณิชย์,5/52,,ง0251,หลอด,งานบ้านงานครัว,2026-06
17/06/2026,กาวดักหนู,55.00,5,275.00,วังโพธิ์พาณิชย์,5/52,,ง0019,ชิ้น,งานบ้านงานครัว,2026-06
17/06/2026,"ผลิตภัณฑ์น้ำยาซักผ้าเครื่อง ""แมกซ์วอกช"" A605B","1,717.35",5,"8,586.75",ห้างหุ้นส่วนจำกัด ปัญยวีร์ เทรดดิ้ง,690610,,ง0151,ถัง,งานบ้านงานครัว,2026-06
17/06/2026,ผลิตภัณฑ์เสริมด่าง,"1,373.88",5,"6,869.40",ห้างหุ้นส่วนจำกัด ปัญยวีร์ เทรดดิ้ง,690610,,ง0152,ถัง,งานบ้านงานครัว,2026-06
17/06/2026,น้ำดื่ม แบบขวด,55.00,210,"11,550.00",วังโพธิ์พาณิชย์,5/53,,บริ0001,ลัง,อุปโภค-บริโภค,2026-06
17/06/2026,น้ำดื่ม แบบแก้ว,80.00,10,800.00,วังโพธิ์พาณิชย์,5/53,,บริ0002,แพ็ค,อุปโภค-บริโภค,2026-06
17/06/2026,น้ำยาขจัดกลิ่นฆ่าเชื้อเอนกประสงค์ (บรรจุ 3.8 ลิตร),449.40,20,"8,988.00",บริษัท สยามยูเนี่ยนเคมีคอล จำกัด,sosu6906021,,ง0116,แกลลอน,งานบ้านงานครัว,2026-06
11/06/2026,THW BCC # 6,81.32,10,813.20,บริษัท ทัศศิพรเอ็นเทอไพรซ์ จำกัด,iv0014846,,ฟ0005,ขด,ไฟฟ้า,2026-06
11/06/2026,หม้อมิเตอร์ไฟฟ้า,"2,110.04",2,"4,220.08",บริษัท ทัศศิพรเอ็นเทอไพรซ์ จำกัด,iv0014846,,ฟ0142,อัน,ไฟฟ้า,2026-06
11/06/2026,หลอด LED,199.02,18,"3,582.36",บริษัท ทัศศิพรเอ็นเทอไพรซ์ จำกัด,iv0014846,,ฟ0144,หลอด,ไฟฟ้า,2026-06
17/06/2026,กระดาษ A4 80 แกรม (สีขาว),130.00,100,"13,000.00",หจก.อักษรภัณฑ์กาญจนบุรี (สำนักงานใหญ่),043/2124,,ส0009,รีม,สำนักงาน,2026-06
17/06/2026,กระดาษกาวย่น 1 นิ้ว,38.00,6,228.00,หจก.อักษรภัณฑ์กาญจนบุรี (สำนักงานใหญ่),043/2124,,ส0015,ม้วน,สำนักงาน,2026-06
17/06/2026,กาว 2 หน้า บาง,20.00,2,40.00,หจก.อักษรภัณฑ์กาญจนบุรี (สำนักงานใหญ่),043/2124,,ส0043,ม้วน,สำนักงาน,2026-06
17/06/2026,กาว 2 หน้า หนา,275.00,2,550.00,หจก.อักษรภัณฑ์กาญจนบุรี (สำนักงานใหญ่),043/2124,,ส0044,ม้วน,สำนักงาน,2026-06
17/06/2026,คลิบหนีบ 2 ขา สีดำ เบอร์ 111,35.00,2,70.00,หจก.อักษรภัณฑ์กาญจนบุรี (สำนักงานใหญ่),043/2124,,ส0058,กล่อง,สำนักงาน,2026-06
17/06/2026,เทปใส 2 นิ้ว,25.00,4,100.00,หจก.อักษรภัณฑ์กาญจนบุรี (สำนักงานใหญ่),043/2124,,ส0096,ม้วน,สำนักงาน,2026-06
17/06/2026,กระดาษกาวย่น 2 นิ้ว,40.00,2,80.00,หจก.อักษรภัณฑ์กาญจนบุรี (สำนักงานใหญ่),043/2124,,ส0016,ม้วน,สำนักงาน,2026-06
17/06/2026,เทปใส 3/4 นิ้ว,30.00,10,300.00,หจก.อักษรภัณฑ์กาญจนบุรี (สำนักงานใหญ่),043/2124,,ส0097,ม้วน,สำนักงาน,2026-06
17/06/2026,เทปใส 3/4 นิ้ว,30.00,8,240.00,หจก.อักษรภัณฑ์กาญจนบุรี (สำนักงานใหญ่),043/2124,,ส0097,ม้วน,สำนักงาน,2026-06
17/06/2026,ซองขาว,1.00,1200,"1,200.00",หจก.อักษรภัณฑ์กาญจนบุรี (สำนักงานใหญ่),043/2124,,ส0069,ซอง,สำนักงาน,2026-06
17/06/2026,ปากกาลบคำผิดแบบเทป,59.00,6,354.00,หจก.อักษรภัณฑ์กาญจนบุรี (สำนักงานใหญ่),043/2124,,ส0127,อัน,สำนักงาน,2026-06
17/06/2026,ตลับชาติ (เบอร์ 2),40.00,4,160.00,หจก.อักษรภัณฑ์กาญจนบุรี (สำนักงานใหญ่),043/2124,,ส0082,ตลับ,สำนักงาน,2026-06
17/06/2026,แฟ้มห่วง 3 นิ้ว,75.00,3,225.00,หจก.อักษรภัณฑ์กาญจนบุรี (สำนักงานใหญ่),043/2124,,ส0158,แฟ้ม,สำนักงาน,2026-06
17/06/2026,แม็กซ์ เบอร์ 10,245.00,4,980.00,หจก.อักษรภัณฑ์กาญจนบุรี (สำนักงานใหญ่),043/2124,,ส0163,ตัว,สำนักงาน,2026-06
17/06/2026,แม็กซ์ เบอร์ 3,495.00,1,495.00,หจก.อักษรภัณฑ์กาญจนบุรี (สำนักงานใหญ่),043/2124,,ส0164,ตัว,สำนักงาน,2026-06
17/06/2026,กรรไกร,85.00,9,765.00,หจก.อักษรภัณฑ์กาญจนบุรี (สำนักงานใหญ่),043/2124,,ส0002,เล่ม,สำนักงาน,2026-06
17/06/2026,ลูกแม็กซ์ เบอร์ 10,15.00,30,450.00,หจก.อักษรภัณฑ์กาญจนบุรี (สำนักงานใหญ่),043/2124,,ส0173,กล่อง,สำนักงาน,2026-06
17/06/2026,แลคซีน 1.5 นิ้ว,55.00,4,220.00,หจก.อักษรภัณฑ์กาญจนบุรี (สำนักงานใหญ่),043/2124,,ส0176,ม้วน,สำนักงาน,2026-06
17/06/2026,สมุดปกอ่อน,10.00,12,120.00,หจก.อักษรภัณฑ์กาญจนบุรี (สำนักงานใหญ่),043/2125,,ส0192,เล่ม,สำนักงาน,2026-06
17/06/2026,แลคซีน 2 นิ้ว,75.00,2,150.00,หจก.อักษรภัณฑ์กาญจนบุรี (สำนักงานใหญ่),043/2125,,ส0177,ม้วน,สำนักงาน,2026-06
17/06/2026,ฟิวเจอร์บอร์ด ขนาดกลาง,55.00,5,275.00,หจก.อักษรภัณฑ์กาญจนบุรี (สำนักงานใหญ่),043/2125,,ส0149,แผ่น,สำนักงาน,2026-06
17/06/2026,โพสอิท (สติ๊กเกอร์โน๊ต) ชิ้นเล็ก ๆ,39.00,5,195.00,หจก.อักษรภัณฑ์กาญจนบุรี (สำนักงานใหญ่),043/2125,,ส0146,แพ็ค,สำนักงาน,2026-06
17/06/2026,ตะกร้าใส่เอกสารมีฝาปิด,95.00,2,190.00,หจก.อักษรภัณฑ์กาญจนบุรี (สำนักงานใหญ่),043/2125,,ส0083,ใบ,สำนักงาน,2026-06
17/06/2026,กล่องลิ้นชักใส่เอกสาร 3 - 7 ชั้น,980.00,2,"1,960.00",หจก.อักษรภัณฑ์กาญจนบุรี (สำนักงานใหญ่),043/2125,,ส0036,ใบ,สำนักงาน,2026-06
17/06/2026,กระดาษ A4 160 แกรม (ทุกสี),135.00,6,810.00,หจก.อักษรภัณฑ์กาญจนบุรี (สำนักงานใหญ่),043/2125,,ส0011,รีม,สำนักงาน,2026-06
17/06/2026,ซองน้ำตาล A4 (ไม่ขยายข้าง),5.00,130,650.00,หจก.อักษรภัณฑ์กาญจนบุรี (สำนักงานใหญ่),043/2125,,ส0071,ซอง,สำนักงาน,2026-06
17/06/2026,ซองน้ำตาล A4 (ขยายข้าง),5.00,50,250.00,หจก.อักษรภัณฑ์กาญจนบุรี (สำนักงานใหญ่),043/2125,,ส0070,ซอง,สำนักงาน,2026-06
17/06/2026,โพสอิท (สติ๊กเกอร์โน๊ต) สี่เหลี่ยม,39.00,3,117.00,หจก.อักษรภัณฑ์กาญจนบุรี (สำนักงานใหญ่),043/2125,,ส0147,แพ็ค,สำนักงาน,2026-06
17/06/2026,"หมึกเติมตลับชาติ ดำ,แดง,น้ำเงิน",12.00,2,24.00,หจก.อักษรภัณฑ์กาญจนบุรี (สำนักงานใหญ่),043/2125,,ส0203,ขวด,สำนักงาน,2026-06
17/06/2026,มีดคัทเตอร์ ใหญ่,65.00,3,195.00,หจก.อักษรภัณฑ์กาญจนบุรี (สำนักงานใหญ่),043/2125,,ส0162,เล่ม,สำนักงาน,2026-06
17/06/2026,แท่นเทปใส (ใหญ่),125.00,2,250.00,หจก.อักษรภัณฑ์กาญจนบุรี (สำนักงานใหญ่),043/2125,,ส0100,อัน,สำนักงาน,2026-06
17/06/2026,ปากกาลบคำผิดแบบเทป,70.00,1,70.00,หจก.อักษรภัณฑ์กาญจนบุรี (สำนักงานใหญ่),043/2125,,ส0127,อัน,สำนักงาน,2026-06
17/06/2026,เทปใส 1 นิ้ว,40.00,6,240.00,หจก.อักษรภัณฑ์กาญจนบุรี (สำนักงานใหญ่),043/2125,,ส0095,ม้วน,สำนักงาน,2026-06
17/06/2026,คลิบหนีบ 2 ขา สีดำ เบอร์ 112,23.00,24,552.00,หจก.อักษรภัณฑ์กาญจนบุรี (สำนักงานใหญ่),043/2125,,ส0059,กล่อง,สำนักงาน,2026-06
17/06/2026,แฟ้มกล่าวรายงานa4,220.00,2,440.00,หจก.อักษรภัณฑ์กาญจนบุรี (สำนักงานใหญ่),043/2125,,ส0225,แฟ้ม,สำนักงาน,2026-06
17/06/2026,คลิบบอร์ด (A4),59.00,6,354.00,หจก.อักษรภัณฑ์กาญจนบุรี (สำนักงานใหญ่),043/2125,,ส0053,แผ่น,สำนักงาน,2026-06
17/06/2026,กรอบรูป ขนาด 15*21นิ้ว,"1,250.00",1,"1,250.00",หจก.อักษรภัณฑ์กาญจนบุรี (สำนักงานใหญ่),043/2126,,ส0226,บาน,สำนักงาน,2026-06
17/06/2026,เครื่องทองน้อย,"1,150.00",1,"1,150.00",หจก.อักษรภัณฑ์กาญจนบุรี (สำนักงานใหญ่),043/2126,,ส0213,ชุด,สำนักงาน,2026-06
17/06/2026,ปากกาเน้นข้อความ,38.00,5,190.00,หจก.อักษรภัณฑ์กาญจนบุรี (สำนักงานใหญ่),043/2126,,ส0126,ด้าม,สำนักงาน,2026-06
16/06/2026,น้ำมันดีเซล,40.96,265.17,"10,861.30",บริษัท แอล อาร์ เซอร์วิส จำกัด,69/06-001,,ช0001,ลิตร,เชื้อเพลิง,2026-06
16/06/2026,น้ำมันดีเซล,41.76,85.02,"3,550.40",บริษัท แอล อาร์ เซอร์วิส จำกัด,69/06-001,,ช0001,ลิตร,เชื้อเพลิง,2026-06
16/06/2026,น้ำมันดีเซล,41.06,322.38,"13,236.90",บริษัท แอล อาร์ เซอร์วิส จำกัด,69/06-001,,ช0001,ลิตร,เชื้อเพลิง,2026-06
16/06/2026,น้ำมันดีเซล,41.56,139.82,"5,811.00",บริษัท แอล อาร์ เซอร์วิส จำกัด,69/06-001,,ช0001,ลิตร,เชื้อเพลิง,2026-06
16/06/2026,น้ำมันดีเซล,41.06,236.52,"9,711.50",บริษัท แอล อาร์ เซอร์วิส จำกัด,69/06-001,,ช0001,ลิตร,เชื้อเพลิง,2026-06
16/06/2026,น้ำมันดีเซล,40.06,319.30,"12,791.10",บริษัท แอล อาร์ เซอร์วิส จำกัด,69/06-001,,ช0001,ลิตร,เชื้อเพลิง,2026-06
16/6/2026,TONER HP 79A,790.00,8,"6,320.00",ห้างหุ้นส่วนจำกัด ฟรีดอมเทค คอมพิวเตอร์,IV6906006,,ค0077,ตลับ,คอมพิวเตอร์,2026-06
15/6/2026,TONER HP 83A,790.00,3,"2,370.00",ห้างหุ้นส่วนจำกัด ฟรีดอมเทค คอมพิวเตอร์,IV6906006,,ค0078,ตลับ,คอมพิวเตอร์,2026-06
15/6/2026,TONER HP 85A,790.00,3,"2,370.00",ห้างหุ้นส่วนจำกัด ฟรีดอมเทค คอมพิวเตอร์,IV6906006,,ค0038,ตลับ,คอมพิวเตอร์,2026-06
15/6/2026,TONER HP 145A,"1,390.00",1,"1,390.00",ห้างหุ้นส่วนจำกัด ฟรีดอมเทค คอมพิวเตอร์,IV6906006,,ค0071,ตลับ,คอมพิวเตอร์,2026-06
15/6/2026,RIBBON FOR EPSON LQ 310/630,250.00,3,750.00,ห้างหุ้นส่วนจำกัด ฟรีดอมเทค คอมพิวเตอร์,IV6906006,,ค0028,ตลับ,คอมพิวเตอร์,2026-06
15/6/2026,INK FOR EPSON T00V100(003) (BK),450.00,10,"4,500.00",ห้างหุ้นส่วนจำกัด ฟรีดอมเทค คอมพิวเตอร์,IV6906006,,ค0017,ขวด,คอมพิวเตอร์,2026-06
15/6/2026,INK FOR EPSON T00V200(003) (C),450.00,4,"1,800.00",ห้างหุ้นส่วนจำกัด ฟรีดอมเทค คอมพิวเตอร์,IV6906006,,ค0018,ขวด,คอมพิวเตอร์,2026-06
15/6/2026,INK FOR EPSON T00V300(003) (M),450.00,4,"1,800.00",ห้างหุ้นส่วนจำกัด ฟรีดอมเทค คอมพิวเตอร์,IV6906006,,ค0019,ขวด,คอมพิวเตอร์,2026-06
15/6/2026,INK FOR EPSON T00V400(003) (Y),450.00,4,"1,800.00",ห้างหุ้นส่วนจำกัด ฟรีดอมเทค คอมพิวเตอร์,IV6906006,,ค0020,ขวด,คอมพิวเตอร์,2026-06
15/6/2026,INK FOR CANON GI 790 (BK),390.00,10,"3,900.00",ห้างหุ้นส่วนจำกัด ฟรีดอมเทค คอมพิวเตอร์,IV6906006,,ค0012,ขวด,คอมพิวเตอร์,2026-06
15/6/2026,INK FOR CANON GI 790 (C),390.00,6,"2,340.00",ห้างหุ้นส่วนจำกัด ฟรีดอมเทค คอมพิวเตอร์,IV6906006,,ค0013,ขวด,คอมพิวเตอร์,2026-06
15/6/2026,INK FOR CANON GI 790 (M),390.00,6,"2,340.00",ห้างหุ้นส่วนจำกัด ฟรีดอมเทค คอมพิวเตอร์,IV6906006,,ค0014,ขวด,คอมพิวเตอร์,2026-06
15/6/2026,INK FOR CANON GI 790 (Y),390.00,6,"2,340.00",ห้างหุ้นส่วนจำกัด ฟรีดอมเทค คอมพิวเตอร์,IV6906006,,ค0015,ขวด,คอมพิวเตอร์,2026-06
15/6/2026,หมึก CANON PGI-750 PGBK,890.00,2,"1,780.00",ห้างหุ้นส่วนจำกัด ฟรีดอมเทค คอมพิวเตอร์,IV6906006,,ค0053,ขวด,คอมพิวเตอร์,2026-06
15/6/2026,หมึก CANON CLI-751 C,790.00,2,"1,580.00",ห้างหุ้นส่วนจำกัด ฟรีดอมเทค คอมพิวเตอร์,IV6906006,,ค0055,ขวด,คอมพิวเตอร์,2026-06
15/6/2026,หมึก CANON CLI-751 Y,790.00,2,"1,580.00",ห้างหุ้นส่วนจำกัด ฟรีดอมเทค คอมพิวเตอร์,IV6906006,,ค0057,ขวด,คอมพิวเตอร์,2026-06
22/6/2026,ผ้าสี่เหลี่ยม 2 ชั้น ขนาด 22*22 นิ้ว,390.00,100,"39,000.00",บริษัท เอพี เมดิโคลท จำกัด (สำนักงานใหญ่),65/355,,ง0252,ผืน,งานบ้านงานครัว,2026-06
22/6/2026,กระดาษเช็ดมือ,61.97,118,"7,312.46",ห้างหุ้นส่วนจำกัด พงษ์ไพบูลย์ ดิสทริบิวชั่น(สำนักงานใหญ่),IV0099356,,ง0008,ห่อ,งานบ้านงานครัว,2026-06
22/6/2026,กระดาษเช็ดมือ,62.02,2,124.04,ห้างหุ้นส่วนจำกัด พงษ์ไพบูลย์ ดิสทริบิวชั่น(สำนักงานใหญ่),IV0099356,,ง0008,ห่อ,งานบ้านงานครัว,2026-06
22/6/2026,กระดาษชำระม้วนใหญ่,107.00,80,"8,560.00",ห้างหุ้นส่วนจำกัด พงษ์ไพบูลย์ ดิสทริบิวชั่น(สำนักงานใหญ่),IV0099356,,ง0007,ม้วน,งานบ้านงานครัว,2026-06
22/6/2026,แก้วกรวยกระดาษ,62.48,96,"5,998.08",ห้างหุ้นส่วนจำกัด พงษ์ไพบูลย์ ดิสทริบิวชั่น(สำนักงานใหญ่),IV0099356,,ง0020,แถว,งานบ้านงานครัว,2026-06
22/6/2026,แก้วกรวยกระดาษ,62.68,4,250.72,ห้างหุ้นส่วนจำกัด พงษ์ไพบูลย์ ดิสทริบิวชั่น(สำนักงานใหญ่),IV0099356,,ง0020,แถว,งานบ้านงานครัว,2026-06
17/6/2026,ตู้พลาสติก,189.00,1,189.00,บริษัท สยามโกลบอลเฮ้า จำกัด (มหาชน) สำนักงานใหญ่,GHKSA01AIV-690617-003,,ฟ0173,ตู้,ไฟฟ้า,2026-06
17/6/2026,คัทเอ้าท์ 2P-60A,180.00,2,360.00,บริษัท สยามโกลบอลเฮ้า จำกัด (มหาชน) สำนักงานใหญ่,GHKSA01AIV-690617-003,,ฟ0174,อัน,ไฟฟ้า,2026-06
17/6/2026,คัทเอ้าท์ 2P-30A,120.00,2,240.00,บริษัท สยามโกลบอลเฮ้า จำกัด (มหาชน) สำนักงานใหญ่,GHKSA01AIV-690617-003,,ฟ0175,อัน,ไฟฟ้า,2026-06
17/6/2026,คัทเอ้าท์ 2P-100A,610.00,1,610.00,บริษัท สยามโกลบอลเฮ้า จำกัด (มหาชน) สำนักงานใหญ่,GHKSA01AIV-690617-003,,ฟ0176,อัน,ไฟฟ้า,2026-06
17/6/2026,รถเข็นพื้นเหล็ก,"1,640.00",1,"1,640.00",บริษัท สยามโกลบอลเฮ้า จำกัด (มหาชน) สำนักงานใหญ่,GHKSA01AIV-690619-001,,ก0325,คัน,วัสดุก่อสร้าง,2026-06
17/6/2026,เฌอร่า ไม้ฝา,88.07,15,"1,321.05",บริษัท สยามโกลบอลเฮ้า จำกัด (มหาชน) สำนักงานใหญ่,GHKSA01AIV-690619-001,,ก0326,แผ่น,วัสดุก่อสร้าง,2026-06
17/6/2026,เฌอร่า ไม้ฝา,40.80,5,204.00,บริษัท สยามโกลบอลเฮ้า จำกัด (มหาชน) สำนักงานใหญ่,GHKSA01AIV-690619-001,,ก0326,แผ่น,วัสดุก่อสร้าง,2026-06
17/6/2026,กระเบื้องปูผนัง,20.88,210,"4,384.80",บริษัท สยามโกลบอลเฮ้า จำกัด (มหาชน) สำนักงานใหญ่,GHKSA02AIV-690617-001,,ก0327,แผ่น,วัสดุก่อสร้าง,2026-06
17/6/2026,กระเบื้องปูพื้น,33.20,48,"1,593.60",บริษัท สยามโกลบอลเฮ้า จำกัด (มหาชน) สำนักงานใหญ่,GHKSA02AIV-690617-001,,ก0006,กล่อง,วัสดุก่อสร้าง,2026-06
17/6/2026,กระเบื้องปูพื้น,26.80,180,"4,824.00",บริษัท สยามโกลบอลเฮ้า จำกัด (มหาชน) สำนักงานใหญ่,GHKSA02AIV-690617-001,,ก0006,กล่อง,วัสดุก่อสร้าง,2026-06
17/6/2026,กาวซีเมนต์,228.38,12,"2,740.56",บริษัท สยามโกลบอลเฮ้า จำกัด (มหาชน) สำนักงานใหญ่,GHKSA02AIV-690617-001,,ก0302,ถุง,วัสดุก่อสร้าง,2026-06
17/6/2026,ปูน/กาวยาแนว,61.53,10,615.30,บริษัท สยามโกลบอลเฮ้า จำกัด (มหาชน) สำนักงานใหญ่,GHKSA02AIV-690617-001,,ก0152,ถุง,วัสดุก่อสร้าง,2026-06
17/6/2026,กระเบื้องบุผนัง,47.46,9,427.14,บริษัท สยามโกลบอลเฮ้า จำกัด (มหาชน) สำนักงานใหญ่,GHKSA02AIV-690617-001,,ก0301,แผ่น,วัสดุก่อสร้าง,2026-06
17/6/2026,ทีโอเอ วู้ดสเตน,"1,002.28",1,"1,002.28",บริษัท สยามโกลบอลเฮ้า จำกัด (มหาชน) สำนักงานใหญ่,GHKSA02AIV-690617-001,,ก0328,แกลลอน,วัสดุก่อสร้าง,2026-06
17/6/2026,ทีโอเอ กลิปตั้น,740.42,8,"5,923.36",บริษัท สยามโกลบอลเฮ้า จำกัด (มหาชน) สำนักงานใหญ่,GHKSA02AIV-690617-001,,ก0329,แกลลอน,วัสดุก่อสร้าง,2026-06
17/6/2026,ทินเนอร์,"1,397.41",1,"1,397.41",บริษัท สยามโกลบอลเฮ้า จำกัด (มหาชน) สำนักงานใหญ่,GHKSA02AIV-690617-001,,ก0106,กระป๋อง,วัสดุก่อสร้าง,2026-06
17/6/2026,แม่สี,397.00,8,"3,176.00",บริษัท สยามโกลบอลเฮ้า จำกัด (มหาชน) สำนักงานใหญ่,GHKSA02AIV-690617-001,,ก0303,แกลลอน,วัสดุก่อสร้าง,2026-06
17/6/2026,ชุดชักโครก,"2,496.68",2,"4,993.36",บริษัท สยามโกลบอลเฮ้า จำกัด (มหาชน) สำนักงานใหญ่,GHKSA02AIV-690617-001,,ก0056,ชุด,วัสดุก่อสร้าง,2026-06
17/6/2026,ลูกกลิ้งทาสี,42.14,3,126.42,บริษัท สยามโกลบอลเฮ้า จำกัด (มหาชน) สำนักงานใหญ่,GHKSA02AIV-690617-001,,ก0199,ชุด,วัสดุก่อสร้าง,2026-06
17/6/2026,ชุดลูกกลิ้งทาสี,84.07,2,168.14,บริษัท สยามโกลบอลเฮ้า จำกัด (มหาชน) สำนักงานใหญ่,GHKSA02AIV-690617-001,,ก0061,ชุด,วัสดุก่อสร้าง,2026-06
17/6/2026,สีรองพื้น,740.42,4,"2,961.68",บริษัท สยามโกลบอลเฮ้า จำกัด (มหาชน) สำนักงานใหญ่,GHKSA02AIV-690617-001,,ก0237,ถัง,วัสดุก่อสร้าง,2026-06
17/6/2026,ประตูไม้,"1,453.84",3,"4,361.52",บริษัท สยามโกลบอลเฮ้า จำกัด (มหาชน) สำนักงานใหญ่,GHKSA02AIV-690617-001,,ก0139,บาน,วัสดุก่อสร้าง,2026-06
17/6/2026,ประตูไม้,"2,179.54",1,"2,179.54",บริษัท สยามโกลบอลเฮ้า จำกัด (มหาชน) สำนักงานใหญ่,GHKSA02AIV-690617-001,,ก0139,บาน,วัสดุก่อสร้าง,2026-06
26/6/2026,แปรงทาสี,160.00,5,800.00, บริษัท ศศิศรัณย์วัสดุก่อสร้าง จำกัด (สำนักงานใหญ่),INV-260626001,,ก0157,อัน,วัสดุก่อสร้าง,2026-06
26/6/2026,อะครีลิค Besbond Arylic,5.00,45,225.00, บริษัท ศศิศรัณย์วัสดุก่อสร้าง จำกัด (สำนักงานใหญ่),INV-260626002,,ก0265,แผ่น,วัสดุก่อสร้าง,2026-06
26/6/2026,สีเคลือบเงา,400.00,1,400.00, บริษัท ศศิศรัณย์วัสดุก่อสร้าง จำกัด (สำนักงานใหญ่),INV-260626002,,ก0231,แกลลอน,วัสดุก่อสร้าง,2026-06
26/6/2026,ปูนซีเมนต์,135.00,10,"1,350.00", บริษัท ศศิศรัณย์วัสดุก่อสร้าง จำกัด (สำนักงานใหญ่),INV-260629002,,ก0154,ถุง,วัสดุก่อสร้าง,2026-06
26/6/2026,ทรายหยาบ,520.00,1,520.00, บริษัท ศศิศรัณย์วัสดุก่อสร้าง จำกัด (สำนักงานใหญ่),INV-260629002,,ก0103,คิว,วัสดุก่อสร้าง,2026-06
24/6/2026,หม้อมิเตอร์ไฟฟ้า,"2,169.96",1,"2,169.96",บริษัท ทัศศิพรเอ็นเทอไพรซ์ จำกัด,IV0015137,,ฟ0142,อัน,ไฟฟ้า,2026-06
24/6/2026,รางมินิเท้งกิ้ง (รางร้อยสาย),103.79,10,"1,037.90",บริษัท ทัศศิพรเอ็นเทอไพรซ์ จำกัด,IV0015137,,ฟ0106,เส้น,ไฟฟ้า,2026-06
30/6/2026,พาน,28.89,8,231.12,บริษัท กาญจนบุรีค้าส่ง จำกัด(สำนักงานใหญ่),081/4036,,ส0227,พาน,สำนักงาน,2026-06
16/6/2026,ถุงขยะสีแดง ขนาด 16*28 นิ้ว (พิมพ์ลาย),100.00,40,"4,000.00",สำนักงานสาธารณสุขจังหวัดกาญจนบุรี,,,ง0074,แพ็ค,งานบ้านงานครัว,2026-06
17/6/2026,ปุ๋ย,960.00,1,960.00,บ้านศรีสุข,1/11,,เก0035,ถุง,วัสดุการเกษตร,2026-06
17/6/2026,แผ่น CD - R,395.00,12,"4,740.00",หจก.อักษรภัณฑ์กาญจนบุรี (สำนักงานใหญ่),043/2113,,ค0049,หลอด,คอมพิวเตอร์,2026-06
17/6/2026,ถ่านชาร์จ ขนาด AAA,198.00,12,"2,376.00",หจก.อักษรภัณฑ์กาญจนบุรี (สำนักงานใหญ่),043/2127,,ง0068,ก้อน,งานบ้านงานครัว,2026-06
17/6/2026,สิ่วด้ามพลาสติก,130.00,1,130.00,บริษัท สยามโกลบอลเฮ้า จำกัด (มหาชน) สำนักงานใหญ่,GHKJSA01AIV-690617-0001,,ก0227,ชิ้น,วัสดุก่อสร้าง,2026-06
17/6/2026,สิ่วด้ามพลาสติก,120.00,1,120.00,บริษัท สยามโกลบอลเฮ้า จำกัด (มหาชน) สำนักงานใหญ่,GHKJSA01AIV-690617-0001,,ก0227,ชิ้น,วัสดุก่อสร้าง,2026-06
17/6/2026,เคเบิ้ลไทร์ (ก่อสร้าง),192.00,1,192.00,บริษัท สยามโกลบอลเฮ้า จำกัด (มหาชน) สำนักงานใหญ่,GHKJSA01AIV-690617-0001,,ก0330,แพ็ค,วัสดุก่อสร้าง,2026-06
17/6/2026,เคเบิ้ลไทร์ (ก่อสร้าง),59.00,1,59.00,บริษัท สยามโกลบอลเฮ้า จำกัด (มหาชน) สำนักงานใหญ่,GHKJSA01AIV-690617-0001,,ก0330,แพ็ค,วัสดุก่อสร้าง,2026-06
17/6/2026,เคเบิ้ลไทร์ (ก่อสร้าง),45.00,1,45.00,บริษัท สยามโกลบอลเฮ้า จำกัด (มหาชน) สำนักงานใหญ่,GHKJSA01AIV-690617-0001,,ก0330,แพ็ค,วัสดุก่อสร้าง,2026-06
17/6/2026,เคเบิ้ลไทร์ (ก่อสร้าง),13.00,1,13.00,บริษัท สยามโกลบอลเฮ้า จำกัด (มหาชน) สำนักงานใหญ่,GHKJSA01AIV-690617-0001,,ก0330,แพ็ค,วัสดุก่อสร้าง,2026-06
17/6/2026,บานพับปีกผีเสื้อ,145.00,10,"1,450.00",บริษัท สยามโกลบอลเฮ้า จำกัด (มหาชน) สำนักงานใหญ่,GHKJSA01AIV-690617-0001,,ก0122,ชุด,วัสดุก่อสร้าง,2026-06
17/6/2026,เสื้อจราจรสะท้อนแสง,310.00,1,310.00,บริษัท สยามโกลบอลเฮ้า จำกัด (มหาชน) สำนักงานใหญ่,GHKJSA01AIV-690617-0001,,ก0331,ตัว,วัสดุก่อสร้าง,2026-06
17/6/2026,เสื้อจราจรสะท้อนแสง,310.00,1,310.00,บริษัท สยามโกลบอลเฮ้า จำกัด (มหาชน) สำนักงานใหญ่,GHKJSA01AIV-690617-0001,,ก0331,ตัว,วัสดุก่อสร้าง,2026-06
17/6/2026,เคเบิ้ลไทร์ (ก่อสร้าง),37.00,1,37.00,บริษัท สยามโกลบอลเฮ้า จำกัด (มหาชน) สำนักงานใหญ่,GHKJSA01AIV-690617-0001,,ก0330,แพ็ค,วัสดุก่อสร้าง,2026-06
17/6/2026,ใบตัดกระเบื้อง,230.00,2,460.00,บริษัท สยามโกลบอลเฮ้า จำกัด (มหาชน) สำนักงานใหญ่,GHKJSA01AIV-690617-0001,,ก0332,ใบ,วัสดุก่อสร้าง,2026-06
17/6/2026,ถุงมือเซฟตี้,325.00,1,325.00,บริษัท สยามโกลบอลเฮ้า จำกัด (มหาชน) สำนักงานใหญ่,GHKJSA01AIV-690617-0001,,ก0099,คู่,วัสดุก่อสร้าง,2026-06
17/6/2026,ใบกบใสไม้,135.00,2,270.00,บริษัท สยามโกลบอลเฮ้า จำกัด (มหาชน) สำนักงานใหญ่,GHKJSA01AIV-690617-0001,,ก0333,ใบ,วัสดุก่อสร้าง,2026-06
17/6/2026,น้ำมันเอนกประสงค์,210.00,4,840.00,บริษัท สยามโกลบอลเฮ้า จำกัด (มหาชน) สำนักงานใหญ่,GHKJSA01AIV-690617-0001,,ก0111,กระป๋อง,วัสดุก่อสร้าง,2026-06
17/6/2026,สกรูยึดกระเบื้องปลายสว่าน,149.00,1,149.00,บริษัท สยามโกลบอลเฮ้า จำกัด (มหาชน) สำนักงานใหญ่,GHKJSA01AIV-690617-0001,,ก0334,กล่อง,วัสดุก่อสร้าง,2026-06
17/6/2026,อ่างล้างหน้า,"1,290.00",2,"2,580.00",บริษัท สยามโกลบอลเฮ้า จำกัด (มหาชน) สำนักงานใหญ่,GHKJSA01AIV-690617-0001,,ก0266,ชุด,วัสดุก่อสร้าง,2026-06
17/6/2026,กบไฟฟ้า,"1,790.00",1,"1,790.00",บริษัท สยามโกลบอลเฮ้า จำกัด (มหาชน) สำนักงานใหญ่,GHKJSA01AIV-690617-0001,,ก0335,เครื่อง,วัสดุก่อสร้าง,2026-06
17/6/2026,ชุดแบตเตอรี่ ,"1,780.00",1,"1,780.00",บริษัท สยามโกลบอลเฮ้า จำกัด (มหาชน) สำนักงานใหญ่,GHKJSA01AIV-690617-0001,,ก0336,ชุด,วัสดุก่อสร้าง,2026-06
17/6/2026,เครื่องเจียร์,"3,200.00",1,"3,200.00",บริษัท สยามโกลบอลเฮ้า จำกัด (มหาชน) สำนักงานใหญ่,GHKJSA01AIV-690617-0001,,ก0337,เครื่อง,วัสดุก่อสร้าง,2026-06
1/7/2026,น้ำมันดีเซล,39.06,407.84,"15,930.30",บริษัท แอล อาร์ เซอร์วิส จำกัด,69/06-002,,ช0001,ลิตร,เชื้อเพลิง,2026-07
1/7/2026,น้ำมันดีเซล,37.76,850.72,"32,123.20",บริษัท แอล อาร์ เซอร์วิส จำกัด,69/06-002,,ช0001,ลิตร,เชื้อเพลิง,2026-07
6/7/2026,ผ้าหลาพิมพ์ลาย,156.62,19,"2,975.78",บริษัท ฮาร์ท สปอร์ตแวร์ จำกัด,IV6907003,,ง0244,เมตร,งานบ้านงานครัว,2026-07
2/7/2026,กระเบื้องปูพื้น,31.84,12,382.08,บริษัท สยามโกลบอลเฮ้า จำกัด (มหาชน) สำนักงานใหญ่,GHKJSA03IV-690702-0002,,ก0006,กล่อง,วัสดุก่อสร้าง,2026-07
2/7/2026,กาวซีเมนต์,219.00,1,219.00,บริษัท สยามโกลบอลเฮ้า จำกัด (มหาชน) สำนักงานใหญ่,GHKJSA03IV-690702-0002,,ก0302,ถุง,วัสดุก่อสร้าง,2026-07
2/7/2026,กระเบื้องปูผนัง,22.90,90,"2,061.00",บริษัท สยามโกลบอลเฮ้า จำกัด (มหาชน) สำนักงานใหญ่,GHKJSA03IV-690702-0002,,ก0327,แผ่น,วัสดุก่อสร้าง,2026-07
2/7/2026,ไม้อัด,390.00,15,"5,850.00",บริษัท สยามโกลบอลเฮ้า จำกัด (มหาชน) สำนักงานใหญ่,GHKJSA03IV-690702-0002,,ก0184,แผ่น,วัสดุก่อสร้าง,2026-07
2/7/2026,ข้องอ 1 1/2 (ประปา),5.00,10,50.00,บริษัท สยามโกลบอลเฮ้า จำกัด (มหาชน) สำนักงานใหญ่,GHKJSA03IV-690702-0001,,ป0111,ชิ้น,ประปา,2026-07
2/7/2026,ชุดกระจก 3 ชิ้น,259.00,3,777.00,บริษัท สยามโกลบอลเฮ้า จำกัด (มหาชน) สำนักงานใหญ่,GHKJSA03IV-690702-0001,,ป0085,ชุด,ประปา,2026-07
2/7/2026,น้ำยาประสานท่อ,168.00,3,504.00,บริษัท สยามโกลบอลเฮ้า จำกัด (มหาชน) สำนักงานใหญ่,GHKJSA03IV-690702-0001,,ป0027,กระป๋อง,ประปา,2026-07
2/7/2026,หัวสายฉีดชำระ,99.00,10,990.00,บริษัท สยามโกลบอลเฮ้า จำกัด (มหาชน) สำนักงานใหญ่,GHKJSA03IV-690702-0001,,ป0081,อัน,ประปา,2026-07
2/7/2026,มินิบอลวาล์ว 3 ทาง,120.00,5,600.00,บริษัท สยามโกลบอลเฮ้า จำกัด (มหาชน) สำนักงานใหญ่,GHKJSA03IV-690702-0001,,ป0041,ชุด,ประปา,2026-07
2/7/2026,ท่อย่นน้ำทิ้ง,85.00,5,425.00,บริษัท สยามโกลบอลเฮ้า จำกัด (มหาชน) สำนักงานใหญ่,GHKJSA03IV-690702-0001,,ป0024,เส้น,ประปา,2026-07
7/7/2026,ถุงขยะสีดำ ขนาด 28*36 นิ้ว,60.00,150,"9,000.00",หจก.ที.ซี.เอ็ม อินเตอร์เทรด(1997),IV69067337,,ง0070,แพ็ค,งานบ้านงานครัว,2026-07
7/7/2026,ถุงขยะสีดำ ขนาด 40*40 นิ้ว,60.00,100,"6,000.00",หจก.ที.ซี.เอ็ม อินเตอร์เทรด(1997),IV69067337,,ง0071,แพ็ค,งานบ้านงานครัว,2026-07
8/7/2026,"ใบเสร็จรับเงิน 6*8 ซม.(1,000ใบ/1ลัง/50ลัง)",0.92,50000,"46,000.00",หจก.ที.ซี.เอ็ม อินเตอร์เทรด(1997),IV69077353,,ส0120,ลัง,สำนักงาน,2026-07
8/7/2026,ถุงซิปใส ขนาด 10*15 ซม.,145.00,150,"21,750.00",หจก.ที.ซี.เอ็ม อินเตอร์เทรด(1997),IV69077355,,ย0003,กก.,วัสดุอื่น(ซองยา),2026-07
9/7/2026,น้ำมันเครื่อง ไดเกียว 2T 1ลิตร,150.00,6,900.00,โชตินันท์ การเกษตร,110/05476,,เก0030,ชิ้น,วัสดุการเกษตร,2026-07
9/7/2026,ใบมีดตัดหญ้า,195.00,2,390.00,โชตินันท์ การเกษตร,110/05476,,เก0032,ใบ,วัสดุการเกษตร,2026-07
9/7/2026,หัวเทียน,50.00,6,300.00,โชตินันท์ การเกษตร,110/05476,,เก0063,หัว,วัสดุการเกษตร,2026-07
9/7/2026,ลานสตาร์ท,450.00,1,450.00,โชตินันท์ การเกษตร,110/05476,,เก0048,อัน,วัสดุการเกษตร,2026-07
9/7/2026,สายน้ำมัน,50.00,3,150.00,โชตินันท์ การเกษตร,110/05476,,เก0057,เส้น,วัสดุการเกษตร,2026-07
7/7/2026,เครื่องอ่านลายนิ้วมือ,"7,000.00",4,"28,000.00",ห้างหุ้นส่วนจำกัด ฟรีดอมเทค คอมพิวเตอร์,IV6907003,,ค0079,เครื่อง,คอมพิวเตอร์,2026-07
7/7/2026,กล้องWebcam,"7,990.00",4,"31,960.00",ห้างหุ้นส่วนจำกัด ฟรีดอมเทค คอมพิวเตอร์,IV6907003,,ค0080,ตัว,คอมพิวเตอร์,2026-07
13/7/2026,แก๊สหุงต้ม ขนาด 48 กก.,"1,370.00",4,"5,480.00",บริษัท ธนกาญจน์แก๊ส จำกัด,136/6789,,ง0023,ถัง,งานบ้านงานครัว,2026-07
14/7/2026,น้ำยาปรับผ้านุ่ม (บรรจุ 20 ลิตร),674.10,5,"3,370.50",ห้างหุ้นส่วนจำกัด ปัญยวีร์ เทรดดิ้ง,690711,,ง0129,ถัง,งานบ้านงานครัว,2026-07
14/7/2026,น้ำยาซักผ้าขาวและผ้าสี (บรรจุ 20 ลิตร),"2,003.58",5,"10,017.90",บริษัท สยามโกลบอลเฮ้า จำกัด (มหาชน) สำนักงานใหญ่,690711,,ง0131,ถัง,งานบ้านงานครัว,2026-07
17/7/2026,ผ้ากันเปื้อนPVC 90x115 ซม.,170.00,2,340.00,บริษัท สยามโกลบอลเฮ้า จำกัด (มหาชน) สำนักงานใหญ่,GHKSA02AIV-690617-0002,,เก0072,อัน,วัสดุการเกษตร,2026-07
17/7/2026,ข้อต่อตรงเกลียวนอก (เกษตร),9.50,2,19.00,บริษัท สยามโกลบอลเฮ้า จำกัด (มหาชน) สำนักงานใหญ่,GHKSA02AIV-690617-0002,,เก0073,ชิ้น,วัสดุการเกษตร,2026-07
17/7/2026,เช็ควาล์วสวิงทองเหลือง 1 นิ้ว,329.00,1,329.00,บริษัท สยามโกลบอลเฮ้า จำกัด (มหาชน) สำนักงานใหญ่,GHKSA02AIV-690617-0002,,เก0074,ตัว,วัสดุการเกษตร,2026-07
17/7/2026,สูทรับน้ำหนักเครื่องตัดหญ้า,223.00,2,446.00,บริษัท สยามโกลบอลเฮ้า จำกัด (มหาชน) สำนักงานใหญ่,GHKSA02AIV-690617-0002,,เก0075,ชิ้น,วัสดุการเกษตร,2026-07
17/7/2026,ไม้อัด,390.00,10,"3,900.00",บริษัท สยามโกลบอลเฮ้า จำกัด (มหาชน) สำนักงานใหญ่,GHKSA03AIV-690617-0001,,ก0184,แผ่น,วัสดุก่อสร้าง,2026-07
17/7/2026,ดูร่าวัน บอร์ด ขอบเรียบ,207.35,2,414.70,บริษัท สยามโกลบอลเฮ้า จำกัด (มหาชน) สำนักงานใหญ่,GHKSA03AIV-690617-0001,,ก0338,แผ่น,วัสดุก่อสร้าง,2026-07
17/7/2026,โครงลูกกลิ้ง,75.00,4,300.00,บริษัท สยามโกลบอลเฮ้า จำกัด (มหาชน) สำนักงานใหญ่,GHKSA03AIV-690617-0001,,ก0339,อัน,วัสดุก่อสร้าง,2026-07
17/7/2026,ลวดเชื่อม,159.00,2,318.00,บริษัท สยามโกลบอลเฮ้า จำกัด (มหาชน) สำนักงานใหญ่,GHKSA03AIV-690617-0001,,ก0193,กล่อง,วัสดุก่อสร้าง,2026-07
17/7/2026,ลูกบ็อก 12 เหลี่ยม,55.00,1,55.00,บริษัท สยามโกลบอลเฮ้า จำกัด (มหาชน) สำนักงานใหญ่,GHKSA03AIV-690617-0001,,ก0340,ชิ้น,วัสดุก่อสร้าง,2026-07
17/7/2026,คีมปากตรงหุ้มฉนวน,340.00,1,340.00,บริษัท สยามโกลบอลเฮ้า จำกัด (มหาชน) สำนักงานใหญ่,GHKSA03AIV-690617-0001,,ก0341,อัน,วัสดุก่อสร้าง,2026-07
17/7/2026,ผ้าใบพลาสติก,359.00,1,359.00,บริษัท สยามโกลบอลเฮ้า จำกัด (มหาชน) สำนักงานใหญ่,GHKSA03AIV-690617-0001,,ก0342,ผืน,วัสดุก่อสร้าง,2026-07
17/7/2026,ชุดลูกกลิ้งทาสี,75.00,3,225.00,บริษัท สยามโกลบอลเฮ้า จำกัด (มหาชน) สำนักงานใหญ่,GHKSA03AIV-690617-0001,,ก0061,ชุด,วัสดุก่อสร้าง,2026-07
17/7/2026,แปรงทาสี,70.00,3,210.00,บริษัท สยามโกลบอลเฮ้า จำกัด (มหาชน) สำนักงานใหญ่,GHKSA03AIV-690617-0001,,ก0157,อัน,วัสดุก่อสร้าง,2026-07
17/7/2026,สีเคลือบเงา,960.00,3,"2,880.00",บริษัท สยามโกลบอลเฮ้า จำกัด (มหาชน) สำนักงานใหญ่,GHKSA03AIV-690617-0001,,ก0231,แกลลอน,วัสดุก่อสร้าง,2026-07
17/7/2026,เบเยอร์ซิลด์ (ทุกสี),880.00,1,880.00,บริษัท สยามโกลบอลเฮ้า จำกัด (มหาชน) สำนักงานใหญ่,GHKSA03AIV-690617-0001,,ก0343,แกลลอน,วัสดุก่อสร้าง,2026-07
17/7/2026,สีน้ำอะคิริค,"2,495.00",1,"2,495.00",บริษัท สยามโกลบอลเฮ้า จำกัด (มหาชน) สำนักงานใหญ่,GHKSA03AIV-690617-0001,,ก0236,ถัง,วัสดุก่อสร้าง,2026-07
17/7/2026,ทินเนอร์,"1,340.00",1,"1,340.00",บริษัท สยามโกลบอลเฮ้า จำกัด (มหาชน) สำนักงานใหญ่,GHKSA03AIV-690617-0001,,ก0106,กระป๋อง,วัสดุก่อสร้าง,2026-07
17/7/2026,แม่สี,827.59,1,827.59,บริษัท สยามโกลบอลเฮ้า จำกัด (มหาชน) สำนักงานใหญ่,GHKSA03AIV-690617-0001,,ก0303,แกลลอน,วัสดุก่อสร้าง,2026-07
17/7/2026,แม่สี,349.34,3,"1,048.02",บริษัท สยามโกลบอลเฮ้า จำกัด (มหาชน) สำนักงานใหญ่,GHKSA03AIV-690617-0001,,ก0303,แกลลอน,วัสดุก่อสร้าง,2026-07
21/7/2026,สายคล้องบัตร,115.00,100,"11,500.00",ห้างหุ้นส่วนจำกัด ระพงษ์,42/14,,ส0196,เส้น,สำนักงาน,2026-07
21/7/2026,หมึกเครื่องถ่ายเอกสาร Canon NPG-95 BK,"2,750.00",4,"11,000.00",ห้างหุ้นส่วนจำกัดก๊อปปี้เซ็นเตอร์วิส เทรดดิ้ง(สำนักงานใหญ่),18/00074,,ส0202,หลอด,สำนักงาน,2026-07
21/7/2026,ปลั๊กราง ยาว 3 เมตร,350.00,2,700.00,หจก.อักษรภัณฑ์กาญจนบุรี (สำนักงานใหญ่),049/2440,,ฟ0078,อัน,ไฟฟ้า,2026-07
21/7/2026,ปลั๊กราง ยาว 5 เมตร,395.00,3,"1,185.00",หจก.อักษรภัณฑ์กาญจนบุรี (สำนักงานใหญ่),049/2440,,ฟ0079,อัน,ไฟฟ้า,2026-07
21/7/2026,ปลั๊กราง ยาว 10 เมตร,495.00,1,495.00,หจก.อักษรภัณฑ์กาญจนบุรี (สำนักงานใหญ่),049/2440,,ฟ0077,อัน,ไฟฟ้า,2026-07
21/7/2026,กระดาษ A4 80 แกรม (สีขาว),130.00,90,"11,700.00",หจก.อักษรภัณฑ์กาญจนบุรี (สำนักงานใหญ่),049/2437,,ส0009,รีม,สำนักงาน,2026-07
21/7/2026,กระดาษ A4 80 แกรม (ทุกสี),240.00,5,"1,200.00",หจก.อักษรภัณฑ์กาญจนบุรี (สำนักงานใหญ่),049/2437,,ส0008,รีม,สำนักงาน,2026-07
21/7/2026,ดินน้ำมัน,15.00,2,30.00,หจก.อักษรภัณฑ์กาญจนบุรี (สำนักงานใหญ่),049/2437,,ส0074,ก้อน,สำนักงาน,2026-07
21/7/2026,กระดาษกาวย่น 1 นิ้ว,38.00,15,570.00,หจก.อักษรภัณฑ์กาญจนบุรี (สำนักงานใหญ่),049/2437,,ส0015,ม้วน,สำนักงาน,2026-07
21/7/2026,กาว 2 หน้า หนา,275.00,1,275.00,หจก.อักษรภัณฑ์กาญจนบุรี (สำนักงานใหญ่),049/2437,,ส0044,ม้วน,สำนักงาน,2026-07
21/7/2026,คลิบหนีบ 2 ขา สีดำ เบอร์ 110,45.00,3,135.00,หจก.อักษรภัณฑ์กาญจนบุรี (สำนักงานใหญ่),049/2437,,ส0057,กล่อง,สำนักงาน,2026-07
21/7/2026,คลิบหนีบ 2 ขา สีดำ เบอร์ 111,35.00,2,70.00,หจก.อักษรภัณฑ์กาญจนบุรี (สำนักงานใหญ่),049/2437,,ส0058,กล่อง,สำนักงาน,2026-07
21/7/2026,คลิบหนีบ 2 ขา สีดำ เบอร์ 112,23.00,24,552.00,หจก.อักษรภัณฑ์กาญจนบุรี (สำนักงานใหญ่),049/2437,,ส0059,กล่อง,สำนักงาน,2026-07
21/7/2026,เทปใส 2 นิ้ว,25.00,2,50.00,หจก.อักษรภัณฑ์กาญจนบุรี (สำนักงานใหญ่),049/2437,,ส0096,ม้วน,สำนักงาน,2026-07
21/7/2026,ที่ดึงลูกแม็กซ์,75.00,1,75.00,หจก.อักษรภัณฑ์กาญจนบุรี (สำนักงานใหญ่),049/2437,,ส0090,อัน,สำนักงาน,2026-07
21/7/2026,เทปใส 3/4 นิ้ว,30.00,4,120.00,หจก.อักษรภัณฑ์กาญจนบุรี (สำนักงานใหญ่),049/2437,,ส0097,ม้วน,สำนักงาน,2026-07
21/7/2026,ลูกแม็กซ์ เบอร์ 3,25.00,5,125.00,หจก.อักษรภัณฑ์กาญจนบุรี (สำนักงานใหญ่),049/2437,,ส0174,กล่อง,สำนักงาน,2026-07
21/7/2026,ลูกแม็กซ์ เบอร์ 10,15.00,11,165.00,หจก.อักษรภัณฑ์กาญจนบุรี (สำนักงานใหญ่),049/2437,,ส0173,กล่อง,สำนักงาน,2026-07
21/7/2026,สมุดเบอร์ 2,60.00,6,360.00,หจก.อักษรภัณฑ์กาญจนบุรี (สำนักงานใหญ่),049/2437,,ส0191,เล่ม,สำนักงาน,2026-07
21/7/2026,เทปใส 1 นิ้ว,40.00,19,760.00,หจก.อักษรภัณฑ์กาญจนบุรี (สำนักงานใหญ่),049/2437,,ส0095,ม้วน,สำนักงาน,2026-07
21/7/2026,แฟ้มห่วง 2 นิ้ว,75.00,4,300.00,หจก.อักษรภัณฑ์กาญจนบุรี (สำนักงานใหญ่),049/2437,,ส0157,แฟ้ม,สำนักงาน,2026-07
21/7/2026,ลวดเสียบกระดาษ,12.00,64,768.00,หจก.อักษรภัณฑ์กาญจนบุรี (สำนักงานใหญ่),049/2437,,ส0171,กล่อง,สำนักงาน,2026-07
21/7/2026,ซองขาว,1.00,650,650.00,หจก.อักษรภัณฑ์กาญจนบุรี (สำนักงานใหญ่),049/2437,,ส0069,ซอง,สำนักงาน,2026-07
21/7/2026,แม็กซ์ เบอร์ 10,245.00,1,245.00,หจก.อักษรภัณฑ์กาญจนบุรี (สำนักงานใหญ่),049/2438,,ส0163,ตัว,สำนักงาน,2026-07
21/7/2026,แม็กซ์ เบอร์ 3,495.00,1,495.00,หจก.อักษรภัณฑ์กาญจนบุรี (สำนักงานใหญ่),049/2438,,ส0164,ตัว,สำนักงาน,2026-07
21/7/2026,กาวตราช้าง,25.00,2,50.00,หจก.อักษรภัณฑ์กาญจนบุรี (สำนักงานใหญ่),049/2438,,ส0046,หลอด,สำนักงาน,2026-07
21/7/2026,ไม้บรรทัด 2 ฟุต,125.00,1,125.00,หจก.อักษรภัณฑ์กาญจนบุรี (สำนักงานใหญ่),049/2438,,ส0228,อัน,สำนักงาน,2026-07
21/7/2026,กาวUHU,75.00,2,150.00,หจก.อักษรภัณฑ์กาญจนบุรี (สำนักงานใหญ่),049/2438,,ส0045,หลอด,สำนักงาน,2026-07
21/7/2026,ซองน้ำตาล A4 (ขยายข้าง),5.00,10,50.00,หจก.อักษรภัณฑ์กาญจนบุรี (สำนักงานใหญ่),049/2438,,ส0070,ซอง,สำนักงาน,2026-07
21/7/2026,"ปากกาไวท์บอร์ด ( ดำ,แดง,น้ำเงิน )",22.00,1,22.00,หจก.อักษรภัณฑ์กาญจนบุรี (สำนักงานใหญ่),049/2438,,ส0128,ด้าม,สำนักงาน,2026-07
21/7/2026,"ปากกาไวท์บอร์ด ( ดำ,แดง,น้ำเงิน )",22.00,1,22.00,หจก.อักษรภัณฑ์กาญจนบุรี (สำนักงานใหญ่),049/2438,,ส0128,ด้าม,สำนักงาน,2026-07
21/7/2026,"ปากกาไวท์บอร์ด ( ดำ,แดง,น้ำเงิน )",22.00,1,22.00,หจก.อักษรภัณฑ์กาญจนบุรี (สำนักงานใหญ่),049/2438,,ส0128,ด้าม,สำนักงาน,2026-07
21/7/2026,ซองน้ำตาล A4 (ไม่ขยายข้าง),5.00,40,200.00,หจก.อักษรภัณฑ์กาญจนบุรี (สำนักงานใหญ่),049/2438,,ส0071,ซอง,สำนักงาน,2026-07
21/7/2026,"ปากกาเคมี 2 หัว ( ดำ,แดง,น้ำเงิน )",15.00,12,180.00,หจก.อักษรภัณฑ์กาญจนบุรี (สำนักงานใหญ่),049/2438,,ส0125,ด้าม,สำนักงาน,2026-07
21/7/2026,ปากกาลบคำผิดแบบเทป,59.00,17,"1,003.00",หจก.อักษรภัณฑ์กาญจนบุรี (สำนักงานใหญ่),049/2438,,ส0127,อัน,สำนักงาน,2026-07
21/7/2026,กรรไกร,85.00,6,510.00,หจก.อักษรภัณฑ์กาญจนบุรี (สำนักงานใหญ่),049/2438,,ส0002,เล่ม,สำนักงาน,2026-07
21/7/2026,ยางลบ,6.00,8,48.00,หจก.อักษรภัณฑ์กาญจนบุรี (สำนักงานใหญ่),049/2438,,ส0168,ก้อน,สำนักงาน,2026-07
21/7/2026,แลคซีน 1.5 นิ้ว,55.00,4,220.00,หจก.อักษรภัณฑ์กาญจนบุรี (สำนักงานใหญ่),049/2438,,ส0176,ม้วน,สำนักงาน,2026-07
21/7/2026,โพสอิท (สติ๊กเกอร์โน๊ต) ชิ้นเล็ก ๆ,39.00,5,195.00,หจก.อักษรภัณฑ์กาญจนบุรี (สำนักงานใหญ่),049/2438,,ส0146,แพ็ค,สำนักงาน,2026-07
21/7/2026,กระดานไวท์บอร์ด 60*80 ซม.,375.00,2,750.00,หจก.อักษรภัณฑ์กาญจนบุรี (สำนักงานใหญ่),049/2438,,ส0229,แผ่น,สำนักงาน,2026-07
21/7/2026,ใบมีดคัทเตอร์ เล่มใหญ่,35.00,1,35.00,หจก.อักษรภัณฑ์กาญจนบุรี (สำนักงานใหญ่),049/2438,,ส0116,กล่อง,สำนักงาน,2026-07
21/7/2026,มีดคัทเตอร์ ใหญ่,65.00,1,65.00,หจก.อักษรภัณฑ์กาญจนบุรี (สำนักงานใหญ่),049/2439,,ส0162,เล่ม,สำนักงาน,2026-07
21/7/2026,มีดคัทเตอร์ เล็ก,35.00,1,35.00,หจก.อักษรภัณฑ์กาญจนบุรี (สำนักงานใหญ่),049/2439,,ส0161,เล่ม,สำนักงาน,2026-07
21/7/2026,กล่องลิ้นชักใส่เอกสาร 3 - 7 ชั้น,45.00,2,90.00,หจก.อักษรภัณฑ์กาญจนบุรี (สำนักงานใหญ่),049/2439,,ส0036,ใบ,สำนักงาน,2026-07
21/7/2026,ขี้ผึ้งนับแบงค์,40.00,2,80.00,หจก.อักษรภัณฑ์กาญจนบุรี (สำนักงานใหญ่),049/2439,,ส0051,ตลับ,สำนักงาน,2026-07
21/7/2026,ภาพพระบรมฉายาลักษณ์พระพันปีหลวง,75.00,1,75.00,หจก.อักษรภัณฑ์กาญจนบุรี (สำนักงานใหญ่),049/2439,,ส0214,รูป,สำนักงาน,2026-07
21/7/2026,ขัน,15.00,5,75.00,วังโพธิ์พาณิชย์,5/55,,ง0028,ใบ,งานบ้านงานครัว,2026-07
21/7/2026,ฝอยเหล็ก,25.00,12,300.00,วังโพธิ์พาณิชย์,5/55,,ง0175,ก้อน,งานบ้านงานครัว,2026-07
21/7/2026,น้ำยารีดผ้าเรียบ,15.00,6,90.00,วังโพธิ์พาณิชย์,5/55,,ง0132,ถุง,งานบ้านงานครัว,2026-07
21/7/2026,ผงซักฟอก ,130.00,2,260.00,วังโพธิ์พาณิชย์,5/55,,ง0148,ถุง,งานบ้านงานครัว,2026-07
21/7/2026,ฟองน้ำพร้อมสก็อตไบรท์,25.00,32,800.00,วังโพธิ์พาณิชย์,5/55,,ง0179,แผ่น,งานบ้านงานครัว,2026-07
21/7/2026,เชือกฟาง,40.00,3,120.00,วังโพธิ์พาณิชย์,5/55,,ง0042,ม้วน,งานบ้านงานครัว,2026-07
21/7/2026,เจลก้อนหอม,100.00,8,800.00,วังโพธิ์พาณิชย์,5/55,,ง0016,ก้อน,งานบ้านงานครัว,2026-07
21/7/2026,พรมเช็ดเท้า (ผ้า),35.00,5,175.00,วังโพธิ์พาณิชย์,5/55,,ง0176,ผืน,งานบ้านงานครัว,2026-07
21/7/2026,เข่งพลาสติก,65.00,3,195.00,วังโพธิ์พาณิชย์,5/55,,ง0029,ใบ,งานบ้านงานครัว,2026-07
21/7/2026,ถังขยะชนิดเหยียบ ขนาด 18 ลิตร,440.00,2,880.00,วังโพธิ์พาณิชย์,5/55,,ง0053,ใบ,งานบ้านงานครัว,2026-07
21/7/2026,ถังขยะเหยียบกลม ขนาด 18 ลิตร,390.00,5,"1,950.00",วังโพธิ์พาณิชย์,5/55,,ง0254,ใบ,งานบ้านงานครัว,2026-07
21/7/2026,"สเปรย์ฉีดแมลง,ยุง",105.00,11,"1,155.00",วังโพธิ์พาณิชย์,5/56,,ง0206,กระป๋อง,งานบ้านงานครัว,2026-07
21/7/2026,สเปรย์ปรับอากาศ-ดับกลิ่น,135.00,5,675.00,วังโพธิ์พาณิชย์,5/56,,ง0207,กระป๋อง,งานบ้านงานครัว,2026-07
21/7/2026,ไฟฉายแบบชาร์จ,175.00,2,350.00,วังโพธิ์พาณิชย์,5/56,,ง0182,กระบอก,งานบ้านงานครัว,2026-07
21/7/2026,ถุงมือยางทำความสะอาด,35.00,6,210.00,วังโพธิ์พาณิชย์,5/56,,ง0093,คู่,งานบ้านงานครัว,2026-07
21/7/2026,ไม้กวาดอ่อน,50.00,4,200.00,วังโพธิ์พาณิชย์,5/56,,ง0187,อัน,งานบ้านงานครัว,2026-07
21/7/2026,กรวยกรอกน้ำ,20.00,1,20.00,วังโพธิ์พาณิชย์,5/56,,ง0004,อัน,งานบ้านงานครัว,2026-07
21/7/2026,ถ่าน ขนาด AA (อัลคาไลน์),25.00,174,"4,350.00",วังโพธิ์พาณิชย์,5/56,,ง0064,ก้อน,งานบ้านงานครัว,2026-07
21/7/2026,ถ่าน ขนาด AAA (อัลคาไลน์),25.00,22,550.00,วังโพธิ์พาณิชย์,5/56,,ง0065,ก้อน,งานบ้านงานครัว,2026-07
21/7/2026,น้ำยาล้างจาน (บรรจุ 3.8 ลิตร),195.00,6,"1,170.00",วังโพธิ์พาณิชย์,5/56,,ง0135,แกลลอน,งานบ้านงานครัว,2026-07
21/7/2026,ผ้าถูพื้น,45.00,5,225.00,วังโพธิ์พาณิชย์,5/56,,ง0159,ผืน,งานบ้านงานครัว,2026-07
21/7/2026,ยางวง,80.00,1,80.00,วังโพธิ์พาณิชย์,5/56,,ง0197,ถุง,งานบ้านงานครัว,2026-07
21/7/2026,ถุงมือผ้า(งานบ้านงานครัว),12.00,12,144.00,วังโพธิ์พาณิชย์,5/57,,ง0255,คูุ่,งานบ้านงานครัว,2026-07
21/7/2026,ฟองน้ำเอนกประสงค์,5.00,12,60.00,วังโพธิ์พาณิชย์,5/57,,ง0181,แผ่น,งานบ้านงานครัว,2026-07
21/7/2026,กาวดักหนู,55.00,2,110.00,วังโพธิ์พาณิชย์,5/57,,ง0019,ชิ้น,งานบ้านงานครัว,2026-07
21/7/2026,ยาตราปู,60.00,2,120.00,วังโพธิ์พาณิชย์,5/57,,ง0253,กล่อง,งานบ้านงานครัว,2026-07
21/7/2026,กล่องพลาสติกมีฝาปิด(มีล้อ) ขนาดใหญ่,450.00,4,"1,800.00",วังโพธิ์พาณิชย์,5/57,,ง0011,ใบ,งานบ้านงานครัว,2026-07
21/7/2026,พรมเช็ดเท้า (พลาสติก),95.00,2,190.00,วังโพธิ์พาณิชย์,5/57,,ง0177,ผืน,งานบ้านงานครัว,2026-07
21/7/2026,การ์ดเตียง (สีฟ้า),0.64,10000,"6,420.00",บริษัท พรสวรรค์การพิมพ์ จำกัด,40/1996,,ส0042,ใบ,สำนักงาน,2026-07
21/7/2026,ฟอร์มปรอท (ใหม่),3.21,5000,"16,050.00",บริษัท พรสวรรค์การพิมพ์ จำกัด,40/1996,,ส0148,แผ่น,สำนักงาน,2026-07
22/7/2026,ปุ๋ย,960.00,1,960.00,บ้านศรีสุข,1/12,,เก0035,ถุง,วัสดุการเกษตร,2026-07
22/7/2026,หางเครื่องตัดหญ้า,"1,000.00",1,"1,000.00",โชตินันท์ การเกษตร,110/05497,,เก0076,อัน,วัสดุการเกษตร,2026-07
22/7/2026,น้ำมันเครื่อง ไดเกียว 2T 1ลิตร,150.00,5,750.00,โชตินันท์ การเกษตร,110/05497,,เก0030,ชิ้น,วัสดุการเกษตร,2026-07
22/7/2026,เอ็นตัดหญ้า,300.00,2,600.00,โชตินันท์ การเกษตร,110/05497,,เก0064,ม้วน,วัสดุการเกษตร,2026-07
22/7/2026,จารบี(การเกษตร),110.00,1,110.00,โชตินันท์ การเกษตร,110/05497,,เก0077,กระป๋อง,วัสดุการเกษตร,2026-07
24/7/2026,ใบ Copy Order 22*29.5 ซม. (ใหม่),2.10,30000,"63,000.00",หจก.ที.ซี.เอ็ม อินเตอร์เทรด(1997),IV69077369,,ส0230,ดวง,สำนักงาน,2026-07
16/7/2026,น้ำมันดีเซล,37.76,818.19,"30,895.00",บริษัท แอล อาร์ เซอร์วิส จำกัด,69/07-001,,ช0001,ลิตร,เชื้อเพลิง,2026-07
16/7/2026,น้ำมันดีเซล,35.20,715.68,"25,191.80",บริษัท แอล อาร์ เซอร์วิส จำกัด,69/07-001,,ช0001,ลิตร,เชื้อเพลิง,2026-07
16/7/2026,น้ำมันเบนซิน,37.71,60.00,"2,262.62",บริษัท แอล อาร์ เซอร์วิส จำกัด,69/07-001,,ช0002,ลิตร,เชื้อเพลิง,2026-07
24/7/2026,หลอด LED,203.30,120,"24,396.00",บริษัท ทัศศิพรเอ็นเทอไพรซ์ จำกัด,IV0015599,,ฟ0144,หลอด,ไฟฟ้า,2026-07
24/7/2026,หลอดไฟนีออน LED,158.36,20,"3,167.20",บริษัท ทัศศิพรเอ็นเทอไพรซ์ จำกัด,IV0015599,,ฟ0146,หลอด,ไฟฟ้า,2026-07
23/7/2026,Canon GI-71 BK,550.00,5,"2,750.00",ห้างหุ้นส่วนจำกัด ฟรีดอมเทค คอมพิวเตอร์,IV6907007,,ค0081,ขวด,คอมพิวเตอร์,2026-07
23/7/2026,Canon GI-71 C,490.00,5,"2,450.00",ห้างหุ้นส่วนจำกัด ฟรีดอมเทค คอมพิวเตอร์,IV6907007,,ค0082,ขวด,คอมพิวเตอร์,2026-07
23/7/2026,Canon GI-71 M,490.00,5,"2,450.00",ห้างหุ้นส่วนจำกัด ฟรีดอมเทค คอมพิวเตอร์,IV6907007,,ค0083,ขวด,คอมพิวเตอร์,2026-07
23/7/2026,Canon GI-71 Y,490.00,5,"2,450.00",ห้างหุ้นส่วนจำกัด ฟรีดอมเทค คอมพิวเตอร์,IV6907007,,ค0084,ขวด,คอมพิวเตอร์,2026-07
31/7/2026,น้ำยาขจัดกลิ่นฆ่าเชื้อเอนกประสงค์ (บรรจุ 3.8 ลิตร),450.00,16,"7,200.00",บริษัท สยามยูเนี่ยนเคมีคอล จำกัด,SOSU6907046,,ง0116,แกลลอน,งานบ้านงานครัว,2026-07
31/7/2026,สบู่เหลวล้างมือ (บรรจุ 3.8 ลิตร),375.00,16,"6,000.00",บริษัท สยามยูเนี่ยนเคมีคอล จำกัด,SOSU6907046,,ง0204,แกลลอน,งานบ้านงานครัว,2026-07
10/11/2025,ชุดกาวน์แขนสั้ั้น(ต),750.00,10,"7,500.00",บริษัท เอพี เมดิโคลท จำกัด (สำนักงานใหญ่),65/305,,ต0027,ชุด,วัสดุเครื่องแต่งกาย,2025-11
10/11/2025,ชุดกาวน์แขนยาวขนาดใหญ่(ต),900.00,10,"9,000.00",บริษัท เอพี เมดิโคลท จำกัด (สำนักงานใหญ่),65/305,,ต0028,ชุด,วัสดุเครื่องแต่งกาย,2025-11
11/8/2026,กระดาษ A4 80 แกรม (สีขาว),130.00,150,"19,500.00",หจก.อักษรภัณฑ์กาญจนบุรี (สำนักงานใหญ่),056/2797,,ส0009,รีม,สำนักงาน,2026-08
11/8/2026,กระดาษ A4 80 แกรม (ทุกสี),240.00,5,"1,200.00",หจก.อักษรภัณฑ์กาญจนบุรี (สำนักงานใหญ่),056/2798,,ส0008,รีม,สำนักงาน,2026-08
3/8/2026,น้ำมันดีเซล,35.20,495.81,"17,452.51",บริษัท แอล อาร์ เซอร์วิส จำกัด,69/07/002,,ช0001,ลิตร,เชื้อเพลิง,2026-08
3/8/2026,น้ำมันดีเซล,36.05,102.65,"3,700.53",บริษัท แอล อาร์ เซอร์วิส จำกัด,69/07/002,,ช0001,ลิตร,เชื้อเพลิง,2026-08
3/8/2026,น้ำมันดีเซล,36.95,526.10,"19,439.40",บริษัท แอล อาร์ เซอร์วิส จำกัด,69/07/002,,ช0001,ลิตร,เชื้อเพลิง,2026-08
3/8/2026,น้ำมันดีเซล,36.96,1.00,36.96,บริษัท แอล อาร์ เซอร์วิส จำกัด,69/07/002,,ช0001,ลิตร,เชื้อเพลิง,2026-08
16/8/2026,น้ำมันดีเซล,36.95,733.76,"27,112.43",บริษัท แอล อาร์ เซอร์วิส จำกัด,69/08/001,,ช0001,ลิตร,เชื้อเพลิง,2026-08
16/8/2026,น้ำมันดีเซล,37.80,217.81,"8,233.22",บริษัท แอล อาร์ เซอร์วิส จำกัด,69/08/001,,ช0001,ลิตร,เชื้อเพลิง,2026-08
16/8/2026,น้ำมันดีเซล,37.95,1.00,37.95,บริษัท แอล อาร์ เซอร์วิส จำกัด,69/08/001,,ช0001,ลิตร,เชื้อเพลิง,2026-08
21/8/2026,ถุงหูหิ้วสีขาว ขนาด 12*20 นิ้ว,70.00,200,"14,000.00",หจก.ที.ซี.เอ็ม อินเตอร์เทรด(1997),IV69087381,,ง0102,แพ็ค,งานบ้านงานครัว,2026-08
21/8/2026,ถุงขยะสีดำ ขนาด 28*36 นิ้ว,60.00,100,"6,000.00",หจก.ที.ซี.เอ็ม อินเตอร์เทรด(1997),IV69087381,,ง0070,แพ็ค,งานบ้านงานครัว,2026-08
7/8/2026,คลอรีนน้ำ,920.20,10,"9,202.00",ห้างหุ้นส่วนจำกัด เอส.ดับบลิว.เอ.เอ็นจิเนียริ่ง เซอร์วิส (สำนักงานใหญ่),SESO6966,,ป0016,ลิตร,ประปา,2026-08
14/8/2026,เบรกเกอร์,150.87,5,754.35,บริษัท ทัศศิพรเอ็นเทอไพรซ์ จำกัด,IV0015889,,ฟ0065,ตัว,ไฟฟ้า,2026-08
14/8/2026,แก๊สหุงต้ม ขนาด 48 กก.,"1,370.00",4,"5,480.00",บริษัท ธนกาญจน์แก๊ส จำกัด,140/6956,,ง0023,ถัง,งานบ้านงานครัว,2026-08
21/8/2026,สติ๊กเกอร์สำหรับพิมพ์ วันอายุ ขนาด 4.8*8.16 ซม.,0.85,24000,"20,400.00",ห้างหุ้นส่วนจำกัด ภาสิน(สำนักงานใหญ่),68039,,ส0188,ดวง,สำนักงาน,2026-08
21/8/2026,กระดาษชำระม้วนใหญ่,107.00,32,"3,424.00",ห้างหุ้นส่วนจำกัด พงษ์ไพบูลย์ ดิสทริบิวชั่น(สำนักงานใหญ่),IV0099833,,ง0007,ม้วน,งานบ้านงานครัว,2026-08
21/8/2026,กระดาษเช็ดมือ,61.97,118,"7,312.46",ห้างหุ้นส่วนจำกัด พงษ์ไพบูลย์ ดิสทริบิวชั่น(สำนักงานใหญ่),IV0099833,,ง0008,ห่อ,งานบ้านงานครัว,2026-08
21/8/2026,กระดาษเช็ดมือ,62.02,2,124.04,ห้างหุ้นส่วนจำกัด พงษ์ไพบูลย์ ดิสทริบิวชั่น(สำนักงานใหญ่),IV0099833,,ง0008,ห่อ,งานบ้านงานครัว,2026-08
27/8/2026,"สเปรย์ฉีดแมลง,ยุง",105.00,2,210.00,วังโพธิ์พาณิชย์,5/59,,ง0206,กระป๋อง,งานบ้านงานครัว,2026-08
27/8/2026,สเปรย์ปรับอากาศ-ดับกลิ่น,135.00,4,540.00,วังโพธิ์พาณิชย์,5/59,,ง0207,กระป๋อง,งานบ้านงานครัว,2026-08
27/8/2026,ถ่าน ขนาด AA (อัลคาไลน์),25.00,40,"1,000.00",วังโพธิ์พาณิชย์,5/59,,ง0064,ก้อน,งานบ้านงานครัว,2026-08
27/8/2026,รองเท้าฟองน้ำ,65.00,1,65.00,วังโพธิ์พาณิชย์,5/59,,ง0200,คู่,งานบ้านงานครัว,2026-08
27/8/2026,ฝอยเหล็ก,25.00,5,125.00,วังโพธิ์พาณิชย์,5/59,,ง0175,ก้อน,งานบ้านงานครัว,2026-08
27/8/2026,น้ำยาล้างจาน (บรรจุ 3.8 ลิตร),195.00,1,195.00,วังโพธิ์พาณิชย์,5/59,,ง0135,แกลลอน,งานบ้านงานครัว,2026-08
27/8/2026,ไม้จิ้มฟัน,15.00,5,75.00,วังโพธิ์พาณิชย์,5/59,,ง0188,ห่อ,งานบ้านงานครัว,2026-08
27/8/2026,เจลก้อนหอม,100.00,5,500.00,วังโพธิ์พาณิชย์,5/59,,ง0016,ก้อน,งานบ้านงานครัว,2026-08
27/8/2026,กาวดักหนู,55.00,4,220.00,วังโพธิ์พาณิชย์,5/59,,ง0019,ชิ้น,งานบ้านงานครัว,2026-08
27/8/2026,พรมเช็ดเท้า (ผ้า),35.00,2,70.00,วังโพธิ์พาณิชย์,5/59,,ง0176,ผืน,งานบ้านงานครัว,2026-08
27/8/2026,ถังขยะชนิดเหยียบ ขนาด 18 ลิตร,390.00,2,780.00,วังโพธิ์พาณิชย์,5/60,,ง0053,ใบ,งานบ้านงานครัว,2026-08
27/8/2026,ไฟฉายแบบชาร์จ,175.00,3,525.00,วังโพธิ์พาณิชย์,5/60,,ง0182,กระบอก,งานบ้านงานครัว,2026-08
27/8/2026,กระดาษ A5 80 แกรม (ใบสั่งยา),85.00,3,255.00,หจก.อักษรภัณฑ์กาญจนบุรี (สำนักงานใหญ่),057/2849,,ส0013,รีม,สำนักงาน,2026-08
27/8/2026,กาว 2 หน้า บาง,20.00,3,60.00,หจก.อักษรภัณฑ์กาญจนบุรี (สำนักงานใหญ่),057/2849,,ส0043,ม้วน,สำนักงาน,2026-08
27/8/2026,กาว 2 หน้า หนา,275.00,8,"2,200.00",หจก.อักษรภัณฑ์กาญจนบุรี (สำนักงานใหญ่),057/2849,,ส0044,ม้วน,สำนักงาน,2026-08
27/8/2026,ดินสอ,3.00,12,36.00,หจก.อักษรภัณฑ์กาญจนบุรี (สำนักงานใหญ่),057/2849,,ส0075,แท่ง,สำนักงาน,2026-08
27/8/2026,คลิบหนีบ 2 ขา สีดำ เบอร์ 108,90.00,1,90.00,หจก.อักษรภัณฑ์กาญจนบุรี (สำนักงานใหญ่),057/2849,,ส0055,กล่อง,สำนักงาน,2026-08
27/8/2026,คลิบหนีบ 2 ขา สีดำ เบอร์ 110,45.00,2,90.00,หจก.อักษรภัณฑ์กาญจนบุรี (สำนักงานใหญ่),057/2849,,ส0057,กล่อง,สำนักงาน,2026-08
27/8/2026,เทปใส 1 นิ้ว,40.00,2,80.00,หจก.อักษรภัณฑ์กาญจนบุรี (สำนักงานใหญ่),057/2849,,ส0095,ม้วน,สำนักงาน,2026-08
27/8/2026,ลูกแม็กซ์ เบอร์ 3,25.00,3,75.00,หจก.อักษรภัณฑ์กาญจนบุรี (สำนักงานใหญ่),057/2849,,ส0174,กล่อง,สำนักงาน,2026-08
27/8/2026,ลูกแม็กซ์ เบอร์ 10,15.00,25,375.00,หจก.อักษรภัณฑ์กาญจนบุรี (สำนักงานใหญ่),057/2849,,ส0173,กล่อง,สำนักงาน,2026-08
27/8/2026,สมุดเบอร์ 2,60.00,6,360.00,หจก.อักษรภัณฑ์กาญจนบุรี (สำนักงานใหญ่),057/2849,,ส0191,เล่ม,สำนักงาน,2026-08
27/8/2026,ลวดเสียบกระดาษ,12.00,20,240.00,หจก.อักษรภัณฑ์กาญจนบุรี (สำนักงานใหญ่),057/2849,,ส0171,กล่อง,สำนักงาน,2026-08
27/8/2026,ซองขาว,1.00,100,100.00,หจก.อักษรภัณฑ์กาญจนบุรี (สำนักงานใหญ่),057/2849,,ส0069,ซอง,สำนักงาน,2026-08
27/8/2026,แม็กซ์ เบอร์ 10,245.00,1,245.00,หจก.อักษรภัณฑ์กาญจนบุรี (สำนักงานใหญ่),057/2849,,ส0163,ตัว,สำนักงาน,2026-08
27/8/2026,ซองน้ำตาล A4 (ขยายข้าง),5.00,50,250.00,หจก.อักษรภัณฑ์กาญจนบุรี (สำนักงานใหญ่),057/2849,,ส0070,ซอง,สำนักงาน,2026-08
27/8/2026,"ปากกาไวท์บอร์ด ( ดำ,แดง,น้ำเงิน )",22.00,6,132.00,หจก.อักษรภัณฑ์กาญจนบุรี (สำนักงานใหญ่),057/2849,,ส0128,ด้าม,สำนักงาน,2026-08
27/8/2026,ปากกาลบคำผิดแบบเทป,59.00,8,472.00,หจก.อักษรภัณฑ์กาญจนบุรี (สำนักงานใหญ่),057/2849,,ส0127,อัน,สำนักงาน,2026-08
27/8/2026,กรรไกร,85.00,2,170.00,หจก.อักษรภัณฑ์กาญจนบุรี (สำนักงานใหญ่),057/2849,,ส0002,เล่ม,สำนักงาน,2026-08
27/8/2026,โพสอิท (สติ๊กเกอร์โน๊ต) สี่เหลี่ยม,39.00,1,39.00,หจก.อักษรภัณฑ์กาญจนบุรี (สำนักงานใหญ่),057/2849,,ส0147,แพ็ค,สำนักงาน,2026-08
27/8/2026,โพสอิท (สติ๊กเกอร์โน๊ต) ชิ้นเล็ก ๆ,39.00,1,39.00,หจก.อักษรภัณฑ์กาญจนบุรี (สำนักงานใหญ่),057/2850,,ส0146,แพ็ค,สำนักงาน,2026-08
27/8/2026,กาวตราช้าง,25.00,2,50.00,หจก.อักษรภัณฑ์กาญจนบุรี (สำนักงานใหญ่),057/2850,,ส0046,หลอด,สำนักงาน,2026-08
27/8/2026,ซองน้ำตาล A4 (ไม่ขยายข้าง),5.00,20,100.00,หจก.อักษรภัณฑ์กาญจนบุรี (สำนักงานใหญ่),057/2850,,ส0071,ซอง,สำนักงาน,2026-08
27/8/2026,ปากกาเขียน CD,25.00,5,125.00,หจก.อักษรภัณฑ์กาญจนบุรี (สำนักงานใหญ่),057/2850,,ส0123,ด้าม,สำนักงาน,2026-08
27/8/2026,"ปากกาเคมี 2 หัว ( ดำ,แดง,น้ำเงิน )",15.00,12,180.00,หจก.อักษรภัณฑ์กาญจนบุรี (สำนักงานใหญ่),057/2850,,ส0125,ด้าม,สำนักงาน,2026-08
27/8/2026,ปากกาเขียนครุภัณฑ์,55.00,12,660.00,หจก.อักษรภัณฑ์กาญจนบุรี (สำนักงานใหญ่),057/2850,,ส0124,ด้าม,สำนักงาน,2026-08
27/8/2026,กระดาษ A4 80 แกรม (ทุกสี),240.00,1,240.00,หจก.อักษรภัณฑ์กาญจนบุรี (สำนักงานใหญ่),057/2850,,ส0008,รีม,สำนักงาน,2026-08
27/8/2026,ปากกาเน้นข้อความ,38.00,8,304.00,หจก.อักษรภัณฑ์กาญจนบุรี (สำนักงานใหญ่),057/2850,,ส0126,ด้าม,สำนักงาน,2026-08
4/9/2026,สารกรองน้ำ คาร์บอน,100.00,15,"1,500.00",เน็กวอเตอร์อิเล้กทรอนิกส์ เซอร์วิส,1/38,,ป0062,ชุด,ประปา,2026-09
4/9/2026,ไส้กรองน้ำ R/020 นิ้ว,"2,480.00",1,"2,480.00",เน็กวอเตอร์อิเล้กทรอนิกส์ เซอร์วิส,1/38,,ป0071,ชุด,ประปา,2026-09
4/9/2026,ไส้กรองน้ำ (ไส้กรองเมนเบรน 150กรัม),"2,180.00",6,"13,080.00",เน็กวอเตอร์อิเล้กทรอนิกส์ เซอร์วิส,1/38,,ป0070,ชุด,ประปา,2026-09
4/9/2026,ปั๊มผลิต 300 g,"3,800.00",1,"3,800.00",เน็กวอเตอร์อิเล้กทรอนิกส์ เซอร์วิส,1/38,,ป0116,ตัว,ประปา,2026-09
4/9/2026,HIS 20 นิ้ว,"2,900.00",1,"2,900.00",เน็กวอเตอร์อิเล้กทรอนิกส์ เซอร์วิส,1/38,,ป0117,ตัว,ประปา,2026-09
7/9/2026,สารกรองน้ำ คาร์บอน,100.00,100,"10,000.00",เน็กวอเตอร์อิเล้กทรอนิกส์ เซอร์วิส,1/39,,ป0062,ชุด,ประปา,2026-09
7/9/2026,ไส้กรอง PP 20 นิ้ว,600.00,2,"1,200.00",เน็กวอเตอร์อิเล้กทรอนิกส์ เซอร์วิส,1/39,,ป0066,ชุด,ประปา,2026-09
7/9/2026,ไส้กรอง คาร์บอน ขนาด 20 นิ้ว,800.00,2,"1,600.00",เน็กวอเตอร์อิเล้กทรอนิกส์ เซอร์วิส,1/39,,ป0118,แท่ง,ประปา,2026-09
7/9/2026,ไส้กรอง เรซิ่น 20 นิ้ว,900.00,2,"1,800.00",เน็กวอเตอร์อิเล้กทรอนิกส์ เซอร์วิส,1/39,,ป0119,แท่ง,ประปา,2026-09
7/9/2026,ไส้กรอง R/0 ขนาด 10 นิ้ว,"1,680.00",1,"1,680.00",เน็กวอเตอร์อิเล้กทรอนิกส์ เซอร์วิส,1/39,,ป0067,ชุด,ประปา,2026-09
7/9/2026,ไส้กรองน้ำ (ไส้กรองเมนเบรน 150กรัม),"2,180.00",4,"8,720.00",เน็กวอเตอร์อิเล้กทรอนิกส์ เซอร์วิส,1/39,,ป0070,ชุด,ประปา,2026-09
7/9/2026,ไส้กรองน้ำ (ไส้กรองเมนเบรน 100กรัม),"1,800.00",1,"1,800.00",เน็กวอเตอร์อิเล้กทรอนิกส์ เซอร์วิส,1/39,,ป0120,แท่ง,ประปา,2026-09
7/9/2026,ไส้กรอง post 10 นิ้ว,850.00,1,850.00,เน็กวอเตอร์อิเล้กทรอนิกส์ เซอร์วิส,1/39,,ป0121,แท่ง,ประปา,2026-09
7/9/2026,น๊อต m6,100.00,3.15,315.00, บริษัท ศศิศรัณย์วัสดุก่อสร้าง จำกัด (สำนักงานใหญ่),INV-260806001,,ก0344,ชุด,วัสดุก่อสร้าง,2026-09
7/9/2026,รีเวท,35.00,2,70.00, บริษัท ศศิศรัณย์วัสดุก่อสร้าง จำกัด (สำนักงานใหญ่),INV-260806001,,ก0345,ถุง,วัสดุก่อสร้าง,2026-09
19/9/2026,น้ำยาล้างรถ (บรรจุ 20 ลิตร),845.30,2,"1,690.60",ห้างหุ้นส่วนจำกัด ปัญยวีร์ เทรดดิ้ง,690907,,ง0136,แกลลอน,งานบ้านงานครัว,2026-09
19/9/2026,น้ำยาขัดล้อดำ ,481.50,1,481.50,ห้างหุ้นส่วนจำกัด ปัญยวีร์ เทรดดิ้ง,690907,,ง0120,แกลลอน,งานบ้านงานครัว,2026-09
17/9/2026,ถุงขยะสีดำ ขนาด 28*36 นิ้ว,60.00,100,"6,000.00",หจก.ที.ซี.เอ็ม อินเตอร์เทรด(1997),IV69097410,,ง0070,แพ็ค,งานบ้านงานครัว,2026-09
17/9/2026,ถุงขยะสีแดง ขนาด 12*20 นิ้ว (พิมพ์ลาย),75.00,100,"7,500.00",หจก.ที.ซี.เอ็ม อินเตอร์เทรด(1997),IV69097410,,ง0072,แพ็ค,งานบ้านงานครัว,2026-09
10/9/2026,แก๊สหุงต้ม ขนาด 48 กก.,"1,370.00",4,"5,480.00",บริษัท ธนกาญจน์แก๊ส จำกัด,145/7205,,ง0023,ถัง,งานบ้านงานครัว,2026-09
17/9/2026,ถุงซิปใส ขนาด 6*8 ซม.,145.00,100,"14,500.00",หจก.ที.ซี.เอ็ม อินเตอร์เทรด(1997),IV69097411,,ย0006,กก.,วัสดุอื่น(ซองยา),2026-09
17/9/2026,ถุงซิปสีชา ขนาด 10*15 ซม.,162.00,100,"16,200.00",หจก.ที.ซี.เอ็ม อินเตอร์เทรด(1997),IV69097411,,ย0002,กก.,วัสดุอื่น(ซองยา),2026-09
17/9/2026,ถุงซิปใส ขนาด 13*20 ซม.,145.00,150,"21,750.00",หจก.ที.ซี.เอ็ม อินเตอร์เทรด(1997),IV69097411,,ย0004,กก.,วัสดุอื่น(ซองยา),2026-09
17/9/2026,ถุงซิปสีชา ขนาด 15*23 ซม.,162.00,50,"8,100.00",หจก.ที.ซี.เอ็ม อินเตอร์เทรด(1997),IV69097411,,ง0082,กก.,วัสดุอื่น(ซองยา),2026-09
23/9/2026,หมอนหนุน (PVC ขนาด 37*50/8),550.00,1,550.00,หจก.อักษรภัณฑ์กาญจนบุรี (สำนักงานใหญ่),065/3238,,ง0217,ใบ,งานบ้านงานครัว,2026-09
18/9/2026,ปลั๊กราง ยาว 3 เมตร,999.00,2,"1,998.00",บริษัท โฮม โปรดักส์ เซนเตอร์ จำกัด,002483,,ฟ0078,อัน,ไฟฟ้า,2026-09
18/9/2026,กล่องลิ้นชักใส่เอกสาร 3 - 7 ชั้น,279.00,3,837.00,บริษัท โฮม โปรดักส์ เซนเตอร์ จำกัด,2484,,ส0036,ใบ,สำนักงาน,2026-09
23/9/2026,ปลั๊กราง ยาว 3 เมตร,350.00,2,700.00,หจก.อักษรภัณฑ์กาญจนบุรี (สำนักงานใหญ่),065/3237,,ฟ0078,อัน,ไฟฟ้า,2026-09
23/9/2026,ปลั๊กราง ยาว 5 เมตร,395.00,6,"2,370.00",หจก.อักษรภัณฑ์กาญจนบุรี (สำนักงานใหญ่),065/3237,,ฟ0079,อัน,ไฟฟ้า,2026-09
23/9/2026,ปลั๊กราง ยาว 10 เมตร,495.00,3,"1,485.00",หจก.อักษรภัณฑ์กาญจนบุรี (สำนักงานใหญ่),065/3237,,ฟ0077,อัน,ไฟฟ้า,2026-09
24/9/2026,ผ้าเมตรสีต่างๆ,"1,650.00",1,"1,650.00",หจก.อักษรภัณฑ์กาญจนบุรี (สำนักงานใหญ่),065/3235,,ง0164,เมตร,งานบ้านงานครัว,2026-09
24/9/2026,ผ้าเมตรสีต่างๆ,129.00,20,"2,580.00",หจก.อักษรภัณฑ์กาญจนบุรี (สำนักงานใหญ่),065/3235,,ง0164,เมตร,งานบ้านงานครัว,2026-09
23/9/2026,เสื้อสะท้อนแสง,267.50,3,802.50,บริษัท เวนเนอร์ (ไทยแลนด์) จำกัด,KA6909002,,ง0255,ตัว,งานบ้านงานครัว,2026-09
16/9/2026,สายไมค์ วิทยุ,535.00,1,535.00,บริษัท เวนเนอร์ (ไทยแลนด์) จำกัด,KA6909001,,ฟ0177,เส้น,ไฟฟ้า,2026-09
24/9/2026,A-Dap ขาว,53.50,20,"1,070.00",บริษัท นรินทร์ วัสดุก่อสร้าง จำกัด,001/0001,,ก0346,หลอด,วัสดุก่อสร้าง,2026-09
24/9/2026,ซิลิโคน,107.00,1,107.00,บริษัท นรินทร์ วัสดุก่อสร้าง จำกัด,001/0001,,ก0071,หลอด,วัสดุก่อสร้าง,2026-09
24/9/2026,แปรงทาสี,64.20,2,128.40,บริษัท นรินทร์ วัสดุก่อสร้าง จำกัด,001/0001,,ก0157,อัน,วัสดุก่อสร้าง,2026-09
24/9/2026,สีน้ำมัน (ทุกสี),438.70,2,877.40,บริษัท นรินทร์ วัสดุก่อสร้าง จำกัด,001/0001,,ก0235,แกลลอน,วัสดุก่อสร้าง,2026-09
24/9/2026,นิปเปิ้ลเหล็ก,37.45,2,74.90,บริษัท นรินทร์ วัสดุก่อสร้าง จำกัด,001/0001,,ก0347,ตัว,วัสดุก่อสร้าง,2026-09
24/9/2026,ข้อลด 1 นิ้ว (ก่อสร้าง),10.70,1,10.70,บริษัท นรินทร์ วัสดุก่อสร้าง จำกัด,001/0001,,ก0348,ตัว,วัสดุก่อสร้าง,2026-09
23/9/2026,กระดาษ A5 80 แกรม (ใบสั่งยา),85.00,10,850.00,หจก.อักษรภัณฑ์กาญจนบุรี (สำนักงานใหญ่),065/3239,,ส0013,รีม,สำนักงาน,2026-09
23/9/2026,กระดาษ A4 80 แกรม (สีขาว),130.00,50,"6,500.00",หจก.อักษรภัณฑ์กาญจนบุรี (สำนักงานใหญ่),065/3239,,ส0009,รีม,สำนักงาน,2026-09
23/9/2026,กระดาษ A4 80 แกรม (ทุกสี),240.00,1,240.00,หจก.อักษรภัณฑ์กาญจนบุรี (สำนักงานใหญ่),065/3239,,ส0008,รีม,สำนักงาน,2026-09
23/9/2026,กระดาษ A4 180 แกรม (ทุกสี),135.00,12,"1,620.00",หจก.อักษรภัณฑ์กาญจนบุรี (สำนักงานใหญ่),065/3239,,ส0012,รีม,สำนักงาน,2026-09
23/9/2026,ไส้แฟ้มสอด A4,25.00,6,150.00,หจก.อักษรภัณฑ์กาญจนบุรี (สำนักงานใหญ่),065/3239,,ส0200,แพ็ค,สำนักงาน,2026-09
23/9/2026,กระดาษกาวย่น 1 นิ้ว,38.00,18,684.00,หจก.อักษรภัณฑ์กาญจนบุรี (สำนักงานใหญ่),065/3239,,ส0015,ม้วน,สำนักงาน,2026-09
23/9/2026,กระดาษกาวย่น 2 นิ้ว,70.00,5,350.00,หจก.อักษรภัณฑ์กาญจนบุรี (สำนักงานใหญ่),065/3239,,ส0016,ม้วน,สำนักงาน,2026-09
23/9/2026,กาวร้อน สนง.,20.00,2,40.00,หจก.อักษรภัณฑ์กาญจนบุรี (สำนักงานใหญ่),065/3239,,ส0049,ขวด,สำนักงาน,2026-09
23/9/2026,กาวตราช้าง,25.00,3,75.00,หจก.อักษรภัณฑ์กาญจนบุรี (สำนักงานใหญ่),065/3239,,ส0046,หลอด,สำนักงาน,2026-09
23/9/2026,มีดคัทเตอร์ เล็ก,35.00,1,35.00,หจก.อักษรภัณฑ์กาญจนบุรี (สำนักงานใหญ่),065/3239,,ส0161,เล่ม,สำนักงาน,2026-09
23/9/2026,มีดคัทเตอร์ ใหญ่,65.00,1,65.00,หจก.อักษรภัณฑ์กาญจนบุรี (สำนักงานใหญ่),065/3239,,ส0162,เล่ม,สำนักงาน,2026-09
23/9/2026,นาฬิกาแขวน,395.00,1,395.00,หจก.อักษรภัณฑ์กาญจนบุรี (สำนักงานใหญ่),065/3239,,ส0109,เรือน,สำนักงาน,2026-09
23/9/2026,ปืนยิงกาว,175.00,1,175.00,หจก.อักษรภัณฑ์กาญจนบุรี (สำนักงานใหญ่),065/3239,,ส0131,อัน,สำนักงาน,2026-09
23/9/2026,เทปใส 1 นิ้ว,44.00,14,616.00,หจก.อักษรภัณฑ์กาญจนบุรี (สำนักงานใหญ่),065/3239,,ส0095,ม้วน,สำนักงาน,2026-09
23/9/2026,เทปใส 2 นิ้ว,25.00,5,125.00,หจก.อักษรภัณฑ์กาญจนบุรี (สำนักงานใหญ่),065/3239,,ส0096,ม้วน,สำนักงาน,2026-09
23/9/2026,ลวดเสียบกระดาษ,12.00,12,144.00,หจก.อักษรภัณฑ์กาญจนบุรี (สำนักงานใหญ่),065/3239,,ส0171,กล่อง,สำนักงาน,2026-09
23/9/2026,ซองขาว,1.00,600,600.00,หจก.อักษรภัณฑ์กาญจนบุรี (สำนักงานใหญ่),065/3239,,ส0069,ซอง,สำนักงาน,2026-09
23/9/2026,แม็กซ์ เบอร์ 10,245.00,2,490.00,หจก.อักษรภัณฑ์กาญจนบุรี (สำนักงานใหญ่),065/3239,,ส0163,ตัว,สำนักงาน,2026-09
23/9/2026,ซองน้ำตาล A4 (ไม่ขยายข้าง),5.00,12,60.00,หจก.อักษรภัณฑ์กาญจนบุรี (สำนักงานใหญ่),065/3240,,ส0071,ซอง,สำนักงาน,2026-09
23/9/2026,"ปากกาเคมี 2 หัว ( ดำ,แดง,น้ำเงิน )",15.00,2,30.00,หจก.อักษรภัณฑ์กาญจนบุรี (สำนักงานใหญ่),065/3240,,ส0125,ด้าม,สำนักงาน,2026-09
23/9/2026,ปากกาลบคำผิดแบบเทป,59.00,8,472.00,หจก.อักษรภัณฑ์กาญจนบุรี (สำนักงานใหญ่),065/3240,,ส0127,อัน,สำนักงาน,2026-09
23/9/2026,กรรไกร,85.00,5,425.00,หจก.อักษรภัณฑ์กาญจนบุรี (สำนักงานใหญ่),065/3240,,ส0002,เล่ม,สำนักงาน,2026-09
23/9/2026,ฟิวเจอร์บอร์ด ขนาดกลาง,55.00,5,275.00,หจก.อักษรภัณฑ์กาญจนบุรี (สำนักงานใหญ่),065/3240,,ส0149,แผ่น,สำนักงาน,2026-09
23/9/2026,แลคซีน 2 นิ้ว,75.00,3,225.00,หจก.อักษรภัณฑ์กาญจนบุรี (สำนักงานใหญ่),065/3240,,ส0177,ม้วน,สำนักงาน,2026-09
23/9/2026,แท่นเทปใส (ใหญ่),125.00,1,125.00,หจก.อักษรภัณฑ์กาญจนบุรี (สำนักงานใหญ่),065/3240,,ส0100,อัน,สำนักงาน,2026-09
23/9/2026,สันรูด 7 มิล,7.00,12,84.00,หจก.อักษรภัณฑ์กาญจนบุรี (สำนักงานใหญ่),065/3240,,ส0195,อัน,สำนักงาน,2026-09
23/9/2026,สันรูด 10 มิล,10.00,12,120.00,หจก.อักษรภัณฑ์กาญจนบุรี (สำนักงานใหญ่),065/3240,,ส0219,อัน,สำนักงาน,2026-09
23/9/2026,กาวUHU,75.00,1,75.00,หจก.อักษรภัณฑ์กาญจนบุรี (สำนักงานใหญ่),065/3240,,ส0045,หลอด,สำนักงาน,2026-09
23/9/2026,พลาสติกเคลือบบัตร (A4),550.00,2,"1,100.00",หจก.อักษรภัณฑ์กาญจนบุรี (สำนักงานใหญ่),065/3240,,ส0140,แพ็ค,สำนักงาน,2026-09
23/9/2026,ที่ดึงลูกแม็กซ์,75.00,2,150.00,หจก.อักษรภัณฑ์กาญจนบุรี (สำนักงานใหญ่),065/3240,,ส0090,อัน,สำนักงาน,2026-09
23/9/2026,แฟ้มเสนอเซ็นต์,195.00,4,780.00,หจก.อักษรภัณฑ์กาญจนบุรี (สำนักงานใหญ่),065/3240,,ส0155,แฟ้ม,สำนักงาน,2026-09
23/9/2026,แม็กซ์เย็บกระดาษขนาดใหญ่,"2,550.00",1,"2,550.00",หจก.อักษรภัณฑ์กาญจนบุรี (สำนักงานใหญ่),065/3250,,ส0165,ตัว,สำนักงาน,2026-09
23/9/2026,ลูกแม็กซ์ 23/14,85.00,6,510.00,หจก.อักษรภัณฑ์กาญจนบุรี (สำนักงานใหญ่),065/3250,,ส0230,กล่อง,สำนักงาน,2026-09
23/9/2026,ลูกแม็กซ์ 23/24,135.00,6,810.00,หจก.อักษรภัณฑ์กาญจนบุรี (สำนักงานใหญ่),065/3250,,ส0231,กล่อง,สำนักงาน,2026-09
23/9/2026,"สเปรย์ฉีดแมลง,ยุง",105.00,2,210.00,วังโพธิ์พาณิชย์,5/63,,ง0206,กระป๋อง,งานบ้านงานครัว,2026-09
23/9/2026,สเปรย์ปรับอากาศ-ดับกลิ่น,135.00,6,810.00,วังโพธิ์พาณิชย์,5/63,,ง0207,กระป๋อง,งานบ้านงานครัว,2026-09
23/9/2026,ไฟฉายแบบชาร์จ,120.00,3,360.00,วังโพธิ์พาณิชย์,5/63,,ง0182,กระบอก,งานบ้านงานครัว,2026-09
23/9/2026,ผ้าถูพื้น,35.00,3,105.00,วังโพธิ์พาณิชย์,5/63,,ง0159,ผืน,งานบ้านงานครัว,2026-09
23/9/2026,ผงซักฟอก ,130.00,12,"1,560.00",วังโพธิ์พาณิชย์,5/63,,ง0148,ถุง,งานบ้านงานครัว,2026-09
23/9/2026,ไม้กวาดอ่อน,50.00,4,200.00,วังโพธิ์พาณิชย์,5/63,,ง0187,อัน,งานบ้านงานครัว,2026-09
23/9/2026,ถ่าน ขนาด AA (อัลคาไลน์),25.00,102,"2,550.00",วังโพธิ์พาณิชย์,5/63,,ง0064,ก้อน,งานบ้านงานครัว,2026-09
23/9/2026,ถ่าน C,60.00,6,360.00,วังโพธิ์พาณิชย์,5/63,,ง0062,ก้อน,งานบ้านงานครัว,2026-09
23/9/2026,เชือกฟาง,40.00,2,80.00,วังโพธิ์พาณิชย์,5/63,,ง0042,ม้วน,งานบ้านงานครัว,2026-09
23/9/2026,น้ำยาโซแนค,100.00,1,100.00,วังโพธิ์พาณิชย์,5/63,,ง0126,กระป๋อง,งานบ้านงานครัว,2026-09
23/9/2026,ถุงมือยางทำความสะอาด,35.00,5,175.00,วังโพธิ์พาณิชย์,5/63,,ง0093,คู่,งานบ้านงานครัว,2026-09
23/9/2026,ฟองน้ำพร้อมสก็อตไบรท์,20.00,18,360.00,วังโพธิ์พาณิชย์,5/62,,ง0179,แผ่น,งานบ้านงานครัว,2026-09
23/9/2026,สก็อตไบรท์,20.00,2,40.00,วังโพธิ์พาณิชย์,5/62,,ง0203,แผ่น,งานบ้านงานครัว,2026-09
23/9/2026,ฝอยเหล็ก,25.00,6,150.00,วังโพธิ์พาณิชย์,5/62,,ง0175,ก้อน,งานบ้านงานครัว,2026-09
23/9/2026,น้ำยาล้างจาน (บรรจุ 3.8 ลิตร),195.00,4,780.00,วังโพธิ์พาณิชย์,5/62,,ง0135,แกลลอน,งานบ้านงานครัว,2026-09
23/9/2026,เจลก้อนหอม,100.00,5,500.00,วังโพธิ์พาณิชย์,5/62,,ง0016,ก้อน,งานบ้านงานครัว,2026-09
23/9/2026,กาวดักหนู,55.00,2,110.00,วังโพธิ์พาณิชย์,5/62,,ง0019,ชิ้น,งานบ้านงานครัว,2026-09
23/9/2026,พรมเช็ดเท้า (พลาสติก),90.00,2,180.00,วังโพธิ์พาณิชย์,5/62,,ง0177,ผืน,งานบ้านงานครัว,2026-09
23/9/2026,ยางวง,100.00,1,100.00,วังโพธิ์พาณิชย์,5/62,,ง0197,ถุง,งานบ้านงานครัว,2026-09
23/9/2026,กล่องพลาสติกมีฝาปิด(มีล้อ) ขนาดใหญ่,185.00,1,185.00,วังโพธิ์พาณิชย์,5/62,,ง0011,ใบ,งานบ้านงานครัว,2026-09
24/9/2026,ดอกไม้ปลอม(สำนักงาน),209.00,12,"2,508.00",หจก.อักษรภัณฑ์กาญจนบุรี (สำนักงานใหญ่),065/3234,,ส0232,แพ็ค,สำนักงาน,2026-09
24/9/2026,รัดแยกพีอี,160.00,2,320.00,ร้านทรัพย์เกษตร,VO/2026-01835,,ป0122,อัน,ประปา,2026-09
24/9/2026,ข้อต่อตรงเกลียวนอก,120.00,2,240.00,ร้านทรัพย์เกษตร,VO/2026-01835,0,ป0010,ตัว,ประปา,2026-09
24/9/2026,เทปพันเกลียว (ปป),45.00,1,45.00,ร้านทรัพย์เกษตร,VO/2026-01835,,ป0114,อัน,ประปา,2026-09
23/9/2026,พวงมาลา,"1,500.00",1,"1,500.00",ร้านดอกไม้ลิลลี่,6/18,,ส0143,พวง,สำนักงาน,2026-09
30/9/2026,Smart Kit,"22,500.00",4,"90,000.00",ห้างหุ้นส่วนจำกัด ฟรีดอมเทค คอมพิวเตอร์,IV6907004,,ค0085,อััน,คอมพิวเตอร์,2026-09
17/9/2026,น้ำมันดีเซล,38.64,46.58,"1,800.00",บริษัท แอล อาร์ เซอร์วิส จำกัด,69/09-001,,ช0001,ลิตร,เชื้อเพลิง,2026-09
17/9/2026,น้ำมันดีเซล,39.40,449.53,"17,711.30",บริษัท แอล อาร์ เซอร์วิส จำกัด,69/09-001,,ช0001,ลิตร,เชื้อเพลิง,2026-09
17/9/2026,น้ำมันดีเซล,40.10,469.89,"18,842.30",บริษัท แอล อาร์ เซอร์วิส จำกัด,69/09-001,,ช0001,ลิตร,เชื้อเพลิง,2026-09
17/9/2026,น้ำมันดีเซล,40.95,267.17,"10,940.60",บริษัท แอล อาร์ เซอร์วิส จำกัด,69/09-001,,ช0001,ลิตร,เชื้อเพลิง,2026-09
17/9/2026,น้ำมันเบนซิน,40.20,40,"1,608.00",บริษัท แอล อาร์ เซอร์วิส จำกัด,69/09-001,,ช0002,ลิตร,เชื้อเพลิง,2026-09
25/9/2026,กระดาษชำระม้วนใหญ่,107.00,48,"5,136.00",ห้างหุ้นส่วนจำกัด พงษ์ไพบูลย์ ดิสทริบิวชั่น(สำนักงานใหญ่),IV0100238,,ง0007,ม้วน,งานบ้านงานครัว,2026-09
25/9/2026,สบู่เหลวล้างมือ (แบบขวด),192.60,6,"1,155.60",ห้างหุ้นส่วนจำกัด พงษ์ไพบูลย์ ดิสทริบิวชั่น(สำนักงานใหญ่),IV0100238,,ง0205,ขวด,งานบ้านงานครัว,2026-09
25/9/2026,แก้วกรวยกระดาษ,62.48,96,"5,998.08",ห้างหุ้นส่วนจำกัด พงษ์ไพบูลย์ ดิสทริบิวชั่น(สำนักงานใหญ่),IV0100238,,ง0020,แถว,งานบ้านงานครัว,2026-09
25/9/2026,แก้วกรวยกระดาษ,62.68,4,250.72,ห้างหุ้นส่วนจำกัด พงษ์ไพบูลย์ ดิสทริบิวชั่น(สำนักงานใหญ่),IV0100238,,ง0020,แถว,งานบ้านงานครัว,2026-09
30/9/2026,INK FOR BROTHER BTD 60 (Black),390.00,2,780.00,ร้าน FREEDOM TECH ,FDT2609004,,ค0011,ขวด,คอมพิวเตอร์,2026-09
30/9/2026,Canon GI-71 BK,550.00,3,"1,650.00",ร้าน FREEDOM TECH ,FDT2609004,,ค0081,ขวด,คอมพิวเตอร์,2026-09
30/9/2026,INK FOR EPSONC13T664100 BK,490.00,3,"1,470.00",ร้าน FREEDOM TECH ,FDT2609004,,ค0021,ขวด,คอมพิวเตอร์,2026-09
30/9/2026,หมึก HP GT53 BK,550.00,3,"1,650.00",ร้าน FREEDOM TECH ,FDT2609004,,ค0061,ขวด,คอมพิวเตอร์,2026-09
30/9/2026,หมึก CANON CLI-751 C,790.00,2,"1,580.00",ร้าน FREEDOM TECH ,FDT2609004,,ค0055,ขวด,คอมพิวเตอร์,2026-09
30/9/2026,หมึก CANON CLI-751 M,790.00,2,"1,580.00",ร้าน FREEDOM TECH ,FDT2609004,,ค0056,ขวด,คอมพิวเตอร์,2026-09
30/9/2026,หมึก CANON PGI-750 PGBK,890.00,2,"1,780.00",ร้าน FREEDOM TECH ,FDT2609004,,ค0053,ขวด,คอมพิวเตอร์,2026-09
30/9/2026,TONER HP 76A,"1,590.00",6,"9,540.00",ร้าน FREEDOM TECH ,FDT2609004,,ค0042,ตลับ,คอมพิวเตอร์,2026-09
30/9/2026,ใบนำส่งตรวจแล็บ,130.00,50,"6,500.00",หจก.ที.ซี.เอ็ม อินเตอร์เทรด(1997),IV690107435,,ส0208,เล่ม,สำนักงาน,2026-09
28/9/2026,รองเท้าบู๊ท,225.00,10,"2,250.00",บริษัท สยามโกลบอลเฮ้า จำกัด (มหาชน) สำนักงานใหญ่,GHKJSA03AIV-690928-0001,,ง0199,คู่,งานบ้านงานครัว,2026-09
28/9/2026,ถังน้ำ(น้ำดื่ม),229.00,2,458.00,บริษัท สยามโกลบอลเฮ้า จำกัด (มหาชน) สำนักงานใหญ่,GHKJSA03AIV-690928-0001,,ง0056,ใบ,งานบ้านงานครัว,2026-09
28/9/2026,เสื้อกันฝน,49.00,10,490.00,บริษัท สยามโกลบอลเฮ้า จำกัด (มหาชน) สำนักงานใหญ่,GHKJSA03AIV-690928-0001,,ง0211,ตัว,งานบ้านงานครัว,2026-09
28/9/2026,ขัน,39.00,6,234.00,บริษัท สยามโกลบอลเฮ้า จำกัด (มหาชน) สำนักงานใหญ่,GHKJSA03AIV-690928-0001,,ง0028,ใบ,งานบ้านงานครัว,2026-09
28/9/2026,ถังกลม 160 ลิตร,519.00,6,"3,114.00",บริษัท สยามโกลบอลเฮ้า จำกัด (มหาชน) สำนักงานใหญ่,GHKJSA03AIV-690928-0001,,ง0256,ถัง,งานบ้านงานครัว,2026-09
30/9/2026,น้ำยาทำความสะอาดพื้นผิว (บรรจุ 3.8 ลิตร),375.00,12,"4,500.00",บริษัท สยามยูเนี่ยนเคมีคอล จำกัด,SOSU6909040,,ง0128,แกลลอน,งานบ้านงานครัว,2026-09
1/9/2026,น้ำมันเบนซิน,37.95,80,"3,036.00",บริษัท แอล อาร์ เซอร์วิส จำกัด,69/08-002,,ช0002,ลิตร,เชื้อเพลิง,2026-09
1/9/2026,น้ำมันดีเซล,37.80,299.92,"11,337.10",บริษัท แอล อาร์ เซอร์วิส จำกัด,69/08-002,,ช0001,ลิตร,เชื้อเพลิง,2026-09
1/9/2026,น้ำมันดีเซล,38.65,100,"3,865.00",บริษัท แอล อาร์ เซอร์วิส จำกัด,69/08-002,,ช0001,ลิตร,เชื้อเพลิง,2026-09
1/9/2026,น้ำมันดีเซล,37.65,135.47,"5,100.50",บริษัท แอล อาร์ เซอร์วิส จำกัด,69/08-002,,ช0001,ลิตร,เชื้อเพลิง,2026-09
1/9/2026,น้ำมันดีเซล,38.65,1071.89,"41,428.40",บริษัท แอล อาร์ เซอร์วิส จำกัด,69/08-002,,ช0001,ลิตร,เชื้อเพลิง,2026-09
30/9/2026,น้ำมันดีเซล,40.95,413,"16,912.30",บริษัท แอล อาร์ เซอร์วิส จำกัด,69/09-002,,ช0001,ลิตร,เชื้อเพลิง,2026-09
30/9/2026,น้ำมันดีเซล,41.70,748.57,"31,215.30",บริษัท แอล อาร์ เซอร์วิส จำกัด,69/09-002,,ช0001,ลิตร,เชื้อเพลิง,2026-09