 ,รายการ,ราคา,จำนวนที่จ่าย,มูลค่ารวม,หน่วยงานที่เบิก,เลขที่เอกสาร,หมายเหตุ,รหัสสินค้า,หน่วยนับ,กลุ่มสินค้า,ปี-เดือน
31/10/2025,ผงซักฟอก ,175.00,5,875.00,กลุ่มงานบริหารทั่วไป (แม่บ้าน),24,-,ง0148,ถุง,งานบ้านงานครัว,2025-10
31/10/2025,สบู่เหลวล้างมือ (บรรจุ 3.8 ลิตร),321.00,4,"1,284.00",กลุ่มงานบริหารทั่วไป (แม่บ้าน),24,-,ง0204,แกลลอน,งานบ้านงานครัว,2025-10
31/10/2025,น้ำยาล้างห้องน้ำ (บรรจุ 3.8 ลิตร),321.00,4,"1,284.00",กลุ่มงานบริหารทั่วไป (แม่บ้าน),24,-,ง0138,แกลลอน,งานบ้านงานครัว,2025-10
31/10/2025,น้ำยาขจัดกลิ่นฆ่าเชื้อเอนกประสงค์ (บรรจุ 3.8 ลิตร),406.60,2,813.20,กลุ่มงานบริหารทั่วไป (แม่บ้าน),24,-,ง0116,แกลลอน,งานบ้านงานครัว,2025-10
31/10/2025,รองเท้าบู๊ท,200.00,2,400.00,กลุ่มงานบริหารทั่วไป (แม่บ้าน),24,-,ง0199,คู่,งานบ้านงานครัว,2025-10
31/10/2025,แก้วกรวยกระดาษ,62.48,25,"1,562.00",กลุ่มงานบริหารทั่วไป (แม่บ้าน),24,-,ง0020,แถว,งานบ้านงานครัว,2025-10
31/10/2025,เชือกฟาง,40.00,5,200.00,กลุ่มงานบริหารทั่วไป (แม่บ้าน),24,-,ง0042,ม้วน,งานบ้านงานครัว,2025-10
31/10/2025,ผ้าถูพื้น,45.00,3,135.00,กลุ่มงานบริหารทั่วไป (แม่บ้าน),24,-,ง0159,ผืน,งานบ้านงานครัว,2025-10
31/10/2025,กระดาษ A4 80 แกรม (สีขาว),130.00,5,650.00,กลุ่มงานบริการด้านปฐมภูมิและองค์รวม,12,-,ส0009,รีม,สำนักงาน,2025-10
31/10/2025,กาว 2 หน้า หนา,275.00,3,825.00,กลุ่มงานบริการด้านปฐมภูมิและองค์รวม,12,-,ส0044,ม้วน,สำนักงาน,2025-10
31/10/2025,กาว 2 หน้า บาง,20.00,2,40.00,กลุ่มงานบริการด้านปฐมภูมิและองค์รวม,12,-,ส0043,ม้วน,สำนักงาน,2025-10
31/10/2025,เทปใส 3/4 นิ้ว,30.00,4,120.00,กลุ่มงานบริการด้านปฐมภูมิและองค์รวม,12,-,ส0097,ม้วน,สำนักงาน,2025-10
31/10/2025,ถุงขยะสีดำ ขนาด 28*36 นิ้ว,60.00,10,600.00,กลุ่มงานบริการด้านปฐมภูมิและองค์รวม,22,-,ง0070,แพ็ค,งานบ้านงานครัว,2025-10
31/10/2025,ถุงขยะสีแดง ขนาด 12*20 นิ้ว (พิมพ์ลาย),75.00,10,750.00,กลุ่มงานบริการด้านปฐมภูมิและองค์รวม,22,-,ง0072,แพ็ค,งานบ้านงานครัว,2025-10
31/10/2025,ไม้กวาดอ่อน,50.00,2,100.00,กลุ่มงานบริการด้านปฐมภูมิและองค์รวม,22,-,ง0187,อัน,งานบ้านงานครัว,2025-10
31/10/2025,ไม้บรรทัด (เหล็กยาว 1 ฟุต),32.00,1,32.00,กลุ่มงานจิตเวชและยาเสพติด,34,-,ส0167,อัน,สำนักงาน,2025-10
31/10/2025,กาวUHU,75.00,1,75.00,กลุ่มงานจิตเวชและยาเสพติด,34,-,ส0045,หลอด,สำนักงาน,2025-10
31/10/2025,แลคซีน 1 นิ้ว,38.00,1,38.00,กลุ่มงานจิตเวชและยาเสพติด,34,-,ส0178,ม้วน,สำนักงาน,2025-10
31/10/2025,แลคซีน 2 นิ้ว,75.00,1,75.00,กลุ่มงานจิตเวชและยาเสพติด,34,-,ส0177,ม้วน,สำนักงาน,2025-10
31/10/2025,กาว 2 หน้า หนา,275.00,1,275.00,กลุ่มงานจิตเวชและยาเสพติด,34,-,ส0044,ม้วน,สำนักงาน,2025-10
31/10/2025,"ปากกาไวท์บอร์ด ( ดำ,แดง,น้ำเงิน )",22.00,4,88.00,กลุ่มงานจิตเวชและยาเสพติด,34,-,ส0128,ด้าม,สำนักงาน,2025-10
31/10/2025,กระดานไวท์บอร์ด (60*90 ซม.),375.00,1,375.00,กลุ่มงานจิตเวชและยาเสพติด,34,-,ส0007,อัน,สำนักงาน,2025-10
31/10/2025,สมุดเบอร์ 2,40.00,3,120.00,กลุ่มงานจิตเวชและยาเสพติด,33,-,ส0191,เล่ม,สำนักงาน,2025-10
31/10/2025,ซองขาว,1.00,12,12.00,กลุ่มงานจิตเวชและยาเสพติด,33,-,ส0069,ซอง,สำนักงาน,2025-10
31/10/2025,แปรงลบกระดาน,20.00,1,20.00,กลุ่มงานจิตเวชและยาเสพติด,33,-,ส0132,อัน,สำนักงาน,2025-10
31/10/2025,ซองน้ำตาล A4 (ไม่ขยายข้าง),5.00,12,60.00,กลุ่มงานจิตเวชและยาเสพติด,33,-,ส0071,ซอง,สำนักงาน,2025-10
31/10/2025,ซองน้ำตาล A4 (ขยายข้าง),5.00,12,60.00,กลุ่มงานจิตเวชและยาเสพติด,33,-,ส0070,ซอง,สำนักงาน,2025-10
31/10/2025,แผ่นรองตัด A3 สีเขียว,195.00,1,195.00,กลุ่มงานจิตเวชและยาเสพติด,33,-,ส0134,แผ่น,สำนักงาน,2025-10
31/10/2025,ถังขยะชนิดเหยียบ ขนาด 18 ลิตร,350.00,1,350.00,กลุ่มงานจิตเวชและยาเสพติด,36,-,ง0053,ใบ,งานบ้านงานครัว,2025-10
31/10/2025,"สเปรย์ฉีดแมลง,ยุง",109.00,1,109.00,กลุ่มงานจิตเวชและยาเสพติด,36,-,ง0206,กระป๋อง,งานบ้านงานครัว,2025-10
31/10/2025,สเปรย์ปรับอากาศ-ดับกลิ่น,125.00,1,125.00,กลุ่มงานจิตเวชและยาเสพติด,36,-,ง0207,กระป๋อง,งานบ้านงานครัว,2025-10
31/10/2025,รองเท้าฟองน้ำ,80.00,1,80.00,กลุ่มงานจิตเวชและยาเสพติด,36,-,ง0200,คู่,งานบ้านงานครัว,2025-10
31/10/2025,พรมเช็ดเท้า (ผ้า),35.00,2,70.00,กลุ่มงานจิตเวชและยาเสพติด,36,-,ง0176,ผืน,งานบ้านงานครัว,2025-10
31/10/2025,นาฬิกาแขวน,395.00,1,395.00,กลุ่มงานจิตเวชและยาเสพติด,35,-,ส0109,เรือน,สำนักงาน,2025-10
31/10/2025,ไม้บรรทัด (เหล็กยาว 1 ฟุต),32.00,1,32.00,กลุ่มงานการพยาบาล,13,-,ส0167,อัน,สำนักงาน,2025-10
31/10/2025,กาว 2 หน้า หนา,275.00,2,550.00,กลุ่มงานการพยาบาล,13,-,ส0044,ม้วน,สำนักงาน,2025-10
31/10/2025,ไส้แฟ้มสอด A4,25.00,3,75.00,กลุ่มงานการพยาบาล,13,-,ส0200,แพ็ค,สำนักงาน,2025-10
31/10/2025,ลูกแม็กซ์ เบอร์ 3,25.00,2,50.00,กลุ่มงานการพยาบาล,13,-,ส0174,กล่อง,สำนักงาน,2025-10
31/10/2025,ยางลบ,6.00,2,12.00,กลุ่มงานการพยาบาล,13,-,ส0168,ก้อน,สำนักงาน,2025-10
31/10/2025,ปากกาลบคำผิดแบบเทป,59.00,2,118.00,กลุ่มงานการพยาบาล,13,-,ส0127,อัน,สำนักงาน,2025-10
31/10/2025,แลคซีน 1 นิ้ว,38.00,1,38.00,กลุ่มงานการพยาบาล,13,-,ส0178,ม้วน,สำนักงาน,2025-10
31/10/2025,ถ่าน ขนาด AA (อัลคาไลน์),25.00,6,150.00,กลุ่มงานการพยาบาล,20,-,ง0064,ก้อน,งานบ้านงานครัว,2025-10
31/10/2025,กล่องพลาสติกมีฝาปิด(มีล้อ) ขนาดใหญ่,320.00,2,640.00,กลุ่มงานการพยาบาล,20,-,ง0011,ใบ,งานบ้านงานครัว,2025-10
31/10/2025,กล่องพลาสติกมีฝาปิด(มีล้อ) ขนาดเล็ก,200.00,3,600.00,กลุ่มงานการพยาบาล,20,-,ง0010,ใบ,งานบ้านงานครัว,2025-10
31/10/2025,"สเปรย์ฉีดแมลง,ยุง",109.00,1,109.00,กลุ่มงานการพยาบาล,20,-,ง0206,กระป๋อง,งานบ้านงานครัว,2025-10
31/10/2025,ไฟฉายแบบชาร์จ,175.00,2,350.00,กลุ่มงานการพยาบาล,20,-,ง0182,กระบอก,งานบ้านงานครัว,2025-10
31/10/2025,กระดาษ A4 80 แกรม (สีขาว),130.00,5,650.00,กลุ่มงานเทคนิคการแพทย์,32,-,ส0009,รีม,สำนักงาน,2025-10
31/10/2025,กาว 2 หน้า หนา,275.00,1,275.00,กลุ่มงานเทคนิคการแพทย์,32,-,ส0044,ม้วน,สำนักงาน,2025-10
31/10/2025,สมุดเบอร์ 2,40.00,5,200.00,กลุ่มงานเทคนิคการแพทย์,32,-,ส0191,เล่ม,สำนักงาน,2025-10
31/10/2025,แลคซีน 2 นิ้ว,75.00,2,150.00,กลุ่มงานเทคนิคการแพทย์,32,-,ส0177,ม้วน,สำนักงาน,2025-10
31/10/2025,กระดาษ A4 80 แกรม (สีขาว),130.00,5,650.00,กลุ่มงานเทคนิคการแพทย์,15,-,ส0009,รีม,สำนักงาน,2025-10
31/10/2025,กาว 2 หน้า หนา,275.00,1,275.00,กลุ่มงานเทคนิคการแพทย์,15,-,ส0044,ม้วน,สำนักงาน,2025-10
31/10/2025,กระดาษเช็ดมือ,62.02,2,124.04,กลุ่มงานเทคนิคการแพทย์,27,,ง0008,ห่อ,งานบ้านงานครัว,2025-10
31/10/2025,กระดาษเช็ดมือ,61.97,8,495.76,กลุ่มงานเทคนิคการแพทย์,27,,ง0008,ห่อ,งานบ้านงานครัว,2025-10
31/10/2025,ถ่าน ขนาด AA (อัลคาไลน์),25.00,5,125.00,กลุ่มงานเทคนิคการแพทย์,27,,ง0064,ก้อน,งานบ้านงานครัว,2025-10
31/10/2025,ถ่าน ขนาด AAA (อัลคาไลน์),25.00,5,125.00,กลุ่มงานเทคนิคการแพทย์,27,,ง0065,ก้อน,งานบ้านงานครัว,2025-10
31/10/2025,สบู่เหลวล้างมือ (บรรจุ 3.8 ลิตร),321.00,2,642.00,กลุ่มงานเทคนิคการแพทย์,27,,ง0204,แกลลอน,งานบ้านงานครัว,2025-10
31/10/2025,เจลก้อนหอม,100.00,6,600.00,กลุ่มงานเทคนิคการแพทย์,27,,ง0016,ก้อน,งานบ้านงานครัว,2025-10
31/10/2025,กระดาษเช็ดมือ,61.97,5,309.85,งานการพยาบาลผู้คลอด,25,,ง0008,ห่อ,งานบ้านงานครัว,2025-10
31/10/2025,ถุงขยะสีดำ ขนาด 16*19 นิ้ว,60.00,10,600.00,งานการพยาบาลผู้คลอด,25,,ง0069,แพ็ค,งานบ้านงานครัว,2025-10
31/10/2025,ถุงขยะสีแดง ขนาด 12*20 นิ้ว (พิมพ์ลาย),75.00,10,750.00,งานการพยาบาลผู้คลอด,25,,ง0072,แพ็ค,งานบ้านงานครัว,2025-10
31/10/2025,แฟ้มห่วง 2 นิ้ว,75.00,2,150.00,งานการพยาบาลผู้ป่วยใน,14,,ส0157,แฟ้ม,สำนักงาน,2025-10
31/10/2025,กระดาษ A4 80 แกรม (สีขาว),130.00,20,"2,600.00",งานการพยาบาลผู้ป่วยใน,10,,ส0009,รีม,สำนักงาน,2025-10
31/10/2025,เทปใส 3/4 นิ้ว,30.00,11,330.00,งานการพยาบาลผู้ป่วยใน,10,,ส0097,ม้วน,สำนักงาน,2025-10
31/10/2025,"ปากกาไวท์บอร์ด ( ดำ,แดง,น้ำเงิน )",22.00,12,264.00,งานการพยาบาลผู้ป่วยใน,10,,ส0128,ด้าม,สำนักงาน,2025-10
31/10/2025,"ปากกาเคมี 2 หัว ( ดำ,แดง,น้ำเงิน )",15.00,6,90.00,งานการพยาบาลผู้ป่วยใน,10,,ส0125,ด้าม,สำนักงาน,2025-10
31/10/2025,ซองขาว,1.00,50,50.00,งานการพยาบาลผู้ป่วยใน,10,,ส0069,ซอง,สำนักงาน,2025-10
31/10/2025,แลคซีน 1.5 นิ้ว,55.00,3,165.00,งานการพยาบาลผู้ป่วยใน,10,,ส0176,ม้วน,สำนักงาน,2025-10
31/10/2025,มีดคัทเตอร์ ใหญ่,65.00,1,65.00,งานการพยาบาลผู้ป่วยใน,10,,ส0162,เล่ม,สำนักงาน,2025-10
31/10/2025,โพสอิท (สติ๊กเกอร์โน๊ต) ชิ้นเล็ก ๆ,39.00,5,195.00,งานการพยาบาลผู้ป่วยใน,10,,ส0146,แพ็ค,สำนักงาน,2025-10
31/10/2025,ปากกาลบคำผิดแบบเทป,59.00,3,177.00,งานการพยาบาลผู้ป่วยใน,11,,ส0127,อัน,สำนักงาน,2025-10
31/10/2025,"สติ๊กเกอร์ชื่อ(30,000ดวง/2,000 ต่อลัง)",4000.00,1,"4,000.00",งานการพยาบาลผู้ป่วยใน,11,,ส0181,ลัง,สำนักงาน,2025-10
31/10/2025,ฟอร์มปรอท (ใหม่),2.14,"1,000","2,140.00",งานการพยาบาลผู้ป่วยใน,11,,ส0148,แผ่น,สำนักงาน,2025-10
31/10/2025,ใบ Copy Order 22*29.5 ซม.,2100.00,1,"2,100.00",งานการพยาบาลผู้ป่วยใน,11,,ส0113,ชุด,สำนักงาน,2025-10
31/10/2025,กระดาษ A4 80 แกรม (ทุกสี),240.00,1,240.00,งานการพยาบาลผู้ป่วยใน,11,,ส0008,รีม,สำนักงาน,2025-10
31/10/2025,สมุดลงเวลาปฏิบัติงาน,95.00,6,570.00,งานการพยาบาลผู้ป่วยใน,11,,ส0193,เล่ม,สำนักงาน,2025-10
31/10/2025,ถ่าน ขนาด AAA (อัลคาไลน์),25.00,60,"1,500.00",งานการพยาบาลผู้ป่วยใน,21,,ง0065,ก้อน,งานบ้านงานครัว,2025-10
31/10/2025,ถ่าน ขนาด AA (อัลคาไลน์),25.00,80,"2,000.00",งานการพยาบาลผู้ป่วยใน,21,,ง0064,ก้อน,งานบ้านงานครัว,2025-10
31/10/2025,น้ำยาขจัดกลิ่นฆ่าเชื้อเอนกประสงค์ (บรรจุ 3.8 ลิตร),406.60,4,"1,626.40",งานการพยาบาลผู้ป่วยใน,21,,ง0116,แกลลอน,งานบ้านงานครัว,2025-10
31/10/2025,น้ำยาล้างจาน (บรรจุ 3.8 ลิตร),195.00,2,390.00,งานการพยาบาลผู้ป่วยใน,21,,ง0135,แกลลอน,งานบ้านงานครัว,2025-10
31/10/2025,ฟองน้ำพร้อมสก็อตไบรท์,20.00,12,240.00,งานการพยาบาลผู้ป่วยใน,21,,ง0179,แผ่น,งานบ้านงานครัว,2025-10
31/10/2025,นาฬิกาแขวน,395.00,1,395.00,งานการพยาบาลผู้ป่วยใน,6,,ส0109,เรือน,สำนักงาน,2025-10
31/10/2025,กระดาษเช็ดมือ,61.97,24,"1,487.28",งานการพยาบาลผู้ป่วยใน,23,,ง0008,ห่อ,งานบ้านงานครัว,2025-10
31/10/2025,ถุงขยะสีดำ ขนาด 16*19 นิ้ว,60.00,5,300.00,ห้องบัตร,16,,ง0069,แพ็ค,งานบ้านงานครัว,2025-10
31/10/2025,กระดาษเช็ดมือ,61.97,4,247.88,ห้องบัตร,16,,ง0008,ห่อ,งานบ้านงานครัว,2025-10
31/10/2025,สเปรย์ปรับอากาศ-ดับกลิ่น,125.00,2,250.00,ห้องบัตร,16,,ง0207,กระป๋อง,งานบ้านงานครัว,2025-10
31/10/2025,ที่ดึงลูกแม็กซ์,75.00,2,150.00,ห้องบัตร,7,,ส0090,อัน,สำนักงาน,2025-10
31/10/2025,ลูกแม็กซ์ เบอร์ 3,25.00,5,125.00,ห้องบัตร,7,,ส0174,กล่อง,สำนักงาน,2025-10
31/10/2025,ลูกแมกซ์ T-10,50.00,3,150.00,ห้องบัตร,7,,ส0175,กล่อง,สำนักงาน,2025-10
31/10/2025,ลูกแม็กซ์ 23/8,55.00,2,110.00,ห้องบัตร,7,,ส0211,กล่อง,สำนักงาน,2025-10
31/10/2025,ซองน้ำตาล A4 (ไม่ขยายข้าง),5.00,24,120.00,ห้องบัตร,7,,ส0071,ซอง,สำนักงาน,2025-10
31/10/2025,"ปากกาเคมี 2 หัว ( ดำ,แดง,น้ำเงิน )",15.00,1,15.00,ห้องบัตร,7,,ส0125,ด้าม,สำนักงาน,2025-10
31/10/2025,กรรไกร,85.00,2,170.00,ห้องบัตร,8,,ส0002,เล่ม,สำนักงาน,2025-10
31/10/2025,กาวUHU,75.00,1,75.00,ห้องบัตร,8,,ส0045,หลอด,สำนักงาน,2025-10
31/10/2025,ยางลบ,6.00,2,12.00,ห้องบัตร,8,,ส0168,ก้อน,สำนักงาน,2025-10
31/10/2025,มีดคัทเตอร์ ใหญ่,65.00,1,65.00,ห้องบัตร,8,,ส0162,เล่ม,สำนักงาน,2025-10
31/10/2025,ปากกาลบคำผิดแบบเทป,59.00,2,118.00,ห้องบัตร,8,,ส0127,อัน,สำนักงาน,2025-10
31/10/2025,สมุดเบอร์ 2,40.00,2,80.00,งานการพยาบาลผู้ป่วยอุบัติเหตุฉุกเฉินและนิติเวช,9,,ส0191,เล่ม,สำนักงาน,2025-10
31/10/2025,กระดาษ A4 80 แกรม (สีขาว),130.00,15,"1,950.00",งานการพยาบาลผู้ป่วยอุบัติเหตุฉุกเฉินและนิติเวช,9,,ส0009,รีม,สำนักงาน,2025-10
31/10/2025,กระดาษ A4 80 แกรม (ทุกสี),240.00,2,480.00,งานการพยาบาลผู้ป่วยอุบัติเหตุฉุกเฉินและนิติเวช,9,,ส0008,รีม,สำนักงาน,2025-10
31/10/2025,กระดาษ A5 80 แกรม (ใบสั่งยา),85.00,4,340.00,งานการพยาบาลผู้ป่วยอุบัติเหตุฉุกเฉินและนิติเวช,9,,ส0013,รีม,สำนักงาน,2025-10
31/10/2025,ซองขาว,1.00,100,100.00,งานการพยาบาลผู้ป่วยอุบัติเหตุฉุกเฉินและนิติเวช,9,,ส0069,ซอง,สำนักงาน,2025-10
31/10/2025,ลูกแม็กซ์ เบอร์ 10,15.00,24,360.00,งานการพยาบาลผู้ป่วยอุบัติเหตุฉุกเฉินและนิติเวช,9,,ส0173,กล่อง,สำนักงาน,2025-10
31/10/2025,กระดาษกาวย่น 1 นิ้ว,38.00,2,76.00,งานการพยาบาลผู้ป่วยอุบัติเหตุฉุกเฉินและนิติเวช,9,,ส0015,ม้วน,สำนักงาน,2025-10
31/10/2025,กระดาษสติ๊กเกอร์ A4,145.00,1,145.00,งานการพยาบาลผู้ป่วยอุบัติเหตุฉุกเฉินและนิติเวช,9,,ส0030,แพ็ค,สำนักงาน,2025-10
31/10/2025,ปากกาลบคำผิดแบบเทป,59.00,2,118.00,งานการพยาบาลผู้ป่วยอุบัติเหตุฉุกเฉินและนิติเวช,9,,ส0127,อัน,สำนักงาน,2025-10
31/10/2025,ซองน้ำตาล A4 (ไม่ขยายข้าง),5.00,10,50.00,งานการพยาบาลผู้ป่วยอุบัติเหตุฉุกเฉินและนิติเวช,9,,ส0071,ซอง,สำนักงาน,2025-10
31/10/2025,ถุงขยะสีดำ ขนาด 28*36 นิ้ว,60.00,10,600.00,งานการพยาบาลผู้ป่วยอุบัติเหตุฉุกเฉินและนิติเวช,17,,ง0070,แพ็ค,งานบ้านงานครัว,2025-10
31/10/2025,ถุงหูหิ้วสีขาว ขนาด 12*20 นิ้ว,70.00,5,350.00,งานการพยาบาลผู้ป่วยอุบัติเหตุฉุกเฉินและนิติเวช,17,,ง0102,แพ็ค,งานบ้านงานครัว,2025-10
31/10/2025,ถุงขยะสีแดง ขนาด 16*28 นิ้ว (พิมพ์ลาย),80.00,10,800.00,งานการพยาบาลผู้ป่วยอุบัติเหตุฉุกเฉินและนิติเวช,17,,ง0074,แพ็ค,งานบ้านงานครัว,2025-10
31/10/2025,ถุงขยะสีแดง ขนาด 9*12 นิ้ว,80.00,5,400.00,งานการพยาบาลผู้ป่วยอุบัติเหตุฉุกเฉินและนิติเวช,17,,ง0078,แพ็ค,งานบ้านงานครัว,2025-10
31/10/2025,ถ่าน ขนาด AA (อัลคาไลน์),25.00,30,750.00,งานการพยาบาลผู้ป่วยอุบัติเหตุฉุกเฉินและนิติเวช,17,,ง0064,ก้อน,งานบ้านงานครัว,2025-10
31/10/2025,สบู่เหลวล้างมือ (บรรจุ 3.8 ลิตร),321.00,1,321.00,งานการพยาบาลผู้ป่วยอุบัติเหตุฉุกเฉินและนิติเวช,19,,ง0204,แกลลอน,งานบ้านงานครัว,2025-10
31/10/2025,ปลั๊กราง ยาว 10 เมตร,495.00,2,990.00,งานการพยาบาลผู้ป่วยอุบัติเหตุฉุกเฉินและนิติเวช,28,,ฟ0077,อัน,ไฟฟ้า,2025-10
31/10/2025,ถ่าน ขนาด AA (อัลคาไลน์),25.00,40,"1,000.00",งานการพยาบาลผู้ป่วยนอก,26,,ง0064,ก้อน,งานบ้านงานครัว,2025-10
31/10/2025,กระดาษเช็ดมือ,61.97,1,61.97,งานการพยาบาลผู้ป่วยนอก,26,,ง0008,ห่อ,งานบ้านงานครัว,2025-10
31/10/2025,สเปรย์ปรับอากาศ-ดับกลิ่น,125.00,2,250.00,งานการพยาบาลผู้ป่วยนอก,26,,ง0207,กระป๋อง,งานบ้านงานครัว,2025-10
31/10/2025,ถุงขยะสีแดง ขนาด 9*12 นิ้ว,80.00,5,400.00,งานการพยาบาลผู้ป่วยนอก,26,,ง0078,แพ็ค,งานบ้านงานครัว,2025-10
1/10/2025,TONER HP 85A,790.00,1,790.00,กลุ่มงานการพยาบาล,1,,ค0038,ตลับ,คอมพิวเตอร์,2025-10
9/10/2025,INK FOR EPSON T00V100(003) (BK),390.00,1,390.00,กลุ่มงานประกันสุขภาพยุทธศาสตร์,3,,ค0017,ขวด,คอมพิวเตอร์,2025-10
9/10/2025,TONER HP 30 A,1250.00,1,"1,250.00",กลุ่มงานประกันสุขภาพยุทธศาสตร์,3,,ค0041,ตลับ,คอมพิวเตอร์,2025-10
8/10/2025,INK FOR CANON GI 790 (BK),390.00,1,390.00,กลุ่มงานการพยาบาล,2,,ค0012,ขวด,คอมพิวเตอร์,2025-10
8/10/2025,หมึก HP GT53 BK,390.00,2,780.00,กลุ่มงานการพยาบาล,2,,ค0061,ขวด,คอมพิวเตอร์,2025-10
9/10/2025,หมึก CANON CLI-751 M,790.00,1,790.00,กลุ่มงานบริหารทั่วไป,4,,ค0056,ขวด,คอมพิวเตอร์,2025-10
9/10/2025,หมึก CANON CLI-751 Y,790.00,1,790.00,กลุ่มงานบริหารทั่วไป,4,,ค0057,ขวด,คอมพิวเตอร์,2025-10
9/10/2025,หมึก CANON PGI-750 PGBK,890.00,1,890.00,กลุ่มงานบริหารทั่วไป,4,,ค0053,ขวด,คอมพิวเตอร์,2025-10
22/10/2025,TONER Brother TN-2460/2480,890.00,1,890.00,งานการพยาบาลผู้ป่วยอุบัติเหตุฉุกเฉินและนิติเวช,41,,ค0036,ชิ้น,คอมพิวเตอร์,2025-10
21/10/2025,TONER LASER 83A,790.00,1,790.00,กลุ่มงานเทคนิคการแพทย์,42,,ค0044,ตลับ,คอมพิวเตอร์,2025-10
21/10/2025,Toner Canon 325,750.00,1,750.00,กลุ่มงานเทคนิคการแพทย์,42,,ค0037,ชิ้น,คอมพิวเตอร์,2025-10
9/10/2025,หมึก HP GT53 BK,390.00,1,390.00,กลุ่มงานบริหารทั่วไป,5,,ค0061,ขวด,คอมพิวเตอร์,2025-10
29/10/2025,Keybord (แป้นพิมพ์),390.00,1,390.00,กลุ่มงานบริการด้านปฐมภูมิและองค์รวม,40,,ค0025,ชิ้น,คอมพิวเตอร์,2025-10
29/10/2025,Smart Card Reader W/USB Cable,1490.00,1,"1,490.00",กลุ่มงานบริการด้านปฐมภูมิและองค์รวม,40,,ค0033,ชิ้น,คอมพิวเตอร์,2025-10
27/10/2025,หมึก CANON CLI-751 C,790.00,1,790.00,กลุ่มงานบริหารทั่วไป,38,,ค0055,ขวด,คอมพิวเตอร์,2025-10
27/10/2025,TONER LASER 83A,790.00,1,790.00,กลุ่มงานการพยาบาล,37,,ค0044,ตลับ,คอมพิวเตอร์,2025-10
17/10/2025,น้ำมันดีเซล,31.77,"1,140.38","36,230.00",กลุ่มงานบริหารทั่วไป (ยานพาหนะ),43,,ช0001,ลิตร,เชื้อเพลิง,2025-10
20/10/2025,แก๊สหุงต้ม ขนาด 48 กก.,1356.00,4,"5,424.00",งานการพยาบาลหน่วยควบคุมการติดเชื้อและงานจ่ายกลาง,44,,ง0023,ถัง,งานบ้านงานครัว,2025-10
31/10/2025,ใบมีดคัตเตอร์,25.00,1,25.00,กลุ่มงานบริหารทั่วไป (ซ่อมบำรุง),45,,ก0128,ใบ,วัสดุก่อสร้าง,2025-10
31/10/2025,ถุงซิปใส ขนาด 15*23 ซม.,150.00,15,"2,250.00",กลุ่มงานเภสัชกรรมและคุ้มครองผู้บริโภค,46,,ย0005,กก.,วัสดุอื่น(ซองยา),2025-10
31/10/2025,น้ำยาปรับผ้านุ่ม (บรรจุ 20 ลิตร),609.90,5,"3,049.50",งานการพยาบาลหน่วยควบคุมการติดเชื้อและงานจ่ายกลาง,46,,ง0129,ถัง,งานบ้านงานครัว,2025-10
31/10/2025,น้ำยาซักผ้าขาวและผ้าสี (บรรจุ 20 ลิตร),1872.50,3,"5,617.50",งานการพยาบาลหน่วยควบคุมการติดเชื้อและงานจ่ายกลาง,46,,ง0131,ถัง,งานบ้านงานครัว,2025-10
31/10/2025,"ผลิตภัณฑ์น้ำยาซักผ้าเครื่อง ""แมกซ์วอกช"" A605B",1605.00,3,"4,815.00",งานการพยาบาลหน่วยควบคุมการติดเชื้อและงานจ่ายกลาง,46,,ง0151,ถัง,งานบ้านงานครัว,2025-10
31/10/2025,ผลิตภัณฑ์เสริมด่าง,1284.00,3,"3,852.00",งานการพยาบาลหน่วยควบคุมการติดเชื้อและงานจ่ายกลาง,46,,ง0152,ถัง,งานบ้านงานครัว,2025-10
31/10/2025,น้ำยาล้างและฆ่าเชื้อ 5 ลิตร,7500.00,5,"37,500.00",งานการพยาบาลหน่วยควบคุมการติดเชื้อและงานจ่ายกลาง,46,,ง0137,แกลลอน,งานบ้านงานครัว,2025-10
31/10/2025,ผ้าขนหนูเช็ดมือ ขนาด 12*12 นิ้ว,275.00,60,"16,500.00",งานการพยาบาลหน่วยควบคุมการติดเชื้อและงานจ่ายกลาง,46,,ง0153,โหล,งานบ้านงานครัว,2025-10
31/10/2025,สเปรย์โฟม,950.00,20,"19,000.00",งานการพยาบาลหน่วยควบคุมการติดเชื้อและงานจ่ายกลาง,46,,ง0208,ขวด,งานบ้านงานครัว,2025-10
31/10/2025,สติ๊กเกอร์ม้วน 3Yk (จ่ายกลาง),130.00,25,"3,250.00",งานการพยาบาลหน่วยควบคุมการติดเชื้อและงานจ่ายกลาง,47,,ส0186,ม้วน,สำนักงาน,2025-10
31/10/2025,ผงไล่งู,1792.25,5,"8,961.25",กลุ่มงานบริหารทั่วไป (งานสนาม),48,,ง0149,แกลลอน,งานบ้านงานครัว,2025-10
31/10/2025,รองเท้าบู๊ท,200.00,2,400.00,กลุ่มงานบริหารทั่วไป (งานสนาม),48,,ง0199,คู่,งานบ้านงานครัว,2025-10
31/10/2025,ถุงขยะใส ขนาด 40*40 นิ้ว,82.00,5,410.00,กลุ่มงานบริหารทั่วไป (งานสนาม),48,,ง0080,แพ็ค,งานบ้านงานครัว,2025-10
31/10/2025,"สเปรย์ฉีดแมลง,ยุง",109.00,6,654.00,กลุ่มงานบริหารทั่วไป (งานสนาม),48,,ง0206,กระป๋อง,งานบ้านงานครัว,2025-10
31/10/2025,กาว 2 หน้า หนา,275.00,1,275.00,กลุ่มงานการพยาบาล,49,,ส0044,ม้วน,สำนักงาน,2025-10
31/10/2025,กาวUHU,75.00,1,75.00,กลุ่มงานการพยาบาล,49,,ส0045,หลอด,สำนักงาน,2025-10
31/10/2025,เทปใส 3/4 นิ้ว,30.00,8,240.00,กลุ่มงานการพยาบาล,49,,ส0097,ม้วน,สำนักงาน,2025-10
31/10/2025,ลูกแม็กซ์ เบอร์ 3,25.00,1,25.00,กลุ่มงานการพยาบาล,49,,ส0174,กล่อง,สำนักงาน,2025-10
31/10/2025,แลคซีน 1 นิ้ว,38.00,1,38.00,กลุ่มงานการพยาบาล,49,,ส0178,ม้วน,สำนักงาน,2025-10
31/10/2025,ปากกาเขียนครุภัณฑ์,65.00,1,65.00,กลุ่มงานการพยาบาล,49,,ส0124,ด้าม,สำนักงาน,2025-10
31/10/2025,ปากกาเขียนครุภัณฑ์ใหญ่,55.00,2,110.00,กลุ่มงานการพยาบาล,49,,ส0210,เเท่ง,สำนักงาน,2025-10
31/10/2025,สเปรย์ปรับอากาศ-ดับกลิ่น,125.00,2,250.00,กลุ่มงานรังสีวิทยา,50,,ง0207,กระป๋อง,งานบ้านงานครัว,2025-10
31/10/2025,สเปรย์ปรับอากาศ-ดับกลิ่น,125.00,1,125.00,กลุ่มงานบริหารทั่วไป (งานสนาม),48,,ง0207,กระป๋อง,งานบ้านงานครัว,2025-10
31/10/2025,ดอกไม้ปลอม,50.00,26,"1,300.00",กลุ่มงานบริหารทั่วไป,51,,เก0016,ชิ้น,วัสดุการเกษตร,2025-10
31/10/2025,ดอกไม้ปลอม,99.00,6,594.00,กลุ่มงานบริหารทั่วไป,51,,เก0016,ชิ้น,วัสดุการเกษตร,2025-10
31/10/2025,ดอกไม้ปลอม,60.00,16,960.00,กลุ่มงานบริหารทั่วไป,51,,เก0016,ชิ้น,วัสดุการเกษตร,2025-10
31/10/2025,โอเอซิส,21.00,20,420.00,กลุ่มงานบริหารทั่วไป,51,,เก0065,ก้อน,วัสดุการเกษตร,2025-10
31/10/2025,กระดาษ A4 80 แกรม (สีขาว),130.00,10,"1,300.00",กลุ่มงานเภสัชกรรมและคุ้มครองผู้บริโภค,52,,ส0009,รีม,สำนักงาน,2025-10
31/10/2025,แลคซีน 2 นิ้ว,75.00,2,150.00,กลุ่มงานเภสัชกรรมและคุ้มครองผู้บริโภค,52,,ส0177,ม้วน,สำนักงาน,2025-10
23/10/2025,หม้อมิเตอร์ไฟฟ้า,2024.44,1,"2,024.44",กลุ่มงานบริหารทั่วไป (ซ่อมบำรุง),53,,ฟ0142,อัน,ไฟฟ้า,2025-10
23/10/2025,สวิทต์แสงแดด,220.42,1,220.42,กลุ่มงานบริหารทั่วไป (ซ่อมบำรุง),53,,ฟ0154,อัน,ไฟฟ้า,2025-10
13/10/2025,พวงมาลา,1500.00,1,"1,500.00",กลุ่มงานการพยาบาล,54,,ส0143,พวง,สำนักงาน,2025-10
22/10/2025,พวงมาลา,1500.00,1,"1,500.00",กลุ่มงานบริหารทั่วไป,55,,ส0143,พวง,สำนักงาน,2025-10
31/10/2025,ปกใส A4,250.00,1,250.00,กลุ่มงานบริหารทั่วไป,56,,ส0212,แพ็ค,สำนักงาน,2025-10
31/10/2025,อะไหล่ตรายางวันที่,100.00,2,200.00,กลุ่มงานบริหารทั่วไป,56,,ส0207,อัน,สำนักงาน,2025-10
31/10/2025,หมึกเครื่องถ่ายเอกสาร Canon NPG-95 BK,2750.00,1,"2,750.00",กลุ่มงานบริหารทั่วไป,56,,ส0202,หลอด,สำนักงาน,2025-10
31/10/2025,พลาสติกเคลือบบัตร (A4),550.00,2,"1,100.00",กลุ่มงานบริหารทั่วไป,56,,ส0140,แพ็ค,สำนักงาน,2025-10
31/10/2025,ปากกาลบคำผิดแบบเทป,59.00,6,354.00,กลุ่มงานบริหารทั่วไป,56,,ส0127,อัน,สำนักงาน,2025-10
31/10/2025,พานพุ่มเงิน-ทอง,20.00,8,160.00,กลุ่มงานบริหารทั่วไป,56,,ส0144,พาน,สำนักงาน,2025-10
31/10/2025,นาฬิกาแขวน,395.00,1,395.00,กลุ่มงานบริหารทั่วไป,56,,ส0109,เรือน,สำนักงาน,2025-10
31/10/2025,ธง ร.10 ขนาด 60*90 ซม.,50.00,24,"1,200.00",กลุ่มงานบริหารทั่วไป,56,,ส0102,ผืน,สำนักงาน,2025-10
31/10/2025,ธงชาติ ขนาด 60*90 ซม.,40.00,24,960.00,กลุ่มงานบริหารทั่วไป,56,,ส0107,ผืน,สำนักงาน,2025-10
31/10/2025,เทปใส 1 นิ้ว,40.00,8,320.00,กลุ่มงานบริหารทั่วไป,56,,ส0095,ม้วน,สำนักงาน,2025-10
31/10/2025,คลิบหนีบ 2 ขา สีดำ เบอร์ 111,35.00,20,700.00,กลุ่มงานบริหารทั่วไป,56,,ส0058,กล่อง,สำนักงาน,2025-10
31/10/2025,กรรไกร,85.00,1,85.00,กลุ่มงานการพยาบาล,49,,ส0002,เล่ม,สำนักงาน,2025-10
31/10/2025,"สเปรย์ฉีดแมลง,ยุง",109.00,2,218.00,กลุ่มงานบริหารทั่วไป,57,,ง0206,กระป๋อง,งานบ้านงานครัว,2025-10
31/10/2025,ปลั๊กราง ยาว 3 เมตร,350.00,2,700.00,กลุ่มงานบริหารทั่วไป,58,,ฟ0078,อัน,ไฟฟ้า,2025-10
31/10/2025,หลอด LED,203.30,36,"7,318.80",กลุ่มงานบริหารทั่วไป (ซ่อมบำรุง),59,,ฟ0144,หลอด,ไฟฟ้า,2025-10
31/10/2025,สวิทต์ฝัง เนใหม่,42.80,10,428.00,กลุ่มงานบริหารทั่วไป (ซ่อมบำรุง),59,,ฟ0117,ตัว,ไฟฟ้า,2025-10
31/10/2025,ปลั๊กฝัง,22.47,10,224.70,กลุ่มงานบริหารทั่วไป (ซ่อมบำรุง),59,,ฟ0074,อัน,ไฟฟ้า,2025-10
31/10/2025,ล้างผ้าพิเศษขจัดสนิมน้ำ,1712.00,3,"5,136.00",งานการพยาบาลหน่วยควบคุมการติดเชื้อและงานจ่ายกลาง,46,,ง0223,ถัง,งานบ้านงานครัว,2025-10
31/10/2025,กระดาษ A4 80 แกรม (สีขาว),130.00,25,"3,250.00",กลุ่มงานบริหารทั่วไป,49,,ส0009,รีม,สำนักงาน,2025-10
31/10/2025,ดอกไม้ปลอม,65.97,1,65.97,กลุ่มงานบริหารทั่วไป,51,,เก0016,ชิ้น,วัสดุการเกษตร,2025-10
3/11/2025,น้ำมันดีเซล,31.29,"1,778.94","55,663.00",กลุ่มงานบริหารทั่วไป (ยานพาหนะ),74,,ช0001,ลิตร,เชื้อเพลิง,2025-11
3/11/2025,น้ำมันเบนซิน,32.10,80,"2,568.00",กลุ่มงานบริหารทั่วไป (ยานพาหนะ),74,,ช0002,ลิตร,เชื้อเพลิง,2025-11
7/11/2025,สติ๊กเกอร์สำหรับพิมพ์ วันอายุ ขนาด 4.8*8.16 ซม.,475.00,25,"11,875.00",งานการพยาบาลหน่วยควบคุมการติดเชื้อและงานจ่ายกลาง,75,,ส0188,ดวง,สำนักงาน,2025-11
7/11/2025,น้ำยาล้างเครื่องมือแพทย์,4044.60,5,"20,223.00",งานการพยาบาลหน่วยควบคุมการติดเชื้อและงานจ่ายกลาง,76,,ง0239,แกลลอน,งานบ้านงานครัว,2025-11
7/11/2025,ไส้กรอง MB 50 กรัม,2180.00,4,"8,720.00",งานการพยาบาลหน่วยควบคุมการติดเชื้อและงานจ่ายกลาง,77,,ป0065,ชุด,ประปา,2025-11
7/11/2025,สารกรองน้ำ คาร์บอน,100.00,100,"10,000.00",งานการพยาบาลหน่วยควบคุมการติดเชื้อและงานจ่ายกลาง,77,,ป0062,ชุด,ประปา,2025-11
7/11/2025,ไส้กรองน้ำ R/020 นิ้ว,2480.00,1,"2,480.00",งานการพยาบาลหน่วยควบคุมการติดเชื้อและงานจ่ายกลาง,77,,ป0071,ชุด,ประปา,2025-11
7/11/2025,ไส้กรอง R/0 ขนาด 10 นิ้ว,1680.00,1,"1,680.00",งานการพยาบาลหน่วยควบคุมการติดเชื้อและงานจ่ายกลาง,77,,ป0067,ชุด,ประปา,2025-11
10/11/2025,ผ้าปูเตียงตรวจรัดมุมสีชมพู,640.00,30,"19,200.00",งานการพยาบาลหน่วยควบคุมการติดเชื้อและงานจ่ายกลาง,78,,ง0224,ผืน,งานบ้านงานครัว,2025-11
10/11/2025,ปลอกหมอนเตียงตรวจสีชมพู,220.00,48,"10,560.00",งานการพยาบาลหน่วยควบคุมการติดเชื้อและงานจ่ายกลาง,78,,ง0225,ผืน,งานบ้านงานครัว,2025-11
10/11/2025,ผ้าคลุมตรวจสีชมพู,300.00,50,"15,000.00",งานการพยาบาลหน่วยควบคุมการติดเชื้อและงานจ่ายกลาง,78,,ง0226,ผืน,งานบ้านงานครัว,2025-11
10/11/2025,ผ้าขวางเตียงตรวจสีชมพู,280.00,100,"28,000.00",งานการพยาบาลหน่วยควบคุมการติดเชื้อและงานจ่ายกลาง,78,,ง0227,ผืน,งานบ้านงานครัว,2025-11
10/11/2025,ผ้าขวางเตียงคลอด,280.00,35,"9,800.00",งานการพยาบาลหน่วยควบคุมการติดเชื้อและงานจ่ายกลาง,78,,ง0228,ผืน,งานบ้านงานครัว,2025-11
10/11/2025,ผ้าขนหนููขนาด 35*70 ซม.,150.00,60,"9,000.00",งานการพยาบาลหน่วยควบคุมการติดเชื้อและงานจ่ายกลาง,78,,ง0229,ผืน,งานบ้านงานครัว,2025-11
10/11/2025,ผ้าสี่เหลี่ยม 2 ชั้น ขนาด 14*14 นิ้ว,300.00,140,"42,000.00",งานการพยาบาลหน่วยควบคุมการติดเชื้อและงานจ่ายกลาง,78,,ง0165,ผืน,งานบ้านงานครัว,2025-11
10/11/2025,ผ้าสี่เหลี่ยม 2 ชั้น ขนาด 16*16 นิ้ว,320.00,100,"32,000.00",งานการพยาบาลหน่วยควบคุมการติดเชื้อและงานจ่ายกลาง,78,,ง0166,ผืน,งานบ้านงานครัว,2025-11
10/11/2025,ผ้าสี่เหลี่ยม 2 ชั้น ขนาด 20*20 นิ้ว,340.00,100,"34,000.00",งานการพยาบาลหน่วยควบคุมการติดเชื้อและงานจ่ายกลาง,78,,ง0167,ผืน,งานบ้านงานครัว,2025-11
10/11/2025,ผ้ารองคลอดสีชมพู 2 ชั้น 44*44 ซม.,620.00,60,"37,200.00",งานการพยาบาลหน่วยควบคุมการติดเชื้อและงานจ่ายกลาง,78,,ง0230,ผืน,งานบ้านงานครัว,2025-11
10/11/2025,เสื้อผู้ป่วยสีเทา(ต),400.00,60,"24,000.00",งานการพยาบาลหน่วยควบคุมการติดเชื้อและงานจ่ายกลาง,78,,  ต0021,ตัว,วัสดุเครื่องแต่งกาย,2025-11
10/11/2025,ผ้าถุงผู้ป่วยสีเทา(ต),360.00,50,"18,000.00",งานการพยาบาลหน่วยควบคุมการติดเชื้อและงานจ่ายกลาง,78,,ต0022,ผืน,วัสดุเครื่องแต่งกาย,2025-11
10/11/2025,เสื้อผู้ป่วยคลอดขนาดใหญ่(ต),420.00,25,"10,500.00",งานการพยาบาลหน่วยควบคุมการติดเชื้อและงานจ่ายกลาง,78,,ต0023,ตัว,วัสดุเครื่องแต่งกาย,2025-11
10/11/2025,เสื้อผู้ป่วยคลอดขนาดปกติ(ต),400.00,25,"10,000.00",งานการพยาบาลหน่วยควบคุมการติดเชื้อและงานจ่ายกลาง,78,,ต0024,ตัว,วัสดุเครื่องแต่งกาย,2025-11
10/11/2025,ผ้าถุงผู้ป่วยคลอด(ต),360.00,33,"11,880.00",งานการพยาบาลหน่วยควบคุมการติดเชื้อและงานจ่ายกลาง,78,,ต0025,ผืน,วัสดุเครื่องแต่งกาย,2025-11
10/11/2025,ชุดพนักงาน(ต),1100.00,10,"11,000.00",งานการพยาบาลหน่วยควบคุมการติดเชื้อและงานจ่ายกลาง,78,,ต0026,ชุด,วัสดุเครื่องแต่งกาย,2025-11
11/11/2025,โคมซาลาเปา,334.91,20,"6,698.20",กลุ่มงานบริหารทั่วไป (ซ่อมบำรุง),79,,ฟ0155,ชุด,ไฟฟ้า,2025-11
11/11/2025,หลอด LED,203.30,60,"12,198.00",กลุ่มงานบริหารทั่วไป (ซ่อมบำรุง),79,,ฟ0144,หลอด,ไฟฟ้า,2025-11
14/11/2025,น้ำมันเครื่อง ไดเกียว 2T 1ลิตร,130.00,6,780.00,กลุ่มงานบริหารทั่วไป (งานสนาม),80,,เก0030,ชิ้น,วัสดุการเกษตร,2025-11
19/11/2025,แก๊สหุงต้ม ขนาด 48 กก.,1356.00,4,"5,424.00",งานการพยาบาลหน่วยควบคุมการติดเชื้อและงานจ่ายกลาง,81,,ง0023,ถัง,งานบ้านงานครัว,2025-11
10/11/2025,เทปพันเกลียว,20.00,3,60.00,กลุ่มงานบริหารทั่วไป (ซ่อมบำรุง),82,,ก0107,ม้วน,วัสดุก่อสร้าง,2025-11
10/11/2025,มิเตอร์น้ำ,520.00,4,"2,080.00",กลุ่มงานบริหารทั่วไป (ซ่อมบำรุง),83,,ป0040,อัน,ประปา,2025-11
10/11/2025,ถุงซิปใส ขนาด 15*23 ซม.,150.00,100,"15,000.00",กลุ่มงานเภสัชกรรมและคุ้มครองผู้บริโภค,84,,ย0005,กก.,วัสดุอื่น(ซองยา),2025-11
24/11/2025,ถุงซิปใส ขนาด 15*23 ซม.,162.00,45,"7,290.00",กลุ่มงานเภสัชกรรมและคุ้มครองผู้บริโภค,85,,ย0005,กก.,วัสดุอื่น(ซองยา),2025-11
24/11/2025,สติ๊กเกอร์ไดเร็คเทอมอล 8.5*6 ซม.(เภสัช),0.28,"20,000","5,600.00",กลุ่มงานเภสัชกรรมและคุ้มครองผู้บริโภค,85,,ส0183,ลัง,สำนักงาน,2025-11
24/11/2025,ถุงซิปใส ขนาด 10*15 ซม.,145.00,35,"5,075.00",กลุ่มงานเภสัชกรรมและคุ้มครองผู้บริโภค,85,,ย0003,กก.,วัสดุอื่น(ซองยา),2025-11
24/11/2025,"ใบเสร็จรับเงิน 6*8 ซม.(1,000ใบ/1ลัง/50ลัง)",920.00,6,"5,520.00",กลุ่มงานเภสัชกรรมและคุ้มครองผู้บริโภค,85,,ส0120,ลัง,สำนักงาน,2025-11
24/11/2025,กระดาษเช็ดมือ,61.97,10,619.70,กลุ่มงานรังสีวิทยา,60,,ง0008,ห่อ,งานบ้านงานครัว,2025-11
24/11/2025,ถุงขยะสีดำ ขนาด 16*19 นิ้ว,60.00,5,300.00,กลุ่มงานรังสีวิทยา,60,,ง0069,แพ็ค,งานบ้านงานครัว,2025-11
24/11/2025,"สเปรย์ฉีดแมลง,ยุง",109.00,3,327.00,กลุ่มงานรังสีวิทยา,60,,ง0206,กระป๋อง,งานบ้านงานครัว,2025-11
24/11/2025,สเปรย์ปรับอากาศ-ดับกลิ่น,125.00,3,375.00,กลุ่มงานรังสีวิทยา,60,,ง0207,กระป๋อง,งานบ้านงานครัว,2025-11
24/11/2025,น้ำยาโซแนค,100.00,1,100.00,กลุ่มงานรังสีวิทยา,60,,ง0126,กระป๋อง,งานบ้านงานครัว,2025-11
24/11/2025,ถ่าน ขนาด AAA (อัลคาไลน์),25.00,12,300.00,งานการพยาบาลผู้คลอด,63,,ง0065,ก้อน,งานบ้านงานครัว,2025-11
24/11/2025,ถุงขยะสีแดง ขนาด 12*20 นิ้ว (พิมพ์ลาย),75.00,5,375.00,งานการพยาบาลผู้คลอด,63,,ง0072,แพ็ค,งานบ้านงานครัว,2025-11
24/11/2025,ถุงขยะสีดำ ขนาด 16*19 นิ้ว,60.00,5,300.00,งานการพยาบาลผู้คลอด,63,,ง0069,แพ็ค,งานบ้านงานครัว,2025-11
24/11/2025,ถุงขยะสีดำ ขนาด 28*36 นิ้ว,60.00,5,300.00,งานการพยาบาลผู้คลอด,63,,ง0070,แพ็ค,งานบ้านงานครัว,2025-11
24/11/2025,สบู่เหลวล้างมือ (บรรจุ 3.8 ลิตร),321.00,1,321.00,งานการพยาบาลผู้คลอด,63,,ง0204,แกลลอน,งานบ้านงานครัว,2025-11
24/11/2025,สบู่เหลวล้างมือ (บรรจุ 3.8 ลิตร),321.00,1,321.00,งานการพยาบาลผู้ป่วยอุบัติเหตุฉุกเฉินและนิติเวช,72,,ง0204,แกลลอน,งานบ้านงานครัว,2025-11
24/11/2025,ฟองน้ำเอนกประสงค์,5.00,100,500.00,งานการพยาบาลผู้ป่วยอุบัติเหตุฉุกเฉินและนิติเวช,72,,ง0181,แผ่น,งานบ้านงานครัว,2025-11
24/11/2025,ถุงขยะสีดำ ขนาด 16*19 นิ้ว,60.00,5,300.00,งานการพยาบาลผู้ป่วยอุบัติเหตุฉุกเฉินและนิติเวช,72,,ง0069,แพ็ค,งานบ้านงานครัว,2025-11
24/11/2025,ถุงขยะสีดำ ขนาด 28*36 นิ้ว,60.00,10,600.00,งานการพยาบาลผู้ป่วยอุบัติเหตุฉุกเฉินและนิติเวช,72,,ง0070,แพ็ค,งานบ้านงานครัว,2025-11
24/11/2025,ถุงขยะสีแดง ขนาด 16*24 นิ้ว พิมพ์ลาย,80.00,5,400.00,งานการพยาบาลผู้ป่วยอุบัติเหตุฉุกเฉินและนิติเวช,72,,ง0073,กก.,งานบ้านงานครัว,2025-11
24/11/2025,ถุงขยะสีแดง ขนาด 16*28 นิ้ว (พิมพ์ลาย),80.00,5,400.00,งานการพยาบาลผู้ป่วยอุบัติเหตุฉุกเฉินและนิติเวช,72,,ง0074,แพ็ค,งานบ้านงานครัว,2025-11
24/11/2025,กระดาษเช็ดมือ,61.97,2,123.94,งานการพยาบาลผู้ป่วยอุบัติเหตุฉุกเฉินและนิติเวช,72,,ง0008,ห่อ,งานบ้านงานครัว,2025-11
24/11/2025,"ปากกาเคมี 2 หัว ( ดำ,แดง,น้ำเงิน )",15.00,2,30.00,งานการพยาบาลผู้ป่วยอุบัติเหตุฉุกเฉินและนิติเวช,59,,ส0125,ด้าม,สำนักงาน,2025-11
24/11/2025,แฟ้มห่วง 2 นิ้ว,75.00,1,75.00,งานการพยาบาลผู้ป่วยอุบัติเหตุฉุกเฉินและนิติเวช,59,,ส0157,แฟ้ม,สำนักงาน,2025-11
24/11/2025,ซองขาว,1.00,50,50.00,งานการพยาบาลผู้ป่วยอุบัติเหตุฉุกเฉินและนิติเวช,59,,ส0069,ซอง,สำนักงาน,2025-11
24/11/2025,กรรไกร,85.00,2,170.00,งานการพยาบาลผู้ป่วยอุบัติเหตุฉุกเฉินและนิติเวช,59,,ส0002,เล่ม,สำนักงาน,2025-11
24/11/2025,แฟ้มเสนอเซ็นต์,195.00,3,585.00,กลุ่มงานประกันสุขภาพยุทธศาสตร์,55,,ส0155,แฟ้ม,สำนักงาน,2025-11
24/11/2025,กาว 2 หน้า บาง,20.00,1,20.00,กลุ่มงานประกันสุขภาพยุทธศาสตร์,55,,ส0043,ม้วน,สำนักงาน,2025-11
24/11/2025,กาว 2 หน้า หนา,275.00,1,275.00,กลุ่มงานประกันสุขภาพยุทธศาสตร์,55,,ส0044,ม้วน,สำนักงาน,2025-11
24/11/2025,กาวUHU,75.00,1,75.00,กลุ่มงานประกันสุขภาพยุทธศาสตร์,55,,ส0045,หลอด,สำนักงาน,2025-11
24/11/2025,"ปากกาเคมี 2 หัว ( ดำ,แดง,น้ำเงิน )",15.00,4,60.00,กลุ่มงานประกันสุขภาพยุทธศาสตร์,55,,ส0125,ด้าม,สำนักงาน,2025-11
24/11/2025,สมุดเบอร์ 2,60.00,3,180.00,กลุ่มงานประกันสุขภาพยุทธศาสตร์,55,,ส0191,เล่ม,สำนักงาน,2025-11
24/11/2025,กระดาษ A4 80 แกรม (สีขาว),130.00,10,"1,300.00",กลุ่มงานประกันสุขภาพยุทธศาสตร์,45,,ส0009,รีม,สำนักงาน,2025-11
24/11/2025,ซองน้ำตาล A4 (ขยายข้าง),5.00,30,150.00,กลุ่มงานประกันสุขภาพยุทธศาสตร์,45,,ส0070,ซอง,สำนักงาน,2025-11
24/11/2025,ซองน้ำตาล A4 (ไม่ขยายข้าง),5.00,50,250.00,กลุ่มงานประกันสุขภาพยุทธศาสตร์,45,,ส0071,ซอง,สำนักงาน,2025-11
24/11/2025,คลิบหนีบ 2 ขา สีดำ เบอร์ 110,45.00,2,90.00,กลุ่มงานประกันสุขภาพยุทธศาสตร์,45,,ส0057,กล่อง,สำนักงาน,2025-11
24/11/2025,ปากกาลบคำผิดแบบเทป,59.00,3,177.00,กลุ่มงานประกันสุขภาพยุทธศาสตร์,45,,ส0127,อัน,สำนักงาน,2025-11
24/11/2025,โพสอิท (สติ๊กเกอร์โน๊ต) สี่เหลี่ยม,39.00,5,195.00,กลุ่มงานประกันสุขภาพยุทธศาสตร์,45,,ส0147,แพ็ค,สำนักงาน,2025-11
24/11/2025,ถ่าน ขนาด AA (อัลคาไลน์),25.00,10,250.00,กลุ่มงานเทคนิคการแพทย์,67,,ง0064,ก้อน,งานบ้านงานครัว,2025-11
24/11/2025,กระดาษเช็ดมือ,61.97,6,371.82,กลุ่มงานเทคนิคการแพทย์,67,,ง0008,ห่อ,งานบ้านงานครัว,2025-11
24/11/2025,เจลก้อนหอม,100.00,4,400.00,กลุ่มงานเทคนิคการแพทย์,67,,ง0016,ก้อน,งานบ้านงานครัว,2025-11
24/11/2025,ถุงขยะสีดำ ขนาด 28*36 นิ้ว,60.00,5,300.00,ห้องบัตร,66,,ง0070,แพ็ค,งานบ้านงานครัว,2025-11
24/11/2025,ถุงขยะสีดำ ขนาด 16*19 นิ้ว,60.00,5,300.00,ห้องบัตร,66,,ง0069,แพ็ค,งานบ้านงานครัว,2025-11
24/11/2025,คลิบหนีบ 2 ขา สีดำ เบอร์ 111,35.00,3,105.00,งานการพยาบาลผู้คลอด,49,,ส0058,กล่อง,สำนักงาน,2025-11
24/11/2025,ดินสอ,3.00,2,6.00,งานการพยาบาลผู้คลอด,49,,ส0075,แท่ง,สำนักงาน,2025-11
24/11/2025,สมุดเบอร์ 2,60.00,2,120.00,งานการพยาบาลผู้คลอด,49,,ส0191,เล่ม,สำนักงาน,2025-11
24/11/2025,"สติ๊กเกอร์ สี,ใส(ขนาดใหญ่กว่า A4)",20.00,5,100.00,งานการพยาบาลผู้คลอด,51,,ส0179,แผ่น,สำนักงาน,2025-11
24/11/2025,น้ำยาล้างจาน (บรรจุ 3.8 ลิตร),195.00,1,195.00,งานการพยาบาลผู้คลอด,64,,ง0135,แกลลอน,งานบ้านงานครัว,2025-11
24/11/2025,กระดาษเทอมอลขนาด 8 ซม.* 80 ม.,78.00,20,"1,560.00",ห้องบัตร,48,,ส0027,ม้วน,สำนักงาน,2025-11
24/11/2025,เชือกฟาง,40.00,4,160.00,งานการพยาบาลผู้ป่วยใน,68,,ง0042,ม้วน,งานบ้านงานครัว,2025-11
24/11/2025,ผงซักฟอก ,175.00,3,525.00,งานการพยาบาลผู้ป่วยใน,68,,ง0148,ถุง,งานบ้านงานครัว,2025-11
24/11/2025,น้ำยาขจัดกลิ่นฆ่าเชื้อเอนกประสงค์ (บรรจุ 3.8 ลิตร),406.60,4,"1,626.40",งานการพยาบาลผู้ป่วยใน,68,,ง0116,แกลลอน,งานบ้านงานครัว,2025-11
24/11/2025,น้ำยาล้างจาน (บรรจุ 3.8 ลิตร),195.00,2,390.00,งานการพยาบาลผู้ป่วยใน,68,,ง0135,แกลลอน,งานบ้านงานครัว,2025-11
24/11/2025,ถุงขยะสีดำ ขนาด 40*40 นิ้ว,60.00,10,600.00,งานการพยาบาลผู้ป่วยใน,68,,ง0071,แพ็ค,งานบ้านงานครัว,2025-11
24/11/2025,ถุงขยะสีดำ ขนาด 28*36 นิ้ว,60.00,15,900.00,งานการพยาบาลผู้ป่วยใน,68,,ง0070,แพ็ค,งานบ้านงานครัว,2025-11
24/11/2025,ถุงขยะสีแดง ขนาด 12*20 นิ้ว (พิมพ์ลาย),75.00,25,"1,875.00",งานการพยาบาลผู้ป่วยใน,68,,ง0072,แพ็ค,งานบ้านงานครัว,2025-11
24/11/2025,ถุงหูหิ้วสีขาว ขนาด 12*20 นิ้ว,70.00,25,"1,750.00",งานการพยาบาลผู้ป่วยใน,68,,ง0102,แพ็ค,งานบ้านงานครัว,2025-11
24/11/2025,กระดาษเช็ดมือ,61.97,15,929.55,งานการพยาบาลผู้ป่วยใน,68,,ง0008,ห่อ,งานบ้านงานครัว,2025-11
24/11/2025,ปลั๊กราง ยาว 10 เมตร,495.00,5,"2,475.00",งานการพยาบาลผู้ป่วยใน,73,,ฟ0077,อัน,ไฟฟ้า,2025-11
24/11/2025,กระดาษ A4 80 แกรม (สีขาว),130.00,20,"2,600.00",งานการพยาบาลผู้ป่วยใน,54,,ส0009,รีม,สำนักงาน,2025-11
24/11/2025,คลิบหนีบ 2 ขา สีดำ เบอร์ 110,45.00,10,450.00,งานการพยาบาลผู้ป่วยใน,54,,ส0057,กล่อง,สำนักงาน,2025-11
24/11/2025,ลวดเสียบกระดาษ,12.00,10,120.00,งานการพยาบาลผู้ป่วยใน,54,,ส0171,กล่อง,สำนักงาน,2025-11
24/11/2025,"ปากกาเคมี 2 หัว ( ดำ,แดง,น้ำเงิน )",15.00,12,180.00,งานการพยาบาลผู้ป่วยใน,54,,ส0125,ด้าม,สำนักงาน,2025-11
24/11/2025,กรรไกร,85.00,5,425.00,งานการพยาบาลผู้ป่วยใน,54,,ส0002,เล่ม,สำนักงาน,2025-11
24/11/2025,โพสอิท (สติ๊กเกอร์โน๊ต) ชิ้นเล็ก ๆ,39.00,3,117.00,งานการพยาบาลผู้ป่วยใน,54,,ส0146,แพ็ค,สำนักงาน,2025-11
24/11/2025,แผ่นอคีลิค 1*2 ฟุต (ทุกสี),150.00,10,"1,500.00",กลุ่มงานบริหารทั่วไป (โสต),56,,ส0136,แผ่น,สำนักงาน,2025-11
24/11/2025,กระดาษโฟโต้ A4,195.00,1,195.00,กลุ่มงานบริหารทั่วไป (โสต),46,,ส0028,แพ็ค,สำนักงาน,2025-11
24/11/2025,ถุงขยะสีดำ ขนาด 28*36 นิ้ว,60.00,50,"3,000.00",กลุ่มงานบริหารทั่วไป (แม่บ้าน),62,,ง0070,แพ็ค,งานบ้านงานครัว,2025-11
24/11/2025,ถังม็อบ (ซักผ้าถูพื้น),600.00,2,"1,200.00",กลุ่มงานบริหารทั่วไป (แม่บ้าน),62,,ง0058,ใบ,งานบ้านงานครัว,2025-11
24/11/2025,กระดาษ A4 80 แกรม (สีขาว),130.00,5,650.00,งานการพยาบาลหน่วยควบคุมการติดเชื้อและงานจ่ายกลาง,61,,ส0009,รีม,สำนักงาน,2025-11
24/11/2025,ฟองน้ำพร้อมสก็อตไบรท์,20.00,12,240.00,งานการพยาบาลหน่วยควบคุมการติดเชื้อและงานจ่ายกลาง,61,,ง0179,แผ่น,งานบ้านงานครัว,2025-11
24/11/2025,ฝอยเหล็ก,25.00,12,300.00,งานการพยาบาลหน่วยควบคุมการติดเชื้อและงานจ่ายกลาง,61,,ง0175,ก้อน,งานบ้านงานครัว,2025-11
24/11/2025,ถุงขยะสีดำ ขนาด 28*36 นิ้ว,60.00,5,300.00,งานการพยาบาลหน่วยควบคุมการติดเชื้อและงานจ่ายกลาง,61,,ง0070,แพ็ค,งานบ้านงานครัว,2025-11
24/11/2025,แปรงล้างขวดนม,35.00,6,210.00,งานการพยาบาลหน่วยควบคุมการติดเชื้อและงานจ่ายกลาง,61,,ง0146,ด้าม,งานบ้านงานครัว,2025-11
24/11/2025,เชือกฟาง,40.00,1,40.00,งานการพยาบาลหน่วยควบคุมการติดเชื้อและงานจ่ายกลาง,61,,ง0042,ม้วน,งานบ้านงานครัว,2025-11
24/11/2025,น้ำยาล้างห้องน้ำ (บรรจุ 3.8 ลิตร),321.00,2,642.00,งานการพยาบาลหน่วยควบคุมการติดเชื้อและงานจ่ายกลาง,61,,ง0138,แกลลอน,งานบ้านงานครัว,2025-11
24/11/2025,สบู่เหลวล้างมือ (บรรจุ 3.8 ลิตร),321.00,1,321.00,งานการพยาบาลหน่วยควบคุมการติดเชื้อและงานจ่ายกลาง,61,,ง0204,แกลลอน,งานบ้านงานครัว,2025-11
24/11/2025,"สเปรย์ฉีดแมลง,ยุง",109.00,3,327.00,งานการพยาบาลหน่วยควบคุมการติดเชื้อและงานจ่ายกลาง,61,,ง0206,กระป๋อง,งานบ้านงานครัว,2025-11
24/11/2025,เชือกมัดกล่องพัสดุ,10.00,12,120.00,งานการพยาบาลหน่วยควบคุมการติดเชื้อและงานจ่ายกลาง,47,,ส0067,ขด,สำนักงาน,2025-11
24/11/2025,กระดาษ A4 80 แกรม (สีขาว),130.00,5,650.00,งานการพยาบาลหน่วยควบคุมการติดเชื้อและงานจ่ายกลาง,47,,ส0009,รีม,สำนักงาน,2025-11
24/11/2025,กระดาษกาวย่น 1 นิ้ว,38.00,12,456.00,งานการพยาบาลหน่วยควบคุมการติดเชื้อและงานจ่ายกลาง,47,,ส0015,ม้วน,สำนักงาน,2025-11
24/11/2025,กาวแท่งใส่ปืนยิงกาว,295.00,1,295.00,งานการพยาบาลหน่วยควบคุมการติดเชื้อและงานจ่ายกลาง,47,,ส0047,ห่อ,สำนักงาน,2025-11
24/11/2025,กาวUHU,75.00,1,75.00,งานการพยาบาลหน่วยควบคุมการติดเชื้อและงานจ่ายกลาง,47,,ส0045,หลอด,สำนักงาน,2025-11
24/11/2025,กระดาษกาวปิดลังพัสดุ,25.00,3,75.00,งานการพยาบาลหน่วยควบคุมการติดเชื้อและงานจ่ายกลาง,47,,ส0014,ม้วน,สำนักงาน,2025-11
24/11/2025,กระดาษชำระม้วนใหญ่,107.00,8,856.00,กลุ่มงานทันตกรรม,69,,ง0007,ม้วน,งานบ้านงานครัว,2025-11
24/11/2025,ถุงขยะสีแดง ขนาด 12*20 นิ้ว (พิมพ์ลาย),75.00,10,750.00,กลุ่มงานทันตกรรม,69,,ง0072,แพ็ค,งานบ้านงานครัว,2025-11
24/11/2025,ถุงร้อน ขนาด 6*9 นิ้ว,85.00,1,85.00,กลุ่มงานทันตกรรม,69,,ง0097,แพ็ค,งานบ้านงานครัว,2025-11
24/11/2025,ถุงร้อน ขนาด 7*11 นิ้ว,85.00,1,85.00,กลุ่มงานทันตกรรม,69,,ง0098,แพ็ค,งานบ้านงานครัว,2025-11
24/11/2025,น้ำยาขจัดกลิ่นฆ่าเชื้อเอนกประสงค์ (บรรจุ 3.8 ลิตร),406.60,2,813.20,กลุ่มงานทันตกรรม,69,,ง0116,แกลลอน,งานบ้านงานครัว,2025-11
24/11/2025,น้ำยาล้างจาน (บรรจุ 3.8 ลิตร),195.00,1,195.00,กลุ่มงานทันตกรรม,69,,ง0135,แกลลอน,งานบ้านงานครัว,2025-11
24/11/2025,ผงซักฟอก ,175.00,1,175.00,กลุ่มงานทันตกรรม,69,,ง0148,ถุง,งานบ้านงานครัว,2025-11
24/11/2025,ไฟฉายแบบชาร์จ,175.00,2,350.00,กลุ่มงานทันตกรรม,69,,ง0182,กระบอก,งานบ้านงานครัว,2025-11
24/11/2025,ไม้กวาดอ่อน,50.00,2,100.00,กลุ่มงานทันตกรรม,69,,ง0187,อัน,งานบ้านงานครัว,2025-11
24/11/2025,ไม้ถูพื้นพร้อมผ้า,100.00,1,100.00,กลุ่มงานทันตกรรม,69,,ง0190,อัน,งานบ้านงานครัว,2025-11
24/11/2025,ปากกาเขียน CD,25.00,5,125.00,กลุ่มงานทันตกรรม,57,,ส0123,ด้าม,สำนักงาน,2025-11
24/11/2025,แลคซีน 2 นิ้ว,75.00,5,375.00,กลุ่มงานทันตกรรม,57,,ส0177,ม้วน,สำนักงาน,2025-11
24/11/2025,สบู่เหลวล้างมือ (บรรจุ 3.8 ลิตร),321.00,1,321.00,กลุ่มงานทันตกรรม,70,,ง0204,แกลลอน,งานบ้านงานครัว,2025-11
24/11/2025,กระดาษ A4 80 แกรม (สีขาว),130.00,5,650.00,กลุ่มงานบริการด้านปฐมภูมิและองค์รวม,50,,ส0009,รีม,สำนักงาน,2025-11
24/11/2025,ลูกแม็กซ์ เบอร์ 10,15.00,10,150.00,กลุ่มงานบริการด้านปฐมภูมิและองค์รวม,50,,ส0173,กล่อง,สำนักงาน,2025-11
24/11/2025,ปากกาลบคำผิดแบบเทป,59.00,4,236.00,กลุ่มงานบริการด้านปฐมภูมิและองค์รวม,50,,ส0127,อัน,สำนักงาน,2025-11
24/11/2025,กระดาษเช็ดมือ,61.97,2,123.94,กลุ่มงานบริการด้านปฐมภูมิและองค์รวม,65,,ง0008,ห่อ,งานบ้านงานครัว,2025-11
24/11/2025,ถุงซิปใส ขนาด 15*23 ซม.,162.00,5,810.00,กลุ่มงานบริการด้านปฐมภูมิและองค์รวม,65,,ย0005,กก.,วัสดุอื่น(ซองยา),2025-11
24/11/2025,ถุงซิปใส ขนาด 10*15 ซม.,145.00,5,725.00,กลุ่มงานบริการด้านปฐมภูมิและองค์รวม,65,,ย0003,กก.,วัสดุอื่น(ซองยา),2025-11
24/11/2025,ถุงซิปใส ขนาด 13*20 ซม.,145.00,5,725.00,กลุ่มงานบริการด้านปฐมภูมิและองค์รวม,65,,ย0004,กก.,วัสดุอื่น(ซองยา),2025-11
24/11/2025,ถุงหูหิ้วสีขาว ขนาด 12*20 นิ้ว,70.00,5,350.00,กลุ่มงานบริการด้านปฐมภูมิและองค์รวม,65,,ง0102,แพ็ค,งานบ้านงานครัว,2025-11
24/11/2025,เชือกฟาง,40.00,1,40.00,กลุ่มงานบริการด้านปฐมภูมิและองค์รวม,65,,ง0042,ม้วน,งานบ้านงานครัว,2025-11
24/11/2025,ถุงขยะสีดำ ขนาด 28*36 นิ้ว,60.00,5,300.00,กลุ่มงานบริการด้านปฐมภูมิและองค์รวม,65,,ง0070,แพ็ค,งานบ้านงานครัว,2025-11
24/11/2025,ถุงขยะสีแดง ขนาด 16*24 นิ้ว พิมพ์ลาย,80.00,5,400.00,กลุ่มงานบริการด้านปฐมภูมิและองค์รวม,65,,ง0073,กก.,งานบ้านงานครัว,2025-11
24/11/2025,ถ่าน ขนาด AA (อัลคาไลน์),25.00,12,300.00,กลุ่มงานบริการด้านปฐมภูมิและองค์รวม,65,,ง0064,ก้อน,งานบ้านงานครัว,2025-11
24/11/2025,น้ำยาล้างจาน (บรรจุ 3.8 ลิตร),195.00,1,195.00,กลุ่มงานบริการด้านปฐมภูมิและองค์รวม,65,,ง0135,แกลลอน,งานบ้านงานครัว,2025-11
24/11/2025,คลิบหนีบ 2 ขา สีดำ เบอร์ 110,45.00,2,90.00,กลุ่มงานบริหารทั่วไป (ยานพาหนะ),58,,ส0057,กล่อง,สำนักงาน,2025-11
24/11/2025,ลวดเสียบกระดาษ,12.00,2,24.00,กลุ่มงานบริหารทั่วไป (ยานพาหนะ),58,,ส0171,กล่อง,สำนักงาน,2025-11
24/11/2025,ผงซักฟอก ,175.00,1,175.00,กลุ่มงานบริหารทั่วไป (ยานพาหนะ),71,,ง0148,ถุง,งานบ้านงานครัว,2025-11
24/11/2025,น้ำยาล้างรถ (บรรจุ 20 ลิตร),802.50,2,"1,605.00",กลุ่มงานบริหารทั่วไป (ยานพาหนะ),71,,ง0136,แกลลอน,งานบ้านงานครัว,2025-11
24/11/2025,กระดาษเช็ดมือ,61.97,4,247.88,กลุ่มงานบริหารทั่วไป (ยานพาหนะ),71,,ง0008,ห่อ,งานบ้านงานครัว,2025-11
24/11/2025,น้ำยาขจัดกลิ่นฆ่าเชื้อเอนกประสงค์ (บรรจุ 3.8 ลิตร),406.60,1,406.60,กลุ่มงานบริหารทั่วไป (ยานพาหนะ),71,,ง0116,แกลลอน,งานบ้านงานครัว,2025-11
24/11/2025,ซองขาว,1.00,20,20.00,กลุ่มงานเทคนิคการแพทย์,53,,ส0069,ซอง,สำนักงาน,2025-11
24/11/2025,ลวดเสียบกระดาษ,12.00,10,120.00,ห้องบัตร,52,,ส0171,กล่อง,สำนักงาน,2025-11
24/11/2025,ซองขาว,1.00,40,40.00,ห้องบัตร,52,,ส0069,ซอง,สำนักงาน,2025-11
17/11/2025,หมึก HP GT53 BK,390.00,1,390.00,งานการพยาบาลผู้ป่วยนอก,86,,ค0061,ขวด,คอมพิวเตอร์,2025-11
10/11/2025,TONER HP 76A,1590.00,1,"1,590.00",งานการพยาบาลผู้ป่วยนอก,87,,ค0042,ตลับ,คอมพิวเตอร์,2025-11
24/11/2025,INK FOR CANON GI 790 (BK),390.00,1,390.00,กลุ่มงานบริหารทั่วไป,88,,ค0012,ขวด,คอมพิวเตอร์,2025-11
24/11/2025,TONER LASER 79A,790.00,1,790.00,กลุ่มงานบริหารทั่วไป,88,,ค0043,ตลับ,คอมพิวเตอร์,2025-11
13/11/2025,Keybord (แป้นพิมพ์),390.00,1,390.00,กลุ่มงานจิตเวชและยาเสพติด,89,,ค0025,ชิ้น,คอมพิวเตอร์,2025-11
24/11/2025,ยางวง,80.00,4,320.00,กลุ่มงานเภสัชกรรมและคุ้มครองผู้บริโภค,85,,ง0197,ถุง,งานบ้านงานครัว,2025-11
24/11/2025,ใบปัดน้ำฝนหน้า,500.00,9,"4,500.00",กลุ่มงานบริหารทั่วไป (ยานพาหนะ),71,,ง0240,คู่,งานบ้านงานครัว,2025-11
24/11/2025,ใบปัดน้ำฝนหลัง,350.00,4,"1,400.00",กลุ่มงานบริหารทั่วไป (ยานพาหนะ),71,,ง0241,อัน,งานบ้านงานครัว,2025-11
24/11/2025,น้ำยาซักผ้าขาวและผ้าสี (บรรจุ 20 ลิตร),1872.50,2,"3,745.00",งานการพยาบาลหน่วยควบคุมการติดเชื้อและงานจ่ายกลาง,61,,ง0131,ถัง,งานบ้านงานครัว,2025-11
24/11/2025,น้ำยาล้างและฆ่าเชื้อ 5 ลิตร,7500.00,5,"37,500.00",งานการพยาบาลหน่วยควบคุมการติดเชื้อและงานจ่ายกลาง,61,,ง0137,แกลลอน,งานบ้านงานครัว,2025-11
24/11/2025,"ผลิตภัณฑ์น้ำยาซักผ้าเครื่อง ""แมกซ์วอกช"" A605B",1605.00,2,"3,210.00",งานการพยาบาลหน่วยควบคุมการติดเชื้อและงานจ่ายกลาง,61,,ง0151,ถัง,งานบ้านงานครัว,2025-11
24/11/2025,ผลิตภัณฑ์เสริมด่าง,1284.00,2,"2,568.00",งานการพยาบาลหน่วยควบคุมการติดเชื้อและงานจ่ายกลาง,61,,ง0152,ถัง,งานบ้านงานครัว,2025-11
24/11/2025,ล้างผ้าพิเศษขจัดสนิมน้ำ,1712.00,2,"3,424.00",งานการพยาบาลหน่วยควบคุมการติดเชื้อและงานจ่ายกลาง,61,,ง0223,ถัง,งานบ้านงานครัว,2025-11
24/11/2025,สเปรย์โฟม,950.00,16,"15,200.00",งานการพยาบาลหน่วยควบคุมการติดเชื้อและงานจ่ายกลาง,61,,ง0208,ขวด,งานบ้านงานครัว,2025-11
24/11/2025,ผงซักฟอก ,175.00,1,175.00,กลุ่มงานบริหารทั่วไป,90,,ง0148,ถุง,งานบ้านงานครัว,2025-11
24/11/2025,กระดาษชำระม้วนใหญ่,107.00,8,856.00,กลุ่มงานบริหารทั่วไป,90,,ง0007,ม้วน,งานบ้านงานครัว,2025-11
24/11/2025,เจลก้อนหอม,100.00,2,200.00,กลุ่มงานบริหารทั่วไป,90,,ง0016,ก้อน,งานบ้านงานครัว,2025-11
24/11/2025,เชือกฟาง,40.00,1,40.00,กลุ่มงานบริหารทั่วไป,90,,ง0042,ม้วน,งานบ้านงานครัว,2025-11
24/11/2025,ถ่าน ขนาด AA (อัลคาไลน์),25.00,47,"1,175.00",กลุ่มงานบริหารทั่วไป,90,,ง0064,ก้อน,งานบ้านงานครัว,2025-11
24/11/2025,ถ่าน ขนาด AAA (อัลคาไลน์),25.00,41,"1,025.00",กลุ่มงานบริหารทั่วไป,90,,ง0065,ก้อน,งานบ้านงานครัว,2025-11
24/11/2025,"สเปรย์ฉีดแมลง,ยุง",109.00,4,436.00,กลุ่มงานบริหารทั่วไป,90,,ง0206,กระป๋อง,งานบ้านงานครัว,2025-11
24/11/2025,สเปรย์ปรับอากาศ-ดับกลิ่น,125.00,3,375.00,กลุ่มงานบริหารทั่วไป,90,,ง0207,กระป๋อง,งานบ้านงานครัว,2025-11
24/11/2025,ไม้กวาดแข็ง,50.00,6,300.00,กลุ่มงานบริหารทั่วไป (งานสนาม),91,,ง0185,อัน,งานบ้านงานครัว,2025-11
24/11/2025,แฟ้มเสนอเซ็นต์,195.00,1,195.00,กลุ่มงานการพยาบาล,92,,ส0155,แฟ้ม,สำนักงาน,2025-11
24/11/2025,แฟ้มห่วง 1 นิ้ว,65.00,1,65.00,กลุ่มงานบริหารทั่วไป (ยานพาหนะ),58,,ส0156,แฟ้ม,สำนักงาน,2025-11
24/11/2025,แฟ้มห่วง 1 นิ้ว,65.00,5,325.00,กลุ่มงานบริหารทั่วไป,93,,ส0156,แฟ้ม,สำนักงาน,2025-11
24/11/2025,"สติ๊กเกอร์ สี,ใส(ขนาดใหญ่กว่า A4)",35.00,10,350.00,กลุ่มงานบริหารทั่วไป (โสต),56,,ส0179,แผ่น,สำนักงาน,2025-11
24/11/2025,แฟ้มห่วง 3 นิ้ว,75.00,6,450.00,กลุ่มงานบริหารทั่วไป,93,,ส0158,แฟ้ม,สำนักงาน,2025-11
24/11/2025,สติ๊กเกอร์ทำขอบ,20.00,3,60.00,กลุ่มงานบริหารทั่วไป,93,,ส0184,ม้วน,สำนักงาน,2025-11
24/11/2025,หมึกเครื่องถ่ายเอกสาร Canon NPG-95 BK,2750.00,1,"2,750.00",กลุ่มงานบริหารทั่วไป,93,,ส0202,หลอด,สำนักงาน,2025-11
24/11/2025,เครื่องทองน้อย,1150.00,1,"1,150.00",กลุ่มงานบริหารทั่วไป,93,,ส0213,ชุด,สำนักงาน,2025-11
24/11/2025,ภาพพระบรมฉายาลักษณ์พระพันปีหลวง,65.00,1,65.00,กลุ่มงานบริหารทั่วไป,93,,ส0214,รูป,สำนักงาน,2025-11
24/11/2025,กระดาษ A4 80 แกรม (สีขาว),130.00,45,"5,850.00",กลุ่มงานบริหารทั่วไป,93,,ส0009,รีม,สำนักงาน,2025-11
24/11/2025,กระดาษ A4 180 แกรม (ทุกสี),135.00,6,810.00,กลุ่มงานบริหารทั่วไป,93,,ส0012,รีม,สำนักงาน,2025-11
24/11/2025,เข็มหมุด สนง.,90.00,3,270.00,กลุ่มงานบริหารทั่วไป,93,,ส0052,กล่อง,สำนักงาน,2025-11
24/11/2025,คลิบหนีบ 2 ขา สีดำ เบอร์ 112,23.00,24,552.00,กลุ่มงานบริหารทั่วไป,93,,ส0059,กล่อง,สำนักงาน,2025-11
24/11/2025,ที่ดึงลูกแม็กซ์,75.00,2,150.00,กลุ่มงานบริหารทั่วไป,93,,ส0090,อัน,สำนักงาน,2025-11
24/11/2025,นาฬิกาแขวน,1350.00,1,"1,350.00",กลุ่มงานบริหารทั่วไป,93,,ส0109,เรือน,สำนักงาน,2025-11
24/11/2025,"ปากกาเคมี 2 หัว ( ดำ,แดง,น้ำเงิน )",15.00,1,15.00,กลุ่มงานบริหารทั่วไป,93,,ส0125,ด้าม,สำนักงาน,2025-11
24/11/2025,"ปากกาไวท์บอร์ด ( ดำ,แดง,น้ำเงิน )",22.00,6,132.00,กลุ่มงานบริหารทั่วไป,93,,ส0128,ด้าม,สำนักงาน,2025-11
24/11/2025,ปากกาลบคำผิดแบบเทป,59.00,3,177.00,กลุ่มงานบริหารทั่วไป,93,,ส0127,อัน,สำนักงาน,2025-11
24/11/2025,แปรงลบกระดาน,20.00,1,20.00,กลุ่มงานบริหารทั่วไป,93,,ส0132,อัน,สำนักงาน,2025-11
24/11/2025,สติ๊กเกอร์ม้วน 3Yk (จ่ายกลาง),130.00,25,"3,250.00",งานการพยาบาลหน่วยควบคุมการติดเชื้อและงานจ่ายกลาง,47,,ส0186,ม้วน,สำนักงาน,2025-11
18/11/2025,น้ำมันดีเซล,31.20,"1,240.06","38,690.00",กลุ่มงานบริหารทั่วไป (ยานพาหนะ),94,,ช0001,ลิตร,เชื้อเพลิง,2025-11
27/11/2025,น้ำยาปรับผ้านุ่ม (บรรจุ 20 ลิตร),631.30,3,"1,893.90",งานการพยาบาลหน่วยควบคุมการติดเชื้อและงานจ่ายกลาง,95,,ง0129,ถัง,งานบ้านงานครัว,2025-11
27/11/2025,น้ำยาขจัดคราบไขมัน (บรรจุ 20 ลิตร),2033.00,3,"6,099.00",งานการพยาบาลหน่วยควบคุมการติดเชื้อและงานจ่ายกลาง,95,,ง0117,ถัง,งานบ้านงานครัว,2025-11
27/11/2025,"ผลิตภัณฑ์น้ำยาซักผ้าเครื่อง ""แมกซ์วอกช"" A605B",1605.00,3,"4,815.00",งานการพยาบาลหน่วยควบคุมการติดเชื้อและงานจ่ายกลาง,95,,ง0151,ถัง,งานบ้านงานครัว,2025-11
27/11/2025,ผลิตภัณฑ์เสริมด่าง,1284.00,3,"3,852.00",งานการพยาบาลหน่วยควบคุมการติดเชื้อและงานจ่ายกลาง,95,,ง0152,ถัง,งานบ้านงานครัว,2025-11
20/11/2025,External HDD 2.5 1 TB,2590.00,1,"2,590.00",กลุ่มงานสุขภาพดิจิตอล,96,,ค0065,ชิ้น,คอมพิวเตอร์,2025-11
20/11/2025,USB Flash Drive 64GB,190.00,2,380.00,กลุ่มงานสุขภาพดิจิตอล,96,,ค0005,ชิ้น,คอมพิวเตอร์,2025-11
20/11/2025,USB Flash Drive 256GB,690.00,2,"1,380.00",กลุ่มงานสุขภาพดิจิตอล,96,,ค0064,อัน,คอมพิวเตอร์,2025-11
20/11/2025,CAT6 UTP Cable (305M/BOX),5500.00,1,"5,500.00",กลุ่มงานสุขภาพดิจิตอล,96,,ค0003,ชิ้น,คอมพิวเตอร์,2025-11
29/12/2025,ฟองน้ำพร้อมสก็อตไบรท์,20.00,6,120.00,กลุ่มงานบริหารทั่วไป,131,,ง0179,แผ่น,งานบ้านงานครัว,2025-12
29/12/2025,เทปใส 1 นิ้ว,40.00,8,320.00,กลุ่มงานบริหารทั่วไป,112,,ส0095,ม้วน,สำนักงาน,2025-12
29/12/2025,กระดาษ A4 80 แกรม (สีขาว),130.00,20,"2,600.00",กลุ่มงานบริหารทั่วไป,112,,ส0009,รีม,สำนักงาน,2025-12
29/12/2025,กระดาษกาวย่น 1 นิ้ว,38.00,10,380.00,กลุ่มงานบริหารทั่วไป (โสต),106,,ส0015,ม้วน,สำนักงาน,2025-12
29/12/2025,กาว 2 หน้า บาง,20.00,5,100.00,กลุ่มงานบริหารทั่วไป (โสต),106,,ส0043,ม้วน,สำนักงาน,2025-12
29/12/2025,กาว 2 หน้า หนา,275.00,3,825.00,กลุ่มงานบริหารทั่วไป (โสต),106,,ส0044,ม้วน,สำนักงาน,2025-12
29/12/2025,ถุงขยะสีดำ ขนาด 28*36 นิ้ว,60.00,5,300.00,กลุ่มงานบริหารทั่วไป,130,,ง0070,แพ็ค,งานบ้านงานครัว,2025-12
29/12/2025,ถุงขยะสีดำ ขนาด 40*40 นิ้ว,60.00,5,300.00,กลุ่มงานบริหารทั่วไป,130,,ง0071,แพ็ค,งานบ้านงานครัว,2025-12
29/12/2025,ถุงขยะสีดำ ขนาด 16*19 นิ้ว,60.00,5,300.00,กลุ่มงานบริหารทั่วไป,130,,ง0069,แพ็ค,งานบ้านงานครัว,2025-12
29/12/2025,ไม้กวาดอ่อน,50.00,1,50.00,กลุ่มงานบริหารทั่วไป,130,,ง0187,อัน,งานบ้านงานครัว,2025-12
29/12/2025,ที่ตักผง,35.00,1,35.00,กลุ่มงานบริหารทั่วไป,130,,ง0106,อัน,งานบ้านงานครัว,2025-12
29/12/2025,น้ำยาล้างจาน (บรรจุ 3.8 ลิตร),195.00,1,195.00,กลุ่มงานบริหารทั่วไป,130,,ง0135,แกลลอน,งานบ้านงานครัว,2025-12
29/12/2025,กาวดักหนู,55.00,2,110.00,กลุ่มงานบริหารทั่วไป,130,,ง0019,ชิ้น,งานบ้านงานครัว,2025-12
29/12/2025,กระดาษชำระม้วนใหญ่,107.00,8,856.00,กลุ่มงานบริหารทั่วไป,130,,ง0007,ม้วน,งานบ้านงานครัว,2025-12
29/12/2025,กระดาษเช็ดมือ,61.97,12,743.64,กลุ่มงานบริหารทั่วไป,130,,ง0008,ห่อ,งานบ้านงานครัว,2025-12
29/12/2025,ถุงหูหิ้วสีขาว ขนาด 12*20 นิ้ว,70.00,5,350.00,กลุ่มงานบริหารทั่วไป,130,,ง0102,แพ็ค,งานบ้านงานครัว,2025-12
29/12/2025,กระดาษ A4 80 แกรม (สีขาว),130.00,5,650.00,กลุ่มงานบริการด้านปฐมภูมิและองค์รวม,101,,ส0009,รีม,สำนักงาน,2025-12
29/12/2025,ลวดเสียบกระดาษ,12.00,20,240.00,กลุ่มงานบริการด้านปฐมภูมิและองค์รวม,101,,ส0171,กล่อง,สำนักงาน,2025-12
29/12/2025,กระดาษเช็ดมือ,61.97,2,123.94,กลุ่มงานบริการด้านปฐมภูมิและองค์รวม,119,,ง0008,ห่อ,งานบ้านงานครัว,2025-12
29/12/2025,สก็อตไบรท์,20.00,2,40.00,กลุ่มงานบริการด้านปฐมภูมิและองค์รวม,119,,ง0203,แผ่น,งานบ้านงานครัว,2025-12
29/12/2025,กระดาษชำระม้วนใหญ่,107.00,8,856.00,กลุ่มงานบริการด้านปฐมภูมิและองค์รวม,119,,ง0007,ม้วน,งานบ้านงานครัว,2025-12
29/12/2025,ถ่าน ขนาด AA (อัลคาไลน์),25.00,12,300.00,กลุ่มงานบริการด้านปฐมภูมิและองค์รวม,119,,ง0064,ก้อน,งานบ้านงานครัว,2025-12
29/12/2025,ถุงขยะสีดำ ขนาด 16*19 นิ้ว,60.00,5,300.00,กลุ่มงานการแพทย์แผนไทยและการแพทย์ทางเลือก,118,,ง0069,แพ็ค,งานบ้านงานครัว,2025-12
29/12/2025,น้ำยาล้างจาน (บรรจุ 3.8 ลิตร),195.00,2,390.00,กลุ่มงานการแพทย์แผนไทยและการแพทย์ทางเลือก,118,,ง0135,แกลลอน,งานบ้านงานครัว,2025-12
29/12/2025,สบู่เหลวล้างมือ (บรรจุ 3.8 ลิตร),321.00,2,642.00,กลุ่มงานการแพทย์แผนไทยและการแพทย์ทางเลือก,118,,ง0204,แกลลอน,งานบ้านงานครัว,2025-12
29/12/2025,น้ำยาขจัดกลิ่นฆ่าเชื้อเอนกประสงค์ (บรรจุ 3.8 ลิตร),406.60,2,813.20,กลุ่มงานการแพทย์แผนไทยและการแพทย์ทางเลือก,118,,ง0116,แกลลอน,งานบ้านงานครัว,2025-12
29/12/2025,กระดาษเช็ดมือ,61.97,6,371.82,กลุ่มงานการแพทย์แผนไทยและการแพทย์ทางเลือก,118,,ง0008,ห่อ,งานบ้านงานครัว,2025-12
29/12/2025,เชือกฟาง,40.00,3,120.00,กลุ่มงานการแพทย์แผนไทยและการแพทย์ทางเลือก,118,,ง0042,ม้วน,งานบ้านงานครัว,2025-12
29/12/2025,ถ่าน ขนาด AA (อัลคาไลน์),25.00,16,400.00,กลุ่มงานการแพทย์แผนไทยและการแพทย์ทางเลือก,118,,ง0064,ก้อน,งานบ้านงานครัว,2025-12
29/12/2025,"สเปรย์ฉีดแมลง,ยุง",110.00,1,110.00,กลุ่มงานการแพทย์แผนไทยและการแพทย์ทางเลือก,118,,ง0206,กระป๋อง,งานบ้านงานครัว,2025-12
29/12/2025,สเปรย์ปรับอากาศ-ดับกลิ่น,125.00,2,250.00,กลุ่มงานการแพทย์แผนไทยและการแพทย์ทางเลือก,118,,ง0207,กระป๋อง,งานบ้านงานครัว,2025-12
29/12/2025,กระดาษเช็ดมือ,61.97,10,619.70,กลุ่มงานเวชกรรมฟื้นฟู,123,,ง0008,ห่อ,งานบ้านงานครัว,2025-12
29/12/2025,ถ่าน ขนาด AA (อัลคาไลน์),25.00,4,100.00,กลุ่มงานเวชกรรมฟื้นฟู,123,,ง0064,ก้อน,งานบ้านงานครัว,2025-12
29/12/2025,คลิบหนีบ 2 ขา สีดำ เบอร์ 111,35.00,1,35.00,กลุ่มงานเวชกรรมฟื้นฟู,107,,ส0058,กล่อง,สำนักงาน,2025-12
29/12/2025,ใบมีดคัทเตอร์ เล่มใหญ่,35.00,1,35.00,กลุ่มงานเวชกรรมฟื้นฟู,107,,ส0116,กล่อง,สำนักงาน,2025-12
29/12/2025,ปากกาลบคำผิดแบบเทป,59.00,1,59.00,กลุ่มงานเวชกรรมฟื้นฟู,107,,ส0127,อัน,สำนักงาน,2025-12
29/12/2025,กระดาษ A4 80 แกรม (สีขาว),130.00,5,650.00,กลุ่มงานเวชกรรมฟื้นฟู,107,,ส0009,รีม,สำนักงาน,2025-12
29/12/2025,กระดาษเช็ดมือ,61.97,2,123.94,กลุ่มงานบริหารทั่วไป (ซ่อมบำรุง),128,,ง0008,ห่อ,งานบ้านงานครัว,2025-12
29/12/2025,สายยาง 20 เมตร,600.00,1,600.00,กลุ่มงานบริหารทั่วไป (งานสนาม),129,,ง0243,เมตร,งานบ้านงานครัว,2025-12
29/12/2025,ผงซักฟอก ,175.00,1,175.00,กลุ่มงานบริหารทั่วไป (งานสนาม),129,,ง0148,ถุง,งานบ้านงานครัว,2025-12
29/12/2025,ไม้กวาดอ่อน,50.00,1,50.00,กลุ่มงานบริหารทั่วไป (งานสนาม),129,,ง0187,อัน,งานบ้านงานครัว,2025-12
29/12/2025,ไม้ถูพื้นพร้อมผ้า,170.00,1,170.00,กลุ่มงานบริหารทั่วไป (งานสนาม),129,,ง0190,อัน,งานบ้านงานครัว,2025-12
29/12/2025,กระดาษกาวย่น 1 นิ้ว,38.00,3,114.00,กลุ่มงานบริหารทั่วไป (ซ่อมบำรุง),113,,ส0015,ม้วน,สำนักงาน,2025-12
29/12/2025,กระดาษกาวย่น 2 นิ้ว,40.00,3,120.00,กลุ่มงานบริหารทั่วไป (ซ่อมบำรุง),113,,ส0016,ม้วน,สำนักงาน,2025-12
29/12/2025,เจลก้อนหอม,100.00,4,400.00,กลุ่มงานเทคนิคการแพทย์,126,,ง0016,ก้อน,งานบ้านงานครัว,2025-12
29/12/2025,กระดาษเช็ดมือ,61.97,6,371.82,กลุ่มงานเทคนิคการแพทย์,126,,ง0008,ห่อ,งานบ้านงานครัว,2025-12
29/12/2025,ถ่าน ขนาด AA (อัลคาไลน์),25.00,6,150.00,กลุ่มงานเทคนิคการแพทย์,126,,ง0064,ก้อน,งานบ้านงานครัว,2025-12
29/12/2025,สเปรย์ปรับอากาศ-ดับกลิ่น,125.00,4,500.00,กลุ่มงานเทคนิคการแพทย์,126,,ง0207,กระป๋อง,งานบ้านงานครัว,2025-12
29/12/2025,กระดาษ A4 80 แกรม (สีขาว),130.00,10,"1,300.00",กลุ่มงานประกันสุขภาพยุทธศาสตร์,104,,ส0009,รีม,สำนักงาน,2025-12
29/12/2025,ซองขาว,1.00,150,150.00,กลุ่มงานประกันสุขภาพยุทธศาสตร์,104,,ส0069,ซอง,สำนักงาน,2025-12
29/12/2025,กาว 2 หน้า หนา,275.00,1,275.00,กลุ่มงานประกันสุขภาพยุทธศาสตร์,104,,ส0044,ม้วน,สำนักงาน,2025-12
29/12/2025,ลวดเสียบกระดาษ,12.00,5,60.00,กลุ่มงานการพยาบาล,110,,ส0171,กล่อง,สำนักงาน,2025-12
29/12/2025,กระดาษ A4 80 แกรม (สีขาว),130.00,5,650.00,กลุ่มงานการพยาบาล,110,,ส0009,รีม,สำนักงาน,2025-12
29/12/2025,คลิบบอร์ด (A4),59.00,2,118.00,กลุ่มงานการพยาบาล,110,,ส0053,แผ่น,สำนักงาน,2025-12
29/12/2025,ถุงขยะสีดำ ขนาด 40*40 นิ้ว,60.00,5,300.00,กลุ่มงานเภสัชกรรมและคุ้มครองผู้บริโภค,127,,ง0071,แพ็ค,งานบ้านงานครัว,2025-12
29/12/2025,ถุงซิปใส ขนาด 13*20 ซม.,145.00,50,"7,250.00",กลุ่มงานเภสัชกรรมและคุ้มครองผู้บริโภค,127,,ย0004,กก.,วัสดุอื่น(ซองยา),2025-12
29/12/2025,ลวดเสียบกระดาษ,12.00,20,240.00,ห้องบัตร,103,,ส0171,กล่อง,สำนักงาน,2025-12
29/12/2025,"กระดาษเทอมอล 110*30 ซม.(ห้องบัตร,ชันสูตร)",2750.00,1,"2,750.00",ห้องบัตร,103,,ส0021,ม้วน,สำนักงาน,2025-12
29/12/2025,ถ่าน ขนาด AA (อัลคาไลน์),25.00,6,150.00,ห้องบัตร,125,,ง0064,ก้อน,งานบ้านงานครัว,2025-12
29/12/2025,กระดาษเช็ดมือ,61.97,3,185.91,ห้องบัตร,125,,ง0008,ห่อ,งานบ้านงานครัว,2025-12
29/12/2025,ถุงหูหิ้วสีขาว ขนาด 12*20 นิ้ว,70.00,5,350.00,ห้องบัตร,125,,ง0102,แพ็ค,งานบ้านงานครัว,2025-12
29/12/2025,ไม้กวาดอ่อน,50.00,1,50.00,ห้องบัตร,125,,ง0187,อัน,งานบ้านงานครัว,2025-12
29/12/2025,ไม้กวาดขนไก่,110.00,1,110.00,ห้องบัตร,125,,ง0184,อัน,งานบ้านงานครัว,2025-12
29/12/2025,น้ำยาล้างรถ (บรรจุ 20 ลิตร),802.50,2,"1,605.00",กลุ่มงานบริหารทั่วไป (ยานพาหนะ),132,,ง0136,แกลลอน,งานบ้านงานครัว,2025-12
29/12/2025,กระดาษ A4 80 แกรม (สีขาว),130.00,10,"1,300.00",กลุ่มงานเภสัชกรรมและคุ้มครองผู้บริโภค,111,,ส0009,รีม,สำนักงาน,2025-12
29/12/2025,คลิบหนีบ 2 ขา สีดำ เบอร์ 108,90.00,2,180.00,กลุ่มงานเภสัชกรรมและคุ้มครองผู้บริโภค,111,,ส0055,กล่อง,สำนักงาน,2025-12
29/12/2025,ดินสอ,3.00,12,36.00,กลุ่มงานเภสัชกรรมและคุ้มครองผู้บริโภค,111,,ส0075,แท่ง,สำนักงาน,2025-12
29/12/2025,น้ำยาล้างจาน (บรรจุ 3.8 ลิตร),195.00,1,195.00,งานการพยาบาลหน่วยควบคุมการติดเชื้อและงานจ่ายกลาง,124,,ง0135,แกลลอน,งานบ้านงานครัว,2025-12
29/12/2025,ถุงขยะสีดำ ขนาด 40*40 นิ้ว,60.00,5,300.00,งานการพยาบาลหน่วยควบคุมการติดเชื้อและงานจ่ายกลาง,124,,ง0071,แพ็ค,งานบ้านงานครัว,2025-12
29/12/2025,ไม้ถูพื้นพร้อมผ้า,170.00,3,510.00,งานการพยาบาลหน่วยควบคุมการติดเชื้อและงานจ่ายกลาง,124,,ง0190,อัน,งานบ้านงานครัว,2025-12
29/12/2025,ผงซักฟอก ,175.00,2,350.00,งานการพยาบาลหน่วยควบคุมการติดเชื้อและงานจ่ายกลาง,124,,ง0148,ถุง,งานบ้านงานครัว,2025-12
29/12/2025,ไม้กวาดแข็ง,50.00,3,150.00,งานการพยาบาลหน่วยควบคุมการติดเชื้อและงานจ่ายกลาง,124,,ง0185,อัน,งานบ้านงานครัว,2025-12
29/12/2025,ที่ตักผง,35.00,2,70.00,งานการพยาบาลหน่วยควบคุมการติดเชื้อและงานจ่ายกลาง,124,,ง0106,อัน,งานบ้านงานครัว,2025-12
29/12/2025,กระดาษเช็ดมือ,61.97,4,247.88,งานการพยาบาลหน่วยควบคุมการติดเชื้อและงานจ่ายกลาง,124,,ง0008,ห่อ,งานบ้านงานครัว,2025-12
29/12/2025,น้ำยาล้างห้องน้ำ (บรรจุ 3.8 ลิตร),321.00,2,642.00,งานการพยาบาลหน่วยควบคุมการติดเชื้อและงานจ่ายกลาง,124,,ง0138,แกลลอน,งานบ้านงานครัว,2025-12
29/12/2025,น้ำยาขจัดกลิ่นฆ่าเชื้อเอนกประสงค์ (บรรจุ 3.8 ลิตร),406.60,2,813.20,งานการพยาบาลหน่วยควบคุมการติดเชื้อและงานจ่ายกลาง,124,,ง0116,แกลลอน,งานบ้านงานครัว,2025-12
29/12/2025,กระดาษกาวย่น 1 นิ้ว,38.00,12,456.00,งานการพยาบาลหน่วยควบคุมการติดเชื้อและงานจ่ายกลาง,108,,ส0015,ม้วน,สำนักงาน,2025-12
29/12/2025,ใบมีดคัทเตอร์ เล่มใหญ่,35.00,1,35.00,งานการพยาบาลหน่วยควบคุมการติดเชื้อและงานจ่ายกลาง,108,,ส0116,กล่อง,สำนักงาน,2025-12
29/12/2025,แม็กซ์ เบอร์ 3,495.00,1,495.00,กลุ่มงานประกันสุขภาพยุทธศาสตร์,104,,ส0164,ตัว,สำนักงาน,2025-12
29/12/2025,กระดาษคาร์บอน,165.00,1,165.00,งานการพยาบาลหน่วยควบคุมการติดเชื้อและงานจ่ายกลาง,108,,ส0019,แพ็ค,สำนักงาน,2025-12
29/12/2025,นาฬิกาแขวน,395.00,1,395.00,งานการพยาบาลหน่วยควบคุมการติดเชื้อและงานจ่ายกลาง,108,,ส0109,เรือน,สำนักงาน,2025-12
29/12/2025,"หมึกเติมตลับชาติ ดำ,แดง,น้ำเงิน",12.00,1,12.00,งานการพยาบาลหน่วยควบคุมการติดเชื้อและงานจ่ายกลาง,108,,ส0203,ขวด,สำนักงาน,2025-12
29/12/2025,สมุดเบอร์ 2,60.00,4,240.00,งานการพยาบาลหน่วยควบคุมการติดเชื้อและงานจ่ายกลาง,108,,ส0191,เล่ม,สำนักงาน,2025-12
29/12/2025,สบู่เหลวล้างมือ (บรรจุ 3.8 ลิตร),321.00,1,321.00,งานการพยาบาลผู้ป่วยอุบัติเหตุฉุกเฉินและนิติเวช,122,,ง0204,แกลลอน,งานบ้านงานครัว,2025-12
29/12/2025,ถุงขยะสีดำ ขนาด 28*36 นิ้ว,60.00,10,600.00,งานการพยาบาลผู้ป่วยอุบัติเหตุฉุกเฉินและนิติเวช,122,,ง0070,แพ็ค,งานบ้านงานครัว,2025-12
29/12/2025,ฟองน้ำพร้อมสก็อตไบรท์,20.00,1,20.00,งานการพยาบาลผู้ป่วยอุบัติเหตุฉุกเฉินและนิติเวช,122,,ง0179,แผ่น,งานบ้านงานครัว,2025-12
29/12/2025,ถังขยะชนิดเหยียบ ขนาด 18 ลิตร,350.00,1,350.00,งานการพยาบาลผู้ป่วยอุบัติเหตุฉุกเฉินและนิติเวช,122,,ง0053,ใบ,งานบ้านงานครัว,2025-12
29/12/2025,ถ่าน ขนาด AA (อัลคาไลน์),25.00,32,800.00,งานการพยาบาลผู้ป่วยอุบัติเหตุฉุกเฉินและนิติเวช,122,,ง0064,ก้อน,งานบ้านงานครัว,2025-12
29/12/2025,ใบ Copy Order 22*29.5 ซม.,2100.00,1,"2,100.00",งานการพยาบาลผู้ป่วยอุบัติเหตุฉุกเฉินและนิติเวช,114,,ส0113,ชุด,สำนักงาน,2025-12
29/12/2025,กระดาษ A4 80 แกรม (ทุกสี),240.00,1,240.00,งานการพยาบาลผู้ป่วยอุบัติเหตุฉุกเฉินและนิติเวช,105,,ส0008,รีม,สำนักงาน,2025-12
29/12/2025,ซองน้ำตาล A4 (ขยายข้าง),5.00,20,100.00,งานการพยาบาลผู้ป่วยอุบัติเหตุฉุกเฉินและนิติเวช,105,,ส0070,ซอง,สำนักงาน,2025-12
29/12/2025,ซองขาว,1.00,100,100.00,งานการพยาบาลผู้ป่วยอุบัติเหตุฉุกเฉินและนิติเวช,105,,ส0069,ซอง,สำนักงาน,2025-12
29/12/2025,ถ่าน ขนาด AAA (อัลคาไลน์),25.00,4,100.00,งานการพยาบาลผู้คลอด,120,,ง0065,ก้อน,งานบ้านงานครัว,2025-12
29/12/2025,ถุงขยะสีแดง ขนาด 16*28 นิ้ว (พิมพ์ลาย),80.00,5,400.00,งานการพยาบาลผู้คลอด,102,,ง0074,แพ็ค,งานบ้านงานครัว,2025-12
29/12/2025,คลิบหนีบ 2 ขา สีดำ เบอร์ 109,80.00,5,400.00,งานการพยาบาลผู้คลอด,102,,ส0056,กล่อง,สำนักงาน,2025-12
29/12/2025,ปากกาลบคำผิดแบบเทป,59.00,3,177.00,งานการพยาบาลผู้คลอด,102,,ส0127,อัน,สำนักงาน,2025-12
29/12/2025,แฟ้มพลาสติกสะสมงาน (เติมใส้ได้),35.00,2,70.00,งานการพยาบาลผู้คลอด,102,,ส0152,แฟ้ม,สำนักงาน,2025-12
29/12/2025,ผงซักฟอก ,175.00,1,175.00,งานการพยาบาลผู้คลอด,121,,ง0148,ถุง,งานบ้านงานครัว,2025-12
29/12/2025,กระดาษ A4 80 แกรม (สีขาว),130.00,10,"1,300.00",งานการพยาบาลผู้ป่วยนอก,98,,ส0009,รีม,สำนักงาน,2025-12
29/12/2025,ซองขาว,1.00,500,500.00,งานการพยาบาลผู้ป่วยนอก,98,,ส0069,ซอง,สำนักงาน,2025-12
29/12/2025,ถุงซิปใส ขนาด 8*12 ซม.,145.00,5,725.00,งานการพยาบาลผู้ป่วยนอก,117,,ย0008,กก.,วัสดุอื่น(ซองยา),2025-12
29/12/2025,ถุงขยะสีดำ ขนาด 28*36 นิ้ว,60.00,10,600.00,งานการพยาบาลผู้ป่วยนอก,117,,ง0070,แพ็ค,งานบ้านงานครัว,2025-12
29/12/2025,ถุงขยะสีแดง ขนาด 16*28 นิ้ว (พิมพ์ลาย),80.00,5,400.00,งานการพยาบาลผู้ป่วยนอก,117,,ง0074,แพ็ค,งานบ้านงานครัว,2025-12
29/12/2025,ถุงหูหิ้วสีขาว ขนาด 12*20 นิ้ว,70.00,5,350.00,งานการพยาบาลผู้ป่วยนอก,117,,ง0102,แพ็ค,งานบ้านงานครัว,2025-12
29/12/2025,ถ่าน ขนาด AA (อัลคาไลน์),25.00,20,500.00,งานการพยาบาลผู้ป่วยนอก,117,,ง0064,ก้อน,งานบ้านงานครัว,2025-12
29/12/2025,น้ำยาล้างจาน (บรรจุ 3.8 ลิตร),195.00,2,390.00,งานการพยาบาลผู้ป่วยใน,133,,ง0135,แกลลอน,งานบ้านงานครัว,2025-12
29/12/2025,ฟองน้ำพร้อมสก็อตไบรท์,20.00,12,240.00,งานการพยาบาลผู้ป่วยใน,133,,ง0179,แผ่น,งานบ้านงานครัว,2025-12
29/12/2025,น้ำยาขจัดกลิ่นฆ่าเชื้อเอนกประสงค์ (บรรจุ 3.8 ลิตร),406.60,3,"1,219.80",งานการพยาบาลผู้ป่วยใน,133,,ง0116,แกลลอน,งานบ้านงานครัว,2025-12
29/12/2025,ถุงขยะสีดำ ขนาด 28*36 นิ้ว,60.00,15,900.00,งานการพยาบาลผู้ป่วยใน,133,,ง0070,แพ็ค,งานบ้านงานครัว,2025-12
29/12/2025,ถุงหูหิ้วสีขาว ขนาด 12*20 นิ้ว,70.00,15,"1,050.00",งานการพยาบาลผู้ป่วยใน,133,,ง0102,แพ็ค,งานบ้านงานครัว,2025-12
29/12/2025,กระดาษ A4 80 แกรม (สีขาว),130.00,10,"1,300.00",งานการพยาบาลผู้ป่วยใน,115,,ส0009,รีม,สำนักงาน,2025-12
29/12/2025,กระดาษกาวย่น 1 นิ้ว,38.00,8,304.00,งานการพยาบาลผู้ป่วยใน,115,,ส0015,ม้วน,สำนักงาน,2025-12
29/12/2025,เทปใส 3/4 นิ้ว,30.00,20,600.00,งานการพยาบาลผู้ป่วยใน,115,,ส0097,ม้วน,สำนักงาน,2025-12
29/12/2025,ซองขาว,1.00,100,100.00,งานการพยาบาลผู้ป่วยใน,115,,ส0069,ซอง,สำนักงาน,2025-12
29/12/2025,แลคซีน 1.5 นิ้ว,55.00,3,165.00,งานการพยาบาลผู้ป่วยใน,115,,ส0176,ม้วน,สำนักงาน,2025-12
29/12/2025,โพสอิท (สติ๊กเกอร์โน๊ต) ชิ้นเล็ก ๆ,39.00,3,117.00,งานการพยาบาลผู้ป่วยใน,115,,ส0146,แพ็ค,สำนักงาน,2025-12
29/12/2025,ปากกาเน้นข้อความ,38.00,3,114.00,งานการพยาบาลผู้ป่วยใน,115,,ส0126,ด้าม,สำนักงาน,2025-12
29/12/2025,ลูกแม็กซ์ เบอร์ 10,15.00,6,90.00,งานการพยาบาลผู้ป่วยใน,115,,ส0173,กล่อง,สำนักงาน,2025-12
29/12/2025,ใบ Copy Order 22*29.5 ซม.,2100.00,2,"4,200.00",งานการพยาบาลผู้ป่วยใน,116,,ส0113,ชุด,สำนักงาน,2025-12
3/12/2025,Smart Card Reader W/USB Cable,1290.00,3,"3,870.00",ห้องบัตร,144,,ค0033,ชิ้น,คอมพิวเตอร์,2025-12
19/12/2025,หมึก HP GT53 BK,390.00,1,390.00,งานการพยาบาลผู้ป่วยใน,143,,ค0061,ขวด,คอมพิวเตอร์,2025-12
19/12/2025,INK FOR CANON GI 790 (C),390.00,1,390.00,งานการพยาบาลผู้ป่วยใน,143,,ค0013,ขวด,คอมพิวเตอร์,2025-12
19/12/2025,INK FOR CANON GI 790 (BK),390.00,1,390.00,งานการพยาบาลผู้ป่วยใน,143,,ค0012,ขวด,คอมพิวเตอร์,2025-12
19/12/2025,INK FOR EPSON T00V100(003) (BK),390.00,1,390.00,งานการพยาบาลผู้ป่วยใน,143,,ค0017,ขวด,คอมพิวเตอร์,2025-12
19/12/2025,INK FOR EPSON T00V200(003) (C),390.00,1,390.00,งานการพยาบาลผู้ป่วยใน,143,,ค0018,ขวด,คอมพิวเตอร์,2025-12
19/12/2025,INK FOR EPSON T00V300(003) (M),390.00,1,390.00,งานการพยาบาลผู้ป่วยใน,143,,ค0019,ขวด,คอมพิวเตอร์,2025-12
19/12/2025,Webcam OKER Black/Full HD  1080P,1290.00,1,"1,290.00",งานการพยาบาลผู้ป่วยใน,143,,ค0066,ชิ้น,คอมพิวเตอร์,2025-12
3/12/2025,Webcam (Full HD) 4 K Auto Focus,1190.00,2,"2,380.00",กลุ่มงานบริการด้านปฐมภูมิและองค์รวม,142,,ค0046,ชิ้น,คอมพิวเตอร์,2025-12
8/12/2025,TONER HP 85A,790.00,1,790.00,งานการพยาบาลผู้ป่วยอุบัติเหตุฉุกเฉินและนิติเวช,141,,ค0038,ตลับ,คอมพิวเตอร์,2025-12
29/12/2025,TONER LASER 79A,790.00,1,790.00,กลุ่มงานบริหารทั่วไป,140,,ค0043,ตลับ,คอมพิวเตอร์,2025-12
12/12/2025,TONER HP 76A,790.00,1,790.00,ห้องบัตร,139,,ค0042,ตลับ,คอมพิวเตอร์,2025-12
17/12/2025,หมึก CANON PGI-750 PGBK,890.00,1,890.00,กลุ่มงานบริหารทั่วไป (โสต),138,,ค0053,ขวด,คอมพิวเตอร์,2025-12
17/12/2025,หมึก CANON CLI-751 Y,790.00,1,790.00,กลุ่มงานบริหารทั่วไป (โสต),138,,ค0057,ขวด,คอมพิวเตอร์,2025-12
17/12/2025,หมึก CANON CLI-751 M,850.00,1,850.00,กลุ่มงานบริหารทั่วไป (โสต),138,,ค0056,ขวด,คอมพิวเตอร์,2025-12
29/12/2025,MOUSE (เมาท์),290.00,1,290.00,งานการพยาบาลผู้ป่วยนอก,137,,ค0026,ชิ้น,คอมพิวเตอร์,2025-12
1/12/2025,คีมเข้าหัวสาย LAN /สายโทรศัพท์GLINK (GLT-002),490.00,1,490.00,กลุ่มงานสุขภาพดิจิตอล,145,,ค0069,อัน,คอมพิวเตอร์,2025-12
8/12/2025,ใบปัดน้ำฝนหน้า,500.00,2,"1,000.00",กลุ่มงานบริหารทั่วไป (ยานพาหนะ),146,,ง0240,คู่,งานบ้านงานครัว,2025-12
8/12/2025,ใบปัดน้ำฝนหลัง,350.00,2,700.00,กลุ่มงานบริหารทั่วไป (ยานพาหนะ),146,,ง0241,อัน,งานบ้านงานครัว,2025-12
29/12/2025,เจลก้อนหอม,100.00,2,200.00,กลุ่มงานบริหารทั่วไป,147,,ง0016,ก้อน,งานบ้านงานครัว,2025-12
29/12/2025,สเปรย์ปรับอากาศ-ดับกลิ่น,125.00,1,125.00,กลุ่มงานบริหารทั่วไป,147,,ง0207,กระป๋อง,งานบ้านงานครัว,2025-12
12/12/2025,แก๊สหุงต้ม ขนาด 48 กก. (1),1302.00,4,"5,208.00",งานการพยาบาลหน่วยควบคุมการติดเชื้อและงานจ่ายกลาง,148,,ง0242,ถัง,งานบ้านงานครัว,2025-12
29/12/2025,ถังม็อบ (ซักผ้าถูพื้น),1200.00,2,"2,400.00",กลุ่มงานบริหารทั่วไป (แม่บ้าน),149,,ง0058,ใบ,งานบ้านงานครัว,2025-12
29/12/2025,น้ำยาล้างเครื่องมือแพทย์,4044.60,5,"20,223.00",งานการพยาบาลหน่วยควบคุมการติดเชื้อและงานจ่ายกลาง,150,,ง0239,แกลลอน,งานบ้านงานครัว,2025-12
29/12/2025,ผลิตภัณฑ์เสริมด่าง,1284.00,2,"2,568.00",งานการพยาบาลหน่วยควบคุมการติดเชื้อและงานจ่ายกลาง,150,,ง0152,ถัง,งานบ้านงานครัว,2025-12
29/12/2025,"ผลิตภัณฑ์น้ำยาซักผ้าเครื่อง ""แมกซ์วอกช"" A605B",1605.00,2,"3,210.00",งานการพยาบาลหน่วยควบคุมการติดเชื้อและงานจ่ายกลาง,150,,ง0151,ถัง,งานบ้านงานครัว,2025-12
29/12/2025,น้ำยาปรับผ้านุ่ม (บรรจุ 20 ลิตร),631.30,2,"1,262.60",งานการพยาบาลหน่วยควบคุมการติดเชื้อและงานจ่ายกลาง,150,,ง0129,ถัง,งานบ้านงานครัว,2025-12
29/12/2025,น้ำยาขจัดคราบไขมัน (บรรจุ 20 ลิตร),2033.00,2,"4,066.00",งานการพยาบาลหน่วยควบคุมการติดเชื้อและงานจ่ายกลาง,150,,ง0117,ถัง,งานบ้านงานครัว,2025-12
29/12/2025,กาว 2 หน้า บาง,20.00,1,20.00,กลุ่มงานประกันสุขภาพยุทธศาสตร์,104,,ส0043,ม้วน,สำนักงาน,2025-12
29/12/2025,กระดาษ A4 80 แกรม (สีขาว),130.00,5,650.00,กลุ่มงานบริหารทั่วไป (ยานพาหนะ),151,,ส0009,รีม,สำนักงาน,2025-12
29/12/2025,แฟ้มเสนอเซ็นต์,195.00,5,975.00,กลุ่มงานเภสัชกรรมและคุ้มครองผู้บริโภค,111,,ส0155,แฟ้ม,สำนักงาน,2025-12
29/12/2025,ปากกาลบคำผิดแบบเทป,59.00,5,295.00,กลุ่มงานเภสัชกรรมและคุ้มครองผู้บริโภค,111,,ส0127,อัน,สำนักงาน,2025-12
29/12/2025,มีดคัทเตอร์ ใหญ่,65.00,2,130.00,กลุ่มงานเภสัชกรรมและคุ้มครองผู้บริโภค,111,,ส0162,เล่ม,สำนักงาน,2025-12
29/12/2025,แลคซีน 2 นิ้ว,75.00,4,300.00,กลุ่มงานเภสัชกรรมและคุ้มครองผู้บริโภค,111,,ส0177,ม้วน,สำนักงาน,2025-12
29/12/2025,ตีนตุ๊กแก 1 นิ้ว,59.00,1,59.00,งานการพยาบาลหน่วยควบคุมการติดเชื้อและงานจ่ายกลาง,108,,ส0215,เมตร,สำนักงาน,2025-12
29/12/2025,ตีนตุ๊กแก 2 นิ้ว,129.00,1,129.00,งานการพยาบาลหน่วยควบคุมการติดเชื้อและงานจ่ายกลาง,108,,ส0216,เมตร,สำนักงาน,2025-12
29/12/2025,ซองน้ำตาล A4 (ขยายข้าง),5.00,30,150.00,กลุ่มงานบริหารทั่วไป,112,,ส0070,ซอง,สำนักงาน,2025-12
29/12/2025,กระดานไวท์บอร์ด 80*120 ซม.,650.00,1,650.00,กลุ่มงานบริหารทั่วไป,112,,ส0217,แผ่น,สำนักงาน,2025-12
29/12/2025,ปากกาลบคำผิดแบบเทป,59.00,3,177.00,กลุ่มงานบริหารทั่วไป,112,,ส0127,อัน,สำนักงาน,2025-12
29/12/2025,ซองขาว,1.00,500,500.00,กลุ่มงานบริหารทั่วไป,112,,ส0069,ซอง,สำนักงาน,2025-12
29/12/2025,ปากกาลบคำผิดแบบเทป,59.00,2,118.00,กลุ่มงานบริหารทั่วไป (ยานพาหนะ),151,,ส0127,อัน,สำนักงาน,2025-12
16/12/2025,น้ำมันดีเซล,31.00,"1,377.00","42,687",กลุ่มงานบริหารทั่วไป (ยานพาหนะ),153,,ช0001,ลิตร,เชื้อเพลิง,2025-12
16/12/2025,น้ำมันเบนซิน,32.10,80,"2,568.00",กลุ่มงานบริหารทั่วไป (ยานพาหนะ),153,,ช0002,ลิตร,เชื้อเพลิง,2025-12
1/12/2025,น้ำมันดีเซล,31.20,"1,265.51","39,484",กลุ่มงานบริหารทั่วไป (ยานพาหนะ),152,,ช0001,ลิตร,เชื้อเพลิง,2025-12
29/12/2025,น้ำหวานเข้มข้น,70.00,4,280.00,งานการพยาบาลผู้ป่วยใน,584,,บริ0003,ขวด,อุปโภค-บริโภค,2025-12
29/12/2025,น้ำดื่ม แบบขวด,55.00,100,"5,500.00",งานการพยาบาลผู้ป่วยใน,584,,บริ0001,ลัง,อุปโภค-บริโภค,2025-12
29/12/2025,น้ำหวานเข้มข้น,70.00,2,140.00,งานการพยาบาลผู้ป่วยใน,136,,บริ0003,ขวด,อุปโภค-บริโภค,2025-12
29/12/2025,น้ำหวานเข้มข้น,70.00,2,140.00,งานการพยาบาลผู้ป่วยใน,30,,บริ0003,ขวด,อุปโภค-บริโภค,2025-12
29/12/2025,น้ำหวานเข้มข้น,70.00,2,140.00,งานการพยาบาลผู้ป่วยอุบัติเหตุฉุกเฉินและนิติเวช,29,,บริ0003,ขวด,อุปโภค-บริโภค,2025-12
29/12/2025,น้ำหวานเข้มข้น,70.00,2,140.00,งานการพยาบาลผู้ป่วยนอก,31,,บริ0003,ขวด,อุปโภค-บริโภค,2025-12
29/12/2025,น้ำดื่ม แบบขวด,55.00,15,825.00,กลุ่มงานบริหารทั่วไป (แม่บ้าน),135,,บริ0001,ลัง,อุปโภค-บริโภค,2025-12
29/12/2025,น้ำดื่ม แบบแก้ว,80.00,12,960.00,กลุ่มงานบริหารทั่วไป (แม่บ้าน),135,,บริ0002,แพ็ค,อุปโภค-บริโภค,2025-12
29/12/2025,กระถาง,33.17,3,99.51,กลุ่มงานบริหารทั่วไป,154,,เก0002,อัน,วัสดุการเกษตร,2025-12
29/12/2025,ดอกไม้ปลอม,17.12,12,205.44,กลุ่มงานบริหารทั่วไป,154,,เก0016,ชิ้น,วัสดุการเกษตร,2025-12
29/12/2025,ดอกไม้ปลอม,73.83,6,442.98,กลุ่มงานบริหารทั่วไป,154,,เก0016,ชิ้น,วัสดุการเกษตร,2025-12
29/12/2025,ไขควงวัดไฟ,39.00,1,39.00,กลุ่มงานบริหารทั่วไป (ซ่อมบำรุง),155,,ฟ0030,แพ็ค,ไฟฟ้า,2025-12
29/12/2025,ฝาพลาสติก,17.30,10,173.00,กลุ่มงานบริหารทั่วไป (ซ่อมบำรุง),155,,ฟ0083,อัน,ไฟฟ้า,2025-12
29/12/2025,หม้อมิเตอร์ไฟฟ้า,2024.44,2,"4,048.88",กลุ่มงานบริหารทั่วไป (ซ่อมบำรุง),155,,ฟ0142,อัน,ไฟฟ้า,2025-12
29/12/2025,คัดเตอร์ 18 มม.,279.00,1,279.00,กลุ่มงานบริหารทั่วไป (ซ่อมบำรุง),155,,ฟ0156,อัน,ไฟฟ้า,2025-12
29/12/2025,ปากกาเช็คไฟดิจิตอล,75.00,1,75.00,กลุ่มงานบริหารทั่วไป (ซ่อมบำรุง),155,,ฟ0157,อัน,ไฟฟ้า,2025-12
29/12/2025,เต๋าต่อสายไฟ 12 ช่อง,19.00,7,133.00,กลุ่มงานบริหารทั่วไป (ซ่อมบำรุง),155,,ฟ0158,อัน,ไฟฟ้า,2025-12
29/12/2025,สายไฟ VAF 2*2.5 100MRACER,2422.00,1,"2,422.00",กลุ่มงานบริหารทั่วไป (ซ่อมบำรุง),155,,ฟ0159,อัน,ไฟฟ้า,2025-12
29/12/2025,โรลสายไฟ 25 เมตร,1690.00,1,"1,690.00",กลุ่มงานบริหารทั่วไป (ซ่อมบำรุง),155,,ฟ0160,เมตร,ไฟฟ้า,2025-12
29/12/2025,ก๊อกอ่างล้างจาน,229.00,5,"1,145.00",กลุ่มงานบริหารทั่วไป (ซ่อมบำรุง),156,,ป0004,ชิ้น,ประปา,2025-12
29/12/2025,ข้อต่อตรงเกลียวนอก,31.00,1,31.00,กลุ่มงานบริหารทั่วไป (ซ่อมบำรุง),156,,ป0010,ตัว,ประปา,2025-12
29/12/2025,ข้อต่อตรงเกลียวใน,4.25,10,42.50,กลุ่มงานบริหารทั่วไป (ซ่อมบำรุง),156,,ป0011,ตัว,ประปา,2025-12
29/12/2025,คลอรีนน้ำ,941.60,10,"9,416.00",กลุ่มงานบริหารทั่วไป (ซ่อมบำรุง),156,,ป0016,ลิตร,ประปา,2025-12
29/12/2025,ชุดสายฉีดชำระ,189.00,5,945.00,กลุ่มงานบริหารทั่วไป (ซ่อมบำรุง),156,,ป0020,ชุด,ประปา,2025-12
29/12/2025,น้ำยาประสานท่อ,139.00,1,139.00,กลุ่มงานบริหารทั่วไป (ซ่อมบำรุง),156,,ป0027,กระป๋อง,ประปา,2025-12
29/12/2025,บอลวาล์ว พีวีซี,36.00,5,180.00,กลุ่มงานบริหารทั่วไป (ซ่อมบำรุง),156,,ป0029,ชุด,ประปา,2025-12
29/12/2025,บอลวาล์ว พีวีซี,38.00,2,76.00,กลุ่มงานบริหารทั่วไป (ซ่อมบำรุง),156,,ป0029,ชุด,ประปา,2025-12
29/12/2025,ปลั๊กอุดเกลียวนอก ขนาด 1/2 นิ้ว,2.25,10,22.50,กลุ่มงานบริหารทั่วไป (ซ่อมบำรุง),156,,ป0034,ตัว,ประปา,2025-12
29/12/2025,ฝาครอบ,4.00,10,40.00,กลุ่มงานบริหารทั่วไป (ซ่อมบำรุง),156,,ป0037,อัน,ประปา,2025-12
29/12/2025,สามทาง,6.50,5,32.50,กลุ่มงานบริหารทั่วไป (ซ่อมบำรุง),156,,ป0052,อัน,ประปา,2025-12
29/12/2025,สายฝักบัว,79.00,7,553.00,กลุ่มงานบริหารทั่วไป (ซ่อมบำรุง),156,,ป0059,เส้น,ประปา,2025-12
29/12/2025,หัวฉีดชำระ (ประปา),99.00,9,891.00,กลุ่มงานบริหารทั่วไป (ซ่อมบำรุง),156,,ป0073,ชุด,ประปา,2025-12
29/12/2025,ชุดอุปกรณ์หม้อน้ำ แบบปัดหน้า,325.00,2,650.00,กลุ่มงานบริหารทั่วไป (ซ่อมบำรุง),156,,ป0077,ชุด,ประปา,2025-12
29/12/2025,สายถักน้ำดีสแตนเลส (ประปา),129.00,5,645.00,กลุ่มงานบริหารทั่วไป (ซ่อมบำรุง),156,,ป0080,เส้น,ประปา,2025-12
29/12/2025,หัวสายฉีดชำระ,99.00,1,99.00,กลุ่มงานบริหารทั่วไป (ซ่อมบำรุง),156,,ป0081,อัน,ประปา,2025-12
29/12/2025,แกนน้ำเข้า (ประปา),179.00,2,358.00,กลุ่มงานบริหารทั่วไป (ซ่อมบำรุง),156,,ป0078,อัน,ประปา,2025-12
29/12/2025,ชุดอุุปกรณ์หม้อน้ำ แบบปัดข้าง,315.00,2,630.00,กลุ่มงานบริหารทั่วไป (ซ่อมบำรุง),156,,ป0079,ชุด,ประปา,2025-12
29/12/2025,ก๊อกอ่างล้างจาน แบบติดผนัง,239.00,3,717.00,กลุ่มงานบริหารทั่วไป (ซ่อมบำรุง),156,,ป0082,อัน,ประปา,2025-12
29/12/2025,ก๊อกอ่างล้างหน้าทรงเตี้ย,189.00,5,945.00,กลุ่มงานบริหารทั่วไป (ซ่อมบำรุง),156,,ป0083,ตัว,ประปา,2025-12
29/12/2025,วาล์วฝักบัว,149.00,5,745.00,กลุ่มงานบริหารทั่วไป (ซ่อมบำรุง),156,,ป0084,อัน,ประปา,2025-12
29/12/2025,ชุดกระจก 3 ชิ้น,199.00,2,398.00,กลุ่มงานบริหารทั่วไป (ซ่อมบำรุง),156,,ป0085,ชุด,ประปา,2025-12
29/12/2025,บอลวาล์วพีวีซีแรงดันสูง,62.00,1,62.00,กลุ่มงานบริหารทั่วไป (ซ่อมบำรุง),156,,ป0086,ชิ้้น,ประปา,2025-12
29/12/2025,หัวสปริงเกลอร์แกนสแตนเลส,270.00,1,270.00,กลุ่มงานบริหารทั่วไป (ซ่อมบำรุง),156,,ป0087,แพ็ค,ประปา,2025-12
29/12/2025,มินิบอลวาล์วทองเหลือง,82.00,5,410.00,กลุ่มงานบริหารทั่วไป (ซ่อมบำรุง),156,,ป0088,ชิ้น,ประปา,2025-12
29/12/2025,นิปเปิ้ลทองเหลือง,29.00,5,145.00,กลุ่มงานบริหารทั่วไป (ซ่อมบำรุง),156,,ป0089,อัน,ประปา,2025-12
29/12/2025,ก๊อกน้ำทองเหลืองมินิ,102.00,4,408.00,กลุ่มงานบริหารทั่วไป (ซ่อมบำรุง),156,,ป0090,อัน,ประปา,2025-12
29/12/2025,ก๊อกน้ำทองเหลือง,132.00,3,396.00,กลุ่มงานบริหารทั่วไป (ซ่อมบำรุง),156,,ป0091,อัน,ประปา,2025-12
29/12/2025,ข้อต่อตรงเกลียวนอกทองเหลือง,53.00,10,530.00,กลุ่มงานบริหารทั่วไป (ซ่อมบำรุง),156,,ป0092,ชิ้น,ประปา,2025-12
29/12/2025,ข้อต่อตรงเกลียวในทองเหลือง,32.00,10,320.00,กลุ่มงานบริหารทั่วไป (ซ่อมบำรุง),156,,ป0093,ชิ้น,ประปา,2025-12
29/12/2025,หัวกันไหล เกลียวนอก,6.00,10,60.00,กลุ่มงานบริหารทั่วไป (ซ่อมบำรุง),156,,ป0094,ชิ้น,ประปา,2025-12
29/12/2025,นิปเปิ้ลพีวีซี (ประปา),5.25,5,26.25,กลุ่มงานบริหารทั่วไป (ซ่อมบำรุง),156,,ป0095,อัน,ประปา,2025-12
29/12/2025,ฝาครอบเกลียวใน (ประปา),4.00,10,40.00,กลุ่มงานบริหารทั่วไป (ซ่อมบำรุง),156,,ป0096,อัน,ประปา,2025-12
29/12/2025,กรรไกรตัดท่อ,195.00,1,195.00,กลุ่มงานบริหารทั่วไป (ซ่อมบำรุง),157,,ก0001,อัน,วัสดุก่อสร้าง,2025-12
29/12/2025,กระดาษทราย,42.00,3,126.00,กลุ่มงานบริหารทั่วไป (ซ่อมบำรุง),157,,ก0005,ใบ,วัสดุก่อสร้าง,2025-12
29/12/2025,กระดาษทราย,46.00,3,138.00,กลุ่มงานบริหารทั่วไป (ซ่อมบำรุง),157,,ก0005,ใบ,วัสดุก่อสร้าง,2025-12
29/12/2025,กลอนประตูสแตนเลส,28.00,1,28.00,กลุ่มงานบริหารทั่วไป (ซ่อมบำรุง),157,,ก0011,ตัว,วัสดุก่อสร้าง,2025-12
29/12/2025,กุญแจคล้องทองเหลือง,125.00,1,125.00,กลุ่มงานบริหารทั่วไป (ซ่อมบำรุง),157,,ก0020,แพ็ค,วัสดุก่อสร้าง,2025-12
29/12/2025,คลิปรัดหางปลา,25.00,5,125.00,กลุ่มงานบริหารทั่วไป (ซ่อมบำรุง),157,,ก0039,แพ็ค,วัสดุก่อสร้าง,2025-12
29/12/2025,จารบี,110.00,1,110.00,กลุ่มงานบริหารทั่วไป (ซ่อมบำรุง),157,,ก0051,กระป๋อง,วัสดุก่อสร้าง,2025-12
29/12/2025,ซิลิโคน,149.00,5,745.00,กลุ่มงานบริหารทั่วไป (ซ่อมบำรุง),157,,ก0071,หลอด,วัสดุก่อสร้าง,2025-12
29/12/2025,ดอกไขควง,360.00,1,360.00,กลุ่มงานบริหารทั่วไป (ซ่อมบำรุง),157,,ก0078,แพ็ค,วัสดุก่อสร้าง,2025-12
29/12/2025,น้ำมันเอนกประสงค์,210.00,3,630.00,กลุ่มงานบริหารทั่วไป (ซ่อมบำรุง),157,,ก0111,กระป๋อง,วัสดุก่อสร้าง,2025-12
29/12/2025,ใบตัดเหล็ก,22.00,5,110.00,กลุ่มงานบริหารทั่วไป (ซ่อมบำรุง),157,,ก0127,ใบ,วัสดุก่อสร้าง,2025-12
29/12/2025,ใบตัดเหล็ก,32.00,5,160.00,กลุ่มงานบริหารทั่วไป (ซ่อมบำรุง),157,,ก0127,ใบ,วัสดุก่อสร้าง,2025-12
29/12/2025,ประแจเลื่อน,390.00,1,390.00,กลุ่มงานบริหารทั่วไป (ซ่อมบำรุง),157,,ก0135,อัน,วัสดุก่อสร้าง,2025-12
29/12/2025,ปืนไล่ฝุ่น,203.00,1,203.00,กลุ่มงานบริหารทั่วไป (ซ่อมบำรุง),157,,ก0150,ด้าม,วัสดุก่อสร้าง,2025-12
29/12/2025,แปรงลวดทองเหลือง,45.00,2,90.00,กลุ่มงานบริหารทั่วไป (ซ่อมบำรุง),157,,ก0158,อัน,วัสดุก่อสร้าง,2025-12
29/12/2025,พุกพลาสติก,29.00,1,29.00,กลุ่มงานบริหารทั่วไป (ซ่อมบำรุง),157,,ก0173,แพ็ค,วัสดุก่อสร้าง,2025-12
29/12/2025,พุกเหล็ก,30.00,2,60.00,กลุ่มงานบริหารทั่วไป (ซ่อมบำรุง),157,,ก0174,ตัว,วัสดุก่อสร้าง,2025-12
29/12/2025,สกรูยิงแผ่นยิปซั่ม,68.68,1,68.68,กลุ่มงานบริหารทั่วไป (ซ่อมบำรุง),157,,ก0207,กล่อง,วัสดุก่อสร้าง,2025-12
29/12/2025,สกรูยิงแผ่นยิปซั่ม,95.95,2,191.90,กลุ่มงานบริหารทั่วไป (ซ่อมบำรุง),157,,ก0207,กล่อง,วัสดุก่อสร้าง,2025-12
29/12/2025,สกรูยึดกระเบื้องปลายสว่าน 18.75 มม.,55.00,2,110.00,กลุ่มงานบริหารทั่วไป (ซ่อมบำรุง),157,,ก0283,ตัว,วัสดุก่อสร้าง,2025-12
29/12/2025,สีสเปรย์,50.00,4,200.00,กลุ่มงานบริหารทั่วไป (ซ่อมบำรุง),157,,ก0238,กระป๋อง,วัสดุก่อสร้าง,2025-12
29/12/2025,สีสเปรย์,79.00,3,237.00,กลุ่มงานบริหารทั่วไป (ซ่อมบำรุง),157,,ก0238,กระป๋อง,วัสดุก่อสร้าง,2025-12
29/12/2025,ประแจแหวนข้างปากตาย 10 มม.,50.00,1,50.00,กลุ่มงานบริหารทั่วไป (ซ่อมบำรุง),157,,ก0271,อัน,วัสดุก่อสร้าง,2025-12
29/12/2025,แหวนอีแปะ,89.00,1,89.00,กลุ่มงานบริหารทั่วไป (ซ่อมบำรุง),157,,ก0272,แพ็ค,วัสดุก่อสร้าง,2025-12
29/12/2025,"สกรูปลายสว่าน (ขนาด 20 มม. , 25 มม.)",55.00,2,110.00,กลุ่มงานบริหารทั่วไป (ซ่อมบำรุง),157,,ก0273,ถุง,วัสดุก่อสร้าง,2025-12
29/12/2025,"สกรูปลายสว่าน (ขนาด 20 มม. , 25 มม.)",69.00,2,138.00,กลุ่มงานบริหารทั่วไป (ซ่อมบำรุง),157,,ก0273,ถุง,วัสดุก่อสร้าง,2025-12
29/12/2025,สกรูพร้อมน็อต,20.00,2,40.00,กลุ่มงานบริหารทั่วไป (ซ่อมบำรุง),157,,ก0274,ถุง,วัสดุก่อสร้าง,2025-12
29/12/2025,ดอกเจาะอเนกประสงค์ก้านกลม,93.00,2,186.00,กลุ่มงานบริหารทั่วไป (ซ่อมบำรุง),157,,ก0275,อัน,วัสดุก่อสร้าง,2025-12
29/12/2025,ดอกไขควงกระแทก,100.15,1,100.15,กลุ่มงานบริหารทั่วไป (ซ่อมบำรุง),157,,ก0276,แผง,วัสดุก่อสร้าง,2025-12
29/12/2025,พุกปีกผีเสื้อยึดผนัง,52.00,2,104.00,กลุ่มงานบริหารทั่วไป (ซ่อมบำรุง),157,,ก0277,แพ็ค,วัสดุก่อสร้าง,2025-12
29/12/2025,ใบเลื่อยวงเดือน,195.00,1,195.00,กลุ่มงานบริหารทั่วไป (ซ่อมบำรุง),157,,ก0278,ใบ,วัสดุก่อสร้าง,2025-12
29/12/2025,กลอนสับสแตนเลส,159.00,3,477.00,กลุ่มงานบริหารทั่วไป (ซ่อมบำรุง),157,,ก0279,ตัว,วัสดุก่อสร้าง,2025-12
29/12/2025,ดอกเจาะสแตนเลส,145.00,2,290.00,กลุ่มงานบริหารทั่วไป (ซ่อมบำรุง),157,,ก0281,ตัว,วัสดุก่อสร้าง,2025-12
29/12/2025,ดอกเจาะสแตนเลส,340.00,1,340.00,กลุ่มงานบริหารทั่วไป (ซ่อมบำรุง),157,,ก0281,ตัว,วัสดุก่อสร้าง,2025-12
29/12/2025,คีมตัดปากเฉียงหุ้มฉนวน,289.00,1,289.00,กลุ่มงานบริหารทั่วไป (ซ่อมบำรุง),157,,ก0282,ตัว,วัสดุก่อสร้าง,2025-12
29/12/2025,กลอนห้องน้ำสแตนเลส,62.00,3,186.00,กลุ่มงานบริหารทั่วไป (ซ่อมบำรุง),157,,ก0280,ตัว,วัสดุก่อสร้าง,2025-12
29/12/2025,สกรูยึดกระเบื้องปลายสว่าน 25 มม.,57.00,2,114.00,กลุ่มงานบริหารทั่วไป (ซ่อมบำรุง),157,,ก0284,ตัว,วัสดุก่อสร้าง,2025-12
29/12/2025,ผ้าหลาพิมพ์ลาย,160.00,220,"35,200.00",กลุ่มงานบริหารทั่วไป,147,,ง0244,เมตร,งานบ้านงานครัว,2025-12
29/12/2025,ผงซักฟอก ,175.00,2,350.00,กลุ่มงานบริหารทั่วไป,147,,ง0148,ถุง,งานบ้านงานครัว,2025-12
16/12/2025,น้ำมันดีเซล,32.30,10,323.00,กลุ่มงานบริหารทั่วไป (ยานพาหนะ),153,,ช0001,ลิตร,เชื้อเพลิง,2025-12
23/1/2026,ถุงขยะสีดำ ขนาด 16*19 นิ้ว,60.00,10,600.00,กลุ่มงานบริหารทั่วไป,174,,ง0069,แพ็ค,งานบ้านงานครัว,2026-01
23/1/2026,ถุงขยะสีดำ ขนาด 40*40 นิ้ว,60.00,5,300.00,กลุ่มงานบริหารทั่วไป,174,,ง0071,แพ็ค,งานบ้านงานครัว,2026-01
23/1/2026,ถุงขยะสีดำ ขนาด 28*36 นิ้ว,60.00,5,300.00,กลุ่มงานบริหารทั่วไป,174,,ง0070,แพ็ค,งานบ้านงานครัว,2026-01
23/1/2026,ไม้กวาดอ่อน,50.00,2,100.00,กลุ่มงานบริหารทั่วไป,174,,ง0187,อัน,งานบ้านงานครัว,2026-01
23/1/2026,น้ำยาล้างจาน (บรรจุ 3.8 ลิตร),195.00,1,195.00,กลุ่มงานบริหารทั่วไป,174,,ง0135,แกลลอน,งานบ้านงานครัว,2026-01
23/1/2026,กระดาษชำระม้วนใหญ่,107.00,8,856.00,กลุ่มงานบริหารทั่วไป,174,,ง0007,ม้วน,งานบ้านงานครัว,2026-01
23/1/2026,กระดาษเช็ดมือ,61.97,10,619.70,กลุ่มงานทันตกรรม,172,,ง0008,ห่อ,งานบ้านงานครัว,2026-01
23/1/2026,ถุงขยะสีดำ ขนาด 40*40 นิ้ว,60.00,10,600.00,กลุ่มงานทันตกรรม,172,,ง0071,แพ็ค,งานบ้านงานครัว,2026-01
23/1/2026,ถุงหูหิ้วสีขาว ขนาด 12*20 นิ้ว,70.00,5,350.00,กลุ่มงานทันตกรรม,172,,ง0102,แพ็ค,งานบ้านงานครัว,2026-01
23/1/2026,ที่ตักผง,35.00,1,35.00,กลุ่มงานทันตกรรม,172,,ง0106,อัน,งานบ้านงานครัว,2026-01
23/1/2026,น้ำยาขจัดกลิ่นฆ่าเชื้อเอนกประสงค์ (บรรจุ 3.8 ลิตร),406.60,2,813.20,กลุ่มงานทันตกรรม,172,,ง0116,แกลลอน,งานบ้านงานครัว,2026-01
23/1/2026,น้ำยาล้างจาน (บรรจุ 3.8 ลิตร),195.00,1,195.00,กลุ่มงานทันตกรรม,172,,ง0135,แกลลอน,งานบ้านงานครัว,2026-01
23/1/2026,สบู่เหลวล้างมือ (บรรจุ 3.8 ลิตร),321.00,1,321.00,กลุ่มงานทันตกรรม,172,,ง0204,แกลลอน,งานบ้านงานครัว,2026-01
23/1/2026,แปรงซักผ้า,20.00,1,20.00,กลุ่มงานทันตกรรม,172,,ง0145,อัน,งานบ้านงานครัว,2026-01
23/1/2026,"สเปรย์ฉีดแมลง,ยุง",110.00,1,110.00,กลุ่มงานทันตกรรม,172,,ง0206,กระป๋อง,งานบ้านงานครัว,2026-01
23/1/2026,กะละมัง,50.00,2,100.00,กลุ่มงานทันตกรรม,172,,ง0017,ใบ,งานบ้านงานครัว,2026-01
23/1/2026,ถ่าน ขนาด AA (อัลคาไลน์),25.00,6,150.00,กลุ่มงานทันตกรรม,173,,ง0064,ก้อน,งานบ้านงานครัว,2026-01
23/1/2026,กระดาษ A4 80 แกรม (สีขาว),130.00,10,"1,300.00",กลุ่มงานบริการด้านปฐมภูมิและองค์รวม,170,,ส0009,รีม,สำนักงาน,2026-01
23/1/2026,ถุงขยะสีแดง ขนาด 40*40 นิ้ว,75.00,5,375.00,งานการพยาบาลผู้คลอด,159,,ง0076,แพ็ค,งานบ้านงานครัว,2026-01
23/1/2026,กรรไกร,85.00,1,85.00,งานการพยาบาลผู้คลอด,166,,ส0002,เล่ม,สำนักงาน,2026-01
23/1/2026,ตลับชาติ (เบอร์ 2),40.00,1,40.00,งานการพยาบาลผู้คลอด,166,,ส0082,ตลับ,สำนักงาน,2026-01
23/1/2026,กระดาษคาร์บอน,165.00,1,165.00,งานการพยาบาลผู้คลอด,166,,ส0019,แพ็ค,สำนักงาน,2026-01
23/1/2026,"หมึกเติมตลับชาติ ดำ,แดง,น้ำเงิน",12.00,1,12.00,งานการพยาบาลผู้คลอด,166,,ส0203,ขวด,สำนักงาน,2026-01
23/1/2026,ขวดสเปรย์ (เล็ก) (ขวดเปล่า),40.00,5,200.00,งานการพยาบาลผู้ป่วยนอก,163,,ง0026,ขวด,งานบ้านงานครัว,2026-01
23/1/2026,ถ่าน ขนาด AA (อัลคาไลน์),25.00,50,"1,250.00",งานการพยาบาลผู้ป่วยนอก,162,,ง0064,ก้อน,งานบ้านงานครัว,2026-01
23/1/2026,ถุงขยะสีดำ ขนาด 28*36 นิ้ว,60.00,5,300.00,งานการพยาบาลผู้ป่วยนอก,162,,ง0070,แพ็ค,งานบ้านงานครัว,2026-01
23/1/2026,ถังขยะชนิดเหยียบ ขนาด 18 ลิตร,440.00,1,440.00,งานการพยาบาลผู้ป่วยนอก,162,,ง0053,ใบ,งานบ้านงานครัว,2026-01
23/1/2026,สเปรย์ปรับอากาศ-ดับกลิ่น,125.00,6,750.00,งานการพยาบาลผู้ป่วยนอก,162,,ง0207,กระป๋อง,งานบ้านงานครัว,2026-01
23/1/2026,"กระดาษเทอมอล 110*80 ซม.(ER,OPD,LAB)",4900.00,1,"4,900.00",งานการพยาบาลผู้ป่วยอุบัติเหตุฉุกเฉินและนิติเวช,165,,ส0022,ม้วน,สำนักงาน,2026-01
23/1/2026,ซองน้ำตาล A4 (ไม่ขยายข้าง),5.00,20,100.00,งานการพยาบาลผู้ป่วยอุบัติเหตุฉุกเฉินและนิติเวช,164,,ส0071,ซอง,สำนักงาน,2026-01
23/1/2026,ซองขาว,1.00,100,100.00,งานการพยาบาลผู้ป่วยอุบัติเหตุฉุกเฉินและนิติเวช,164,,ส0069,ซอง,สำนักงาน,2026-01
23/1/2026,กระดาษสติ๊กเกอร์ A4,195.00,1,195.00,งานการพยาบาลผู้ป่วยอุบัติเหตุฉุกเฉินและนิติเวช,164,,ส0030,แพ็ค,สำนักงาน,2026-01
23/1/2026,กระดาษ A4 80 แกรม (สีขาว),130.00,5,650.00,งานการพยาบาลผู้ป่วยอุบัติเหตุฉุกเฉินและนิติเวช,164,,ส0009,รีม,สำนักงาน,2026-01
23/1/2026,ถุงหูหิ้วสีขาว ขนาด 12*20 นิ้ว,70.00,5,350.00,กลุ่มงานเทคนิคการแพทย์,171,,ง0102,แพ็ค,งานบ้านงานครัว,2026-01
23/1/2026,เจลก้อนหอม,100.00,6,600.00,กลุ่มงานเทคนิคการแพทย์,171,,ง0016,ก้อน,งานบ้านงานครัว,2026-01
23/1/2026,ถุงซิปใส ขนาด 13*20 ซม.,145.00,5,725.00,กลุ่มงานเทคนิคการแพทย์,171,,ย0004,กก.,วัสดุอื่น(ซองยา),2026-01
23/1/2026,ถุงซิปใส ขนาด 10*15 ซม.,145.00,5,725.00,กลุ่มงานเทคนิคการแพทย์,171,,ย0003,กก.,วัสดุอื่น(ซองยา),2026-01
23/1/2026,ไฟฉายแบบชาร์จ,160.00,2,320.00,งานการพยาบาลผู้ป่วยใน,161,,ง0182,กระบอก,งานบ้านงานครัว,2026-01
23/1/2026,กระดาษ A4 80 แกรม (สีขาว),130.00,5,650.00,กลุ่มงานบริการด้านปฐมภูมิและองค์รวม,169,,ส0009,รีม,สำนักงาน,2026-01
23/1/2026,เทปใส 2 นิ้ว,25.00,1,25.00,กลุ่มงานบริการด้านปฐมภูมิและองค์รวม,169,,ส0096,ม้วน,สำนักงาน,2026-01
23/1/2026,ลวดเสียบกระดาษ,12.00,5,60.00,กลุ่มงานบริการด้านปฐมภูมิและองค์รวม,169,,ส0171,กล่อง,สำนักงาน,2026-01
23/1/2026,กาว 2 หน้า หนา,275.00,2,550.00,กลุ่มงานบริการด้านปฐมภูมิและองค์รวม,169,,ส0044,ม้วน,สำนักงาน,2026-01
23/1/2026,สเปรย์ปรับอากาศ-ดับกลิ่น,125.00,1,125.00,กลุ่มงานบริการด้านปฐมภูมิและองค์รวม,177,,ง0207,กระป๋อง,งานบ้านงานครัว,2026-01
23/1/2026,กระดาษชำระม้วนใหญ่,107.00,3,321.00,กลุ่มงานบริการด้านปฐมภูมิและองค์รวม,177,,ง0007,ม้วน,งานบ้านงานครัว,2026-01
23/1/2026,ถุงขยะสีแดง ขนาด 16*24 นิ้ว พิมพ์ลาย,80.00,5,400.00,กลุ่มงานบริการด้านปฐมภูมิและองค์รวม,177,,ง0073,กก.,งานบ้านงานครัว,2026-01
23/1/2026,ถุงขยะสีดำ ขนาด 16*19 นิ้ว,60.00,5,300.00,กลุ่มงานบริการด้านปฐมภูมิและองค์รวม,177,,ง0069,แพ็ค,งานบ้านงานครัว,2026-01
23/1/2026,ถุงขยะสีดำ ขนาด 28*36 นิ้ว,60.00,5,300.00,กลุ่มงานบริการด้านปฐมภูมิและองค์รวม,177,,ง0070,แพ็ค,งานบ้านงานครัว,2026-01
23/1/2026,น้ำยาล้างจาน (บรรจุ 3.8 ลิตร),195.00,1,195.00,กลุ่มงานบริการด้านปฐมภูมิและองค์รวม,177,,ง0135,แกลลอน,งานบ้านงานครัว,2026-01
23/1/2026,ไม้กวาดอ่อน,50.00,1,50.00,กลุ่มงานบริการด้านปฐมภูมิและองค์รวม,177,,ง0187,อัน,งานบ้านงานครัว,2026-01
23/1/2026,น้ำยาล้างห้องน้ำ (บรรจุ 3.8 ลิตร),321.00,1,321.00,กลุ่มงานบริการด้านปฐมภูมิและองค์รวม,177,,ง0138,แกลลอน,งานบ้านงานครัว,2026-01
23/1/2026,ถ่าน ขนาด AA (อัลคาไลน์),25.00,5,125.00,กลุ่มงานบริการด้านปฐมภูมิและองค์รวม,177,,ง0064,ก้อน,งานบ้านงานครัว,2026-01
23/1/2026,กระดาษเช็ดมือ,61.97,12,743.64,งานการพยาบาลผู้ป่วยใน,160,,ง0008,ห่อ,งานบ้านงานครัว,2026-01
23/1/2026,สเปรย์ปรับอากาศ-ดับกลิ่น,125.00,2,250.00,งานการพยาบาลผู้ป่วยใน,160,,ง0207,กระป๋อง,งานบ้านงานครัว,2026-01
23/1/2026,ฟองน้ำพร้อมสก็อตไบรท์,20.00,12,240.00,งานการพยาบาลผู้ป่วยใน,160,,ง0179,แผ่น,งานบ้านงานครัว,2026-01
23/1/2026,เชือกฟาง,40.00,2,80.00,งานการพยาบาลผู้ป่วยใน,160,,ง0042,ม้วน,งานบ้านงานครัว,2026-01
23/1/2026,น้ำยาล้างจาน (บรรจุ 3.8 ลิตร),195.00,2,390.00,งานการพยาบาลผู้ป่วยใน,160,,ง0135,แกลลอน,งานบ้านงานครัว,2026-01
23/1/2026,ถุงร้อน ขนาด 6*9 นิ้ว,85.00,2,170.00,งานการพยาบาลผู้ป่วยใน,160,,ง0097,แพ็ค,งานบ้านงานครัว,2026-01
23/1/2026,ถ่าน ขนาด AA (อัลคาไลน์),25.00,60,"1,500.00",งานการพยาบาลผู้ป่วยใน,160,,ง0064,ก้อน,งานบ้านงานครัว,2026-01
23/1/2026,ถุงหูหิ้วสีขาว ขนาด 12*20 นิ้ว,70.00,15,"1,050.00",งานการพยาบาลผู้ป่วยใน,160,,ง0102,แพ็ค,งานบ้านงานครัว,2026-01
23/1/2026,ถุงขยะสีดำ ขนาด 28*36 นิ้ว,60.00,15,900.00,งานการพยาบาลผู้ป่วยใน,160,,ง0070,แพ็ค,งานบ้านงานครัว,2026-01
23/1/2026,ถุงขยะสีแดง ขนาด 12*20 นิ้ว (พิมพ์ลาย),75.00,15,"1,125.00",งานการพยาบาลผู้ป่วยใน,160,,ง0072,แพ็ค,งานบ้านงานครัว,2026-01
23/1/2026,ลวดเสียบกระดาษ,12.00,12,144.00,งานการพยาบาลผู้ป่วยใน,167,,ส0171,กล่อง,สำนักงาน,2026-01
23/1/2026,คลิบหนีบ 2 ขา สีดำ เบอร์ 110,45.00,15,675.00,งานการพยาบาลผู้ป่วยใน,167,,ส0057,กล่อง,สำนักงาน,2026-01
23/1/2026,"หมึกเติมตลับชาติ ดำ,แดง,น้ำเงิน",12.00,2,24.00,งานการพยาบาลผู้ป่วยใน,167,,ส0203,ขวด,สำนักงาน,2026-01
23/1/2026,แลคซีน 1.5 นิ้ว,55.00,3,165.00,งานการพยาบาลผู้ป่วยใน,167,,ส0176,ม้วน,สำนักงาน,2026-01
23/1/2026,ซองน้ำตาล A4 (ขยายข้าง),5.00,12,60.00,งานการพยาบาลผู้ป่วยใน,167,,ส0070,ซอง,สำนักงาน,2026-01
23/1/2026,"ปากกาเคมี 2 หัว ( ดำ,แดง,น้ำเงิน )",15.00,12,180.00,งานการพยาบาลผู้ป่วยใน,167,,ส0125,ด้าม,สำนักงาน,2026-01
23/1/2026,กาว 2 หน้า บาง,20.00,2,40.00,งานการพยาบาลผู้ป่วยใน,167,,ส0043,ม้วน,สำนักงาน,2026-01
23/1/2026,กระดาษ A4 80 แกรม (สีขาว),130.00,10,"1,300.00",งานการพยาบาลผู้ป่วยใน,167,,ส0009,รีม,สำนักงาน,2026-01
23/1/2026,กระดาษ A4 80 แกรม (ทุกสี),240.00,1,240.00,งานการพยาบาลผู้ป่วยใน,167,,ส0008,รีม,สำนักงาน,2026-01
23/1/2026,ซองขาว,1.00,"1,000","1,000.00",งานการพยาบาลผู้ป่วยนอก,168,,ส0069,ซอง,สำนักงาน,2026-01
23/1/2026,กระดาษ A4 80 แกรม (สีขาว),130.00,25,"3,250.00",งานการพยาบาลผู้ป่วยนอก,168,,ส0009,รีม,สำนักงาน,2026-01
23/1/2026,ลวดเสียบกระดาษ,12.00,50,600.00,งานการพยาบาลผู้ป่วยนอก,168,,ส0171,กล่อง,สำนักงาน,2026-01
23/1/2026,กรรไกร,85.00,5,425.00,งานการพยาบาลผู้ป่วยนอก,168,,ส0002,เล่ม,สำนักงาน,2026-01
23/1/2026,"ปากกาเคมี 2 หัว ( ดำ,แดง,น้ำเงิน )",15.00,10,150.00,งานการพยาบาลผู้ป่วยนอก,168,,ส0125,ด้าม,สำนักงาน,2026-01
23/1/2026,ตลับชาติ (เบอร์ 2),40.00,6,240.00,งานการพยาบาลผู้ป่วยนอก,168,,ส0082,ตลับ,สำนักงาน,2026-01
23/1/2026,แม็กซ์ เบอร์ 10,245.00,4,980.00,งานการพยาบาลผู้ป่วยนอก,168,,ส0163,ตัว,สำนักงาน,2026-01
23/1/2026,ปากกาเน้นข้อความ,38.00,8,304.00,งานการพยาบาลผู้ป่วยนอก,168,,ส0126,ด้าม,สำนักงาน,2026-01
23/1/2026,มีดคัทเตอร์ ใหญ่,65.00,3,195.00,งานการพยาบาลผู้ป่วยนอก,168,,ส0162,เล่ม,สำนักงาน,2026-01
23/1/2026,ถ่าน ขนาด AA (อัลคาไลน์),25.00,32,800.00,งานการพยาบาลผู้ป่วยอุบัติเหตุฉุกเฉินและนิติเวช,158,,ง0064,ก้อน,งานบ้านงานครัว,2026-01
23/1/2026,ถุงขยะสีดำ ขนาด 28*36 นิ้ว,60.00,5,300.00,งานการพยาบาลผู้ป่วยอุบัติเหตุฉุกเฉินและนิติเวช,158,,ง0070,แพ็ค,งานบ้านงานครัว,2026-01
23/1/2026,ถุงร้อน ขนาด 7*11 นิ้ว,85.00,1,85.00,งานการพยาบาลผู้ป่วยอุบัติเหตุฉุกเฉินและนิติเวช,158,,ง0098,แพ็ค,งานบ้านงานครัว,2026-01
23/1/2026,สบู่เหลวล้างมือ (บรรจุ 3.8 ลิตร),321.00,1,321.00,งานการพยาบาลผู้ป่วยอุบัติเหตุฉุกเฉินและนิติเวช,158,,ง0204,แกลลอน,งานบ้านงานครัว,2026-01
23/1/2026,ฟองน้ำพร้อมสก็อตไบรท์,20.00,1,20.00,งานการพยาบาลผู้ป่วยอุบัติเหตุฉุกเฉินและนิติเวช,158,,ง0179,แผ่น,งานบ้านงานครัว,2026-01
23/1/2026,กระดาษสติ๊กเกอร์ใหญ่กว่า A4,20.00,5,100.00,กลุ่มงานบริหารทั่วไป,178,,ส0033,แผ่น,สำนักงาน,2026-01
23/1/2026,กระดาษ A4 80 แกรม (สีขาว),130.00,40,"5,200.00",กลุ่มงานบริหารทั่วไป,178,,ส0009,รีม,สำนักงาน,2026-01
23/1/2026,กระดาษเช็ดมือ,61.97,2,123.94,กลุ่มงานบริการด้านปฐมภูมิและองค์รวม,176,,ง0008,ห่อ,งานบ้านงานครัว,2026-01
23/1/2026,เชือกฟาง,40.00,1,40.00,กลุ่มงานบริการด้านปฐมภูมิและองค์รวม,176,,ง0042,ม้วน,งานบ้านงานครัว,2026-01
23/1/2026,สบู่เหลวล้างมือ (แบบขวด),167.63,5,838.15,กลุ่มงานบริการด้านปฐมภูมิและองค์รวม,176,,ง0205,ขวด,งานบ้านงานครัว,2026-01
23/1/2026,ถุงหูหิ้วสีขาว ขนาด 12*20 นิ้ว,70.00,5,350.00,กลุ่มงานบริการด้านปฐมภูมิและองค์รวม,176,,ง0102,แพ็ค,งานบ้านงานครัว,2026-01
23/1/2026,ถุงขยะสีดำ ขนาด 16*19 นิ้ว,60.00,5,300.00,กลุ่มงานบริการด้านปฐมภูมิและองค์รวม,176,,ง0069,แพ็ค,งานบ้านงานครัว,2026-01
23/1/2026,ถุงขยะสีดำ ขนาด 28*36 นิ้ว,60.00,20,"1,200.00",กลุ่มงานบริการด้านปฐมภูมิและองค์รวม,176,,ง0070,แพ็ค,งานบ้านงานครัว,2026-01
23/1/2026,ถุงร้อน ขนาด 7*11 นิ้ว,85.00,1,85.00,กลุ่มงานบริการด้านปฐมภูมิและองค์รวม,176,,ง0098,แพ็ค,งานบ้านงานครัว,2026-01
23/1/2026,ถุงร้อน ขนาด 6*9 นิ้ว,85.00,1,85.00,กลุ่มงานบริการด้านปฐมภูมิและองค์รวม,176,,ง0097,แพ็ค,งานบ้านงานครัว,2026-01
23/1/2026,ถุงหูหิ้ว ขนาด 9*18 นิ้ว,105.00,50,"5,250.00",กลุ่มงานเภสัชกรรมและคุ้มครองผู้บริโภค,175,,ง0101,ใบ,งานบ้านงานครัว,2026-01
23/1/2026,กระดาษเช็ดมือ,61.97,3,185.91,กลุ่มงานเภสัชกรรมและคุ้มครองผู้บริโภค,175,,ง0008,ห่อ,งานบ้านงานครัว,2026-01
23/1/2026,น้ำยาล้างจาน (บรรจุ 3.8 ลิตร),195.00,1,195.00,กลุ่มงานเภสัชกรรมและคุ้มครองผู้บริโภค,175,,ง0135,แกลลอน,งานบ้านงานครัว,2026-01
23/1/2026,ถุงซิปใส ขนาด 15*23 ซม.,150.00,25,"3,750.00",กลุ่มงานเภสัชกรรมและคุ้มครองผู้บริโภค,175,,ย0005,กก.,วัสดุอื่น(ซองยา),2026-01
23/1/2026,ถุงขยะสีดำ ขนาด 40*40 นิ้ว,60.00,5,300.00,กลุ่มงานเภสัชกรรมและคุ้มครองผู้บริโภค,175,,ง0071,แพ็ค,งานบ้านงานครัว,2026-01
23/1/2026,ถุงซิปใส ขนาด 8*12 ซม.,145.00,25,"3,625.00",กลุ่มงานเภสัชกรรมและคุ้มครองผู้บริโภค,175,,ย0008,กก.,วัสดุอื่น(ซองยา),2026-01
23/1/2026,ถุงซิปสีชา ขนาด 6*8 ซม.,152.00,15,"2,280.00",กลุ่มงานเภสัชกรรมและคุ้มครองผู้บริโภค,175,,ย0001,กก.,วัสดุอื่น(ซองยา),2026-01
23/1/2026,ถุงซิปใส ขนาด 13*20 ซม.,145.00,30,"4,350.00",กลุ่มงานเภสัชกรรมและคุ้มครองผู้บริโภค,175,,ย0004,กก.,วัสดุอื่น(ซองยา),2026-01
23/1/2026,ถุงซิปใส ขนาด 10*15 ซม.,145.00,45,"6,525.00",กลุ่มงานเภสัชกรรมและคุ้มครองผู้บริโภค,175,,ย0003,กก.,วัสดุอื่น(ซองยา),2026-01
23/1/2026,สติ๊กเกอร์ไดเร็คเทอมอล 8.5*6 ซม.(เภสัช),0.28,"24,000","6,720.00",กลุ่มงานเภสัชกรรมและคุ้มครองผู้บริโภค,179,,ส0183,ลัง,สำนักงาน,2026-01
29/1/2026,TONER LASER 79A,790.00,1,790.00,กลุ่มงานบริหารทั่วไป,180,,ค0043,ตลับ,คอมพิวเตอร์,2026-01
29/1/2026,INK FOR EPSON T00V100(003) (BK),390.00,1,390.00,กลุ่มงานบริหารทั่วไป,180,,ค0017,ขวด,คอมพิวเตอร์,2026-01
26/1/2026,INK FOR CANON GI 790 (BK),390.00,1,390.00,กลุ่มงานการพยาบาล(วัสดุการแพทย์),181,,ค0012,ขวด,คอมพิวเตอร์,2026-01
26/1/2026,INK FOR CANON GI 790 (C),390.00,1,390.00,กลุ่มงานการพยาบาล(วัสดุการแพทย์),181,,ค0013,ขวด,คอมพิวเตอร์,2026-01
26/1/2026,INK FOR CANON GI 790 (M),390.00,1,390.00,กลุ่มงานการพยาบาล(วัสดุการแพทย์),181,,ค0014,ขวด,คอมพิวเตอร์,2026-01
26/1/2026,INK FOR CANON GI 790 (Y),490.00,1,490.00,กลุ่มงานการพยาบาล(วัสดุการแพทย์),181,,ค0015,ขวด,คอมพิวเตอร์,2026-01
26/1/2026,INK FOR EPSON T00V100(003) (BK),390.00,1,390.00,กลุ่มงานการพยาบาล(วัสดุการแพทย์),181,,ค0017,ขวด,คอมพิวเตอร์,2026-01
26/1/2026,INK FOR EPSON T00V200(003) (C),390.00,1,390.00,กลุ่มงานการพยาบาล(วัสดุการแพทย์),181,,ค0018,ขวด,คอมพิวเตอร์,2026-01
26/1/2026,INK FOR EPSON T00V300(003) (M),390.00,1,390.00,กลุ่มงานการพยาบาล(วัสดุการแพทย์),181,,ค0019,ขวด,คอมพิวเตอร์,2026-01
22/1/2026,Smart Card Reader W/USB Cable,1290.00,5,"6,450.00",งานการพยาบาลผู้ป่วยนอก,182,,ค0033,ชิ้น,คอมพิวเตอร์,2026-01
22/1/2026,Smart Card Reader W/USB Cable,1290.00,1,"1,290.00",กลุ่มงานการแพทย์แผนไทยและการแพทย์ทางเลือก,183,,ค0033,ชิ้น,คอมพิวเตอร์,2026-01
22/1/2026,หมึก HP GT53 BK,390.00,1,390.00,กลุ่มงานการแพทย์แผนไทยและการแพทย์ทางเลือก,183,,ค0061,ขวด,คอมพิวเตอร์,2026-01
22/1/2026,หมึก HP GT52 Y,390.00,1,390.00,กลุ่มงานการแพทย์แผนไทยและการแพทย์ทางเลือก,183,,ค0060,ขวด,คอมพิวเตอร์,2026-01
22/1/2026,หมึก HP GT52 M,390.00,1,390.00,กลุ่มงานการแพทย์แผนไทยและการแพทย์ทางเลือก,183,,ค0059,ขวด,คอมพิวเตอร์,2026-01
22/1/2026,หมึก HP GT52 C,390.00,1,390.00,กลุ่มงานการแพทย์แผนไทยและการแพทย์ทางเลือก,183,,ค0058,ขวด,คอมพิวเตอร์,2026-01
16/1/2026,TONER LASER 79A,790.00,2,"1,580.00",กลุ่มงานบริหารทั่วไป,184,,ค0043,ตลับ,คอมพิวเตอร์,2026-01
13/1/2026,TONER HP 76A,1590.00,1,"1,590.00",กลุ่มงานเภสัชกรรมและคุ้มครองผู้บริโภค,185,,ค0042,ตลับ,คอมพิวเตอร์,2026-01
6/1/2026,Smart Card Reader W/USB Cable,1290.00,3,"3,870.00",กลุ่มงานทันตกรรม,186,,ค0033,ชิ้น,คอมพิวเตอร์,2026-01
20/1/2026,TONER HP 85A,790.00,1,790.00,งานการพยาบาลผู้ป่วยอุบัติเหตุฉุกเฉินและนิติเวช,187,,ค0038,ตลับ,คอมพิวเตอร์,2026-01
23/1/2026,ดาวไลท์ LED 18 W,299.60,40,"11,984.00",กลุ่มงานบริหารทั่วไป (ซ่อมบำรุง),188,,ฟ0161,ชุด,ไฟฟ้า,2026-01
23/1/2026,ดาวไลท์ LED 15 W,179.76,60,"10,785.60",กลุ่มงานบริหารทั่วไป (ซ่อมบำรุง),188,,ฟ0162,ชุด,ไฟฟ้า,2026-01
23/1/2026,ดาวไลท์ LED 12 W,205.44,90,"18,489.60",กลุ่มงานบริหารทั่วไป (ซ่อมบำรุง),188,,ฟ0163,ชุด,ไฟฟ้า,2026-01
23/1/2026,ดาวไลท์ LED 12 W,235.40,20,"4,708.00",กลุ่มงานบริหารทั่วไป (ซ่อมบำรุง),188,,ฟ0163,ชุด,ไฟฟ้า,2026-01
23/1/2026,ดาวไลท์ LED 9 W,170.13,80,"13,610.40",กลุ่มงานบริหารทั่วไป (ซ่อมบำรุง),188,,ฟ0164,ชุด,ไฟฟ้า,2026-01
26/1/2026,ข้อต่อสายแบบล๊อค,7.49,100,749.00,กลุ่มงานบริหารทั่วไป (ซ่อมบำรุง),189,,ฟ0023,อัน,ไฟฟ้า,2026-01
8/1/2026,เสื้อปั๊ม,330.00,1,330.00,กลุ่มงานบริหารทั่วไป (งานสนาม),190,,ป0098,ตัว,ประปา,2026-01
12/1/2026,ชุดปะเก็นโอริงซีลยาง,119.00,1,119.00,กลุ่มงานบริหารทั่วไป (งานสนาม),191,,ป0097,ชุด,ประปา,2026-01
23/1/2026,ปั๊มน้ำ,379.00,1,379.00,กลุ่มงานบริหารทั่วไป (งานสนาม),192,,ป0099,ชิ้น,ประปา,2026-01
5/1/2026,น้ำมันดีเซล,30.98,"1,441","44,629.00",กลุ่มงานบริหารทั่วไป (ยานพาหนะ),193,,ช0001,ลิตร,เชื้อเพลิง,2026-01
23/1/2026,ผ้าต่วน,32.00,20,640.00,กลุ่มงานบริหารทั่วไป,194,,ง0245,เมตร,งานบ้านงานครัว,2026-01
23/1/2026,ถ่าน ขนาด AA (อัลคาไลน์),25.00,27,675.00,กลุ่มงานบริหารทั่วไป,194,,ง0064,ก้อน,งานบ้านงานครัว,2026-01
16/1/2026,แก๊สหุงต้ม ขนาด 48 กก.,1356.00,4,"5,424.00",งานการพยาบาลหน่วยควบคุมการติดเชื้อและงานจ่ายกลาง,195,,ง0023,ถัง,งานบ้านงานครัว,2026-01
23/1/2026,ผลิตภัณฑ์เสริมด่าง,1284.00,3,"3,852.00",งานการพยาบาลหน่วยควบคุมการติดเชื้อและงานจ่ายกลาง,196,,ง0152,ถัง,งานบ้านงานครัว,2026-01
23/1/2026,น้ำยาซักผ้าขาวและผ้าสี (บรรจุ 20 ลิตร),1872.50,3,"5,617.50",งานการพยาบาลหน่วยควบคุมการติดเชื้อและงานจ่ายกลาง,196,,ง0131,ถัง,งานบ้านงานครัว,2026-01
23/1/2026,น้ำยา Neodisher Septo,7500.00,5,"37,500.00",งานการพยาบาลหน่วยควบคุมการติดเชื้อและงานจ่ายกลาง,196,,ง0114,แกลลอน,งานบ้านงานครัว,2026-01
23/1/2026,กระดาษ A4 80 แกรม (สีขาว),130.00,20,"2,600.00",กลุ่มงานบริหารทั่วไป,197,,ส0009,รีม,สำนักงาน,2026-01
23/1/2026,แฟ้มเสนอเซ็นต์,195.00,4,780.00,กลุ่มงานบริหารทั่วไป,197,,ส0155,แฟ้ม,สำนักงาน,2026-01
23/1/2026,แฟ้มห่วง 3 นิ้ว,75.00,4,300.00,กลุ่มงานบริหารทั่วไป,197,,ส0158,แฟ้ม,สำนักงาน,2026-01
23/1/2026,แฟ้มห่วง 3 นิ้ว,95.00,1,95.00,กลุ่มงานบริหารทั่วไป,197,,ส0158,แฟ้ม,สำนักงาน,2026-01
23/1/2026,สมุดเบอร์ 2,60.00,12,720.00,กลุ่มงานบริหารทั่วไป,197,,ส0191,เล่ม,สำนักงาน,2026-01
23/1/2026,นาฬิกาแขวน,395.00,2,790.00,งานการพยาบาลผู้ป่วยนอก,168,,ส0109,เรือน,สำนักงาน,2026-01
26/1/2026,สายต่อกล้องเว็บแคม 10 เมตร,350.00,1,350.00,กลุ่มงานจิตเวชและยาเสพติด,198,,ค0076,เส้น,คอมพิวเตอร์,2026-01
26/1/2026,สายต่อกล้องเว็บแคม 20 เมตร,590.00,2,"1,180.00",กลุ่มงานสุขภาพดิจิตอล,198,,ค0075,เส้น,คอมพิวเตอร์,2026-01
26/1/2026,Cable USB For Printer (2M),150.00,1,150.00,กลุ่มงานสุขภาพดิจิตอล,199,,ค0072,เส้น,คอมพิวเตอร์,2026-01
26/1/2026,Cable USB For Printer (5M),290.00,1,290.00,กลุ่มงานสุขภาพดิจิตอล,199,,ค0073,เส้น,คอมพิวเตอร์,2026-01
26/1/2026,สาย USB TO MINI /5PIN (3),190.00,1,190.00,กลุ่มงานสุขภาพดิจิตอล,199,,ค0074,เส้น,คอมพิวเตอร์,2026-01
26/2/2026,ใบมีดคัทเตอร์ เล่มเล็ก,25.00,1,25.00,งานการพยาบาลหน่วยควบคุมการติดเชื้อและงานจ่ายกลาง,224,,ส0115,กล่อง,สำนักงาน,2026-02
26/2/2026,"ปากกาเคมี 2 หัว ( ดำ,แดง,น้ำเงิน )",15.00,3,45.00,งานการพยาบาลหน่วยควบคุมการติดเชื้อและงานจ่ายกลาง,224,,ส0125,ด้าม,สำนักงาน,2026-02
26/2/2026,เทปกันลื่น,135.00,1,135.00,งานการพยาบาลหน่วยควบคุมการติดเชื้อและงานจ่ายกลาง,224,,ส0093,ม้วน,สำนักงาน,2026-02
26/2/2026,กระดาษกาวย่น 1 นิ้ว,38.00,12,456.00,งานการพยาบาลหน่วยควบคุมการติดเชื้อและงานจ่ายกลาง,224,,ส0015,ม้วน,สำนักงาน,2026-02
26/2/2026,ลวดเสียบกระดาษ,12.00,3,36.00,งานการพยาบาลหน่วยควบคุมการติดเชื้อและงานจ่ายกลาง,224,,ส0171,กล่อง,สำนักงาน,2026-02
26/2/2026,กรรไกร,85.00,2,170.00,งานการพยาบาลหน่วยควบคุมการติดเชื้อและงานจ่ายกลาง,224,,ส0002,เล่ม,สำนักงาน,2026-02
26/2/2026,กาว 2 หน้า หนา,275.00,2,550.00,งานการพยาบาลหน่วยควบคุมการติดเชื้อและงานจ่ายกลาง,224,,ส0044,ม้วน,สำนักงาน,2026-02
26/2/2026,"หมึกเติมตลับชาติ ดำ,แดง,น้ำเงิน",12.00,2,24.00,งานการพยาบาลหน่วยควบคุมการติดเชื้อและงานจ่ายกลาง,224,,ส0203,ขวด,สำนักงาน,2026-02
26/2/2026,ปากกาลบคำผิดแบบเทป,59.00,2,118.00,งานการพยาบาลหน่วยควบคุมการติดเชื้อและงานจ่ายกลาง,224,,ส0127,อัน,สำนักงาน,2026-02
26/2/2026,ถุงขยะสีดำ ขนาด 40*40 นิ้ว,60.00,5,300.00,งานการพยาบาลหน่วยควบคุมการติดเชื้อและงานจ่ายกลาง,211,,ง0071,แพ็ค,งานบ้านงานครัว,2026-02
26/2/2026,ถุงขยะสีดำ ขนาด 28*36 นิ้ว,60.00,5,300.00,งานการพยาบาลหน่วยควบคุมการติดเชื้อและงานจ่ายกลาง,211,,ง0070,แพ็ค,งานบ้านงานครัว,2026-02
26/2/2026,ถุงหูหิ้วสีขาว ขนาด 12*20 นิ้ว,70.00,5,350.00,งานการพยาบาลหน่วยควบคุมการติดเชื้อและงานจ่ายกลาง,211,,ง0102,แพ็ค,งานบ้านงานครัว,2026-02
26/2/2026,ผงซักฟอก ,175.00,3,525.00,งานการพยาบาลหน่วยควบคุมการติดเชื้อและงานจ่ายกลาง,211,,ง0148,ถุง,งานบ้านงานครัว,2026-02
26/2/2026,สบู่เหลวล้างมือ (บรรจุ 3.8 ลิตร),321.00,1,321.00,งานการพยาบาลหน่วยควบคุมการติดเชื้อและงานจ่ายกลาง,211,,ง0204,แกลลอน,งานบ้านงานครัว,2026-02
26/2/2026,มีดโกน 2 คม,20.00,36,720.00,งานการพยาบาลหน่วยควบคุมการติดเชื้อและงานจ่ายกลาง,211,,ง0183,โหล,งานบ้านงานครัว,2026-02
26/2/2026,ฟองน้ำพร้อมสก็อตไบรท์,20.00,12,240.00,งานการพยาบาลหน่วยควบคุมการติดเชื้อและงานจ่ายกลาง,211,,ง0179,แผ่น,งานบ้านงานครัว,2026-02
26/2/2026,ขวดสเปรย์ (เล็ก) (ขวดเปล่า),40.00,36,"1,440.00",งานการพยาบาลหน่วยควบคุมการติดเชื้อและงานจ่ายกลาง,211,,ง0026,ขวด,งานบ้านงานครัว,2026-02
26/2/2026,น้ำยาขจัดกลิ่นฆ่าเชื้อเอนกประสงค์ (บรรจุ 3.8 ลิตร),406.60,2,813.20,งานการพยาบาลหน่วยควบคุมการติดเชื้อและงานจ่ายกลาง,211,,ง0116,แกลลอน,งานบ้านงานครัว,2026-02
26/2/2026,กระดาษ A4 80 แกรม (ทุกสี),240.00,2,480.00,กลุ่มงานบริการด้านปฐมภูมิและองค์รวม,216,,ส0008,รีม,สำนักงาน,2026-02
26/2/2026,เทปใส 3/4 นิ้ว,30.00,5,150.00,กลุ่มงานบริการด้านปฐมภูมิและองค์รวม,216,,ส0097,ม้วน,สำนักงาน,2026-02
26/2/2026,คลิบหนีบ 2 ขา สีดำ เบอร์ 108,90.00,2,180.00,กลุ่มงานประกันสุขภาพยุทธศาสตร์,215,,ส0055,กล่อง,สำนักงาน,2026-02
26/2/2026,คลิบบอร์ด (A4),59.00,3,177.00,กลุ่มงานประกันสุขภาพยุทธศาสตร์,215,,ส0053,แผ่น,สำนักงาน,2026-02
26/2/2026,แฟ้มห่วง 3 นิ้ว,75.00,3,225.00,กลุ่มงานประกันสุขภาพยุทธศาสตร์,215,,ส0158,แฟ้ม,สำนักงาน,2026-02
26/2/2026,กระดาษ A4 80 แกรม (สีขาว),130.00,10,"1,300.00",กลุ่มงานประกันสุขภาพยุทธศาสตร์,215,,ส0009,รีม,สำนักงาน,2026-02
26/2/2026,มีดคัทเตอร์ ใหญ่,65.00,1,65.00,กลุ่มงานประกันสุขภาพยุทธศาสตร์,215,,ส0162,เล่ม,สำนักงาน,2026-02
26/2/2026,กรรไกร,85.00,1,85.00,กลุ่มงานประกันสุขภาพยุทธศาสตร์,215,,ส0002,เล่ม,สำนักงาน,2026-02
26/2/2026,โพสอิท (สติ๊กเกอร์โน๊ต) สี่เหลี่ยม,39.00,5,195.00,กลุ่มงานประกันสุขภาพยุทธศาสตร์,215,,ส0147,แพ็ค,สำนักงาน,2026-02
26/2/2026,กระดาษชำระม้วนใหญ่,107.00,32,"3,424.00",กลุ่มงานบริหารทั่วไป (แม่บ้าน),202,,ง0007,ม้วน,งานบ้านงานครัว,2026-02
26/2/2026,ผงซักฟอก ,175.00,4,700.00,กลุ่มงานบริหารทั่วไป (แม่บ้าน),202,,ง0148,ถุง,งานบ้านงานครัว,2026-02
26/2/2026,ไม้กวาดอ่อน,50.00,2,100.00,กลุ่มงานบริหารทั่วไป (แม่บ้าน),202,,ง0187,อัน,งานบ้านงานครัว,2026-02
26/2/2026,แผ่นขัดพื้นสีดำ ขนาด 18 นิ้ว,375.00,1,375.00,กลุ่มงานบริหารทั่วไป (แม่บ้าน),202,,ง0171,แผ่น,งานบ้านงานครัว,2026-02
26/2/2026,น้ำยาเคลือบเงาพื้น (บรรจุ 3.8 ลิตร),834.60,4,"3,338.40",กลุ่มงานบริหารทั่วไป (แม่บ้าน),202,,ง0121,แกลลอน,งานบ้านงานครัว,2026-02
26/2/2026,สมุดเบอร์ 2,60.00,6,360.00,งานการพยาบาลผู้ป่วยใน,223,,ส0191,เล่ม,สำนักงาน,2026-02
26/2/2026,ซองขาว,1.00,100,100.00,งานการพยาบาลผู้ป่วยใน,223,,ส0069,ซอง,สำนักงาน,2026-02
26/2/2026,กระดาษ A4 80 แกรม (สีขาว),130.00,15,"1,950.00",งานการพยาบาลผู้ป่วยใน,223,,ส0009,รีม,สำนักงาน,2026-02
26/2/2026,เทปใส 3/4 นิ้ว,30.00,16,480.00,งานการพยาบาลผู้ป่วยใน,223,,ส0097,ม้วน,สำนักงาน,2026-02
26/2/2026,โพสอิท (สติ๊กเกอร์โน๊ต) ชิ้นเล็ก ๆ,39.00,5,195.00,งานการพยาบาลผู้ป่วยใน,223,,ส0146,แพ็ค,สำนักงาน,2026-02
26/2/2026,ปากกาลบคำผิดแบบเทป,59.00,3,177.00,งานการพยาบาลผู้ป่วยใน,223,,ส0127,อัน,สำนักงาน,2026-02
26/2/2026,"สติ๊กเกอร์ชื่อ(30,000ดวง/2,000 ต่อลัง)",4400.00,1,"4,400.00",งานการพยาบาลผู้ป่วยใน,223,,ส0181,ลัง,สำนักงาน,2026-02
26/2/2026,ฟอร์มปรอท (ใหม่),2.14,"1,000","2,140.00",งานการพยาบาลผู้ป่วยใน,223,,ส0148,แผ่น,สำนักงาน,2026-02
26/2/2026,ใบมีดคัทเตอร์ เล่มใหญ่,35.00,1,35.00,งานการพยาบาลผู้ป่วยใน,223,,ส0116,กล่อง,สำนักงาน,2026-02
26/2/2026,กระดาษเช็ดมือ,61.97,10,619.70,งานการพยาบาลผู้ป่วยใน,210,,ง0008,ห่อ,งานบ้านงานครัว,2026-02
26/2/2026,น้ำยาล้างจาน (บรรจุ 3.8 ลิตร),195.00,2,390.00,งานการพยาบาลผู้ป่วยใน,210,,ง0135,แกลลอน,งานบ้านงานครัว,2026-02
26/2/2026,ถุงขยะสีดำ ขนาด 28*36 นิ้ว,60.00,10,600.00,งานการพยาบาลผู้ป่วยใน,210,,ง0070,แพ็ค,งานบ้านงานครัว,2026-02
26/2/2026,ถุงขยะสีแดง ขนาด 12*20 นิ้ว (พิมพ์ลาย),75.00,10,750.00,งานการพยาบาลผู้ป่วยใน,210,,ง0072,แพ็ค,งานบ้านงานครัว,2026-02
26/2/2026,ถ่าน ขนาด AA (อัลคาไลน์),25.00,12,300.00,กลุ่มงานบริการด้านปฐมภูมิและองค์รวม,201,,ง0064,ก้อน,งานบ้านงานครัว,2026-02
26/2/2026,ถ่าน ขนาด AAA (อัลคาไลน์),25.00,12,300.00,กลุ่มงานบริการด้านปฐมภูมิและองค์รวม,201,,ง0065,ก้อน,งานบ้านงานครัว,2026-02
26/2/2026,ถุงขยะสีดำ ขนาด 28*36 นิ้ว,60.00,10,600.00,กลุ่มงานบริการด้านปฐมภูมิและองค์รวม,201,,ง0070,แพ็ค,งานบ้านงานครัว,2026-02
26/2/2026,ถุงขยะสีดำ ขนาด 16*19 นิ้ว,60.00,5,300.00,กลุ่มงานบริการด้านปฐมภูมิและองค์รวม,201,,ง0069,แพ็ค,งานบ้านงานครัว,2026-02
26/2/2026,คลิบบอร์ด (A4),59.00,8,472.00,งานการพยาบาลผู้ป่วยอุบัติเหตุฉุกเฉินและนิติเวช,221,,ส0053,แผ่น,สำนักงาน,2026-02
26/2/2026,แฟ้มห่วง 3 นิ้ว,75.00,2,150.00,งานการพยาบาลผู้ป่วยอุบัติเหตุฉุกเฉินและนิติเวช,221,,ส0158,แฟ้ม,สำนักงาน,2026-02
26/2/2026,ใบมีดคัทเตอร์ เล่มใหญ่,35.00,1,35.00,งานการพยาบาลผู้ป่วยอุบัติเหตุฉุกเฉินและนิติเวช,221,,ส0116,กล่อง,สำนักงาน,2026-02
26/2/2026,กาว 2 หน้า บาง,20.00,1,20.00,งานการพยาบาลผู้ป่วยอุบัติเหตุฉุกเฉินและนิติเวช,221,,ส0043,ม้วน,สำนักงาน,2026-02
26/2/2026,กระดาษ A4 80 แกรม (สีขาว),130.00,10,"1,300.00",งานการพยาบาลผู้ป่วยอุบัติเหตุฉุกเฉินและนิติเวช,221,,ส0009,รีม,สำนักงาน,2026-02
26/2/2026,กระดาษ A4 80 แกรม (ทุกสี),240.00,2,480.00,งานการพยาบาลผู้ป่วยอุบัติเหตุฉุกเฉินและนิติเวช,221,,ส0008,รีม,สำนักงาน,2026-02
26/2/2026,กระดาษกาวย่น 1 นิ้ว,38.00,1,38.00,งานการพยาบาลผู้ป่วยอุบัติเหตุฉุกเฉินและนิติเวช,221,,ส0015,ม้วน,สำนักงาน,2026-02
26/2/2026,เทปใส 3/4 นิ้ว,30.00,1,30.00,งานการพยาบาลผู้ป่วยอุบัติเหตุฉุกเฉินและนิติเวช,221,,ส0097,ม้วน,สำนักงาน,2026-02
26/2/2026,ถุงขยะสีแดง ขนาด 12*20 นิ้ว (พิมพ์ลาย),75.00,10,750.00,งานการพยาบาลผู้ป่วยอุบัติเหตุฉุกเฉินและนิติเวช,207,,ง0072,แพ็ค,งานบ้านงานครัว,2026-02
26/2/2026,ถุงขยะสีดำ ขนาด 28*36 นิ้ว,60.00,10,600.00,งานการพยาบาลผู้ป่วยอุบัติเหตุฉุกเฉินและนิติเวช,207,,ง0070,แพ็ค,งานบ้านงานครัว,2026-02
26/2/2026,ถุงหูหิ้วสีขาว ขนาด 12*20 นิ้ว,70.00,5,350.00,งานการพยาบาลผู้ป่วยอุบัติเหตุฉุกเฉินและนิติเวช,207,,ง0102,แพ็ค,งานบ้านงานครัว,2026-02
26/2/2026,สบู่เหลวล้างมือ (บรรจุ 3.8 ลิตร),321.00,1,321.00,งานการพยาบาลผู้ป่วยอุบัติเหตุฉุกเฉินและนิติเวช,207,,ง0204,แกลลอน,งานบ้านงานครัว,2026-02
26/2/2026,ถ่าน ขนาด AA (อัลคาไลน์),25.00,10,250.00,งานการพยาบาลผู้ป่วยอุบัติเหตุฉุกเฉินและนิติเวช,207,,ง0064,ก้อน,งานบ้านงานครัว,2026-02
26/2/2026,ผงซักฟอก ,175.00,1,175.00,งานการพยาบาลผู้ป่วยอุบัติเหตุฉุกเฉินและนิติเวช,208,,ง0148,ถุง,งานบ้านงานครัว,2026-02
26/2/2026,เชือกฟาง,40.00,2,80.00,งานการพยาบาลผู้ป่วยอุบัติเหตุฉุกเฉินและนิติเวช,208,,ง0042,ม้วน,งานบ้านงานครัว,2026-02
26/2/2026,สมุดลงเวลาปฏิบัติงาน,95.00,1,95.00,งานการพยาบาลผู้คลอด,218,,ส0193,เล่ม,สำนักงาน,2026-02
26/2/2026,เหล็กคั่นแฟ้ม,65.00,2,130.00,งานการพยาบาลผู้คลอด,219,,ส0206,อัน,สำนักงาน,2026-02
26/2/2026,"ปากกาเคมี 2 หัว ( ดำ,แดง,น้ำเงิน )",15.00,1,15.00,งานการพยาบาลผู้คลอด,217,,ส0125,ด้าม,สำนักงาน,2026-02
26/2/2026,ซองขาว,1.00,100,100.00,งานการพยาบาลผู้ป่วยอุบัติเหตุฉุกเฉินและนิติเวช,222,,ส0069,ซอง,สำนักงาน,2026-02
26/2/2026,ซองน้ำตาล A4 (ไม่ขยายข้าง),5.00,10,50.00,งานการพยาบาลผู้ป่วยอุบัติเหตุฉุกเฉินและนิติเวช,222,,ส0071,ซอง,สำนักงาน,2026-02
26/2/2026,กรรไกร,85.00,1,85.00,งานการพยาบาลผู้ป่วยอุบัติเหตุฉุกเฉินและนิติเวช,222,,ส0002,เล่ม,สำนักงาน,2026-02
26/2/2026,น้ำยาล้างจาน (บรรจุ 3.8 ลิตร),195.00,1,195.00,งานการพยาบาลผู้คลอด,205,,ง0135,แกลลอน,งานบ้านงานครัว,2026-02
26/2/2026,มีดโกน 2 คม,20.00,12,240.00,งานการพยาบาลผู้คลอด,205,,ง0183,โหล,งานบ้านงานครัว,2026-02
26/2/2026,ถ่าน ขนาด AA (อัลคาไลน์),25.00,6,150.00,งานการพยาบาลผู้คลอด,204,,ง0064,ก้อน,งานบ้านงานครัว,2026-02
26/2/2026,ถุงร้อน ขนาด 7*11 นิ้ว,85.00,1,85.00,งานการพยาบาลผู้คลอด,203,,ง0098,แพ็ค,งานบ้านงานครัว,2026-02
26/2/2026,ถุงขยะสีดำ ขนาด 16*19 นิ้ว,60.00,5,300.00,งานการพยาบาลผู้คลอด,203,,ง0069,แพ็ค,งานบ้านงานครัว,2026-02
26/2/2026,ตาไก่ (เล็ก),265.00,1,265.00,กลุ่มงานรังสีวิทยา,214,,ส0084,อัน,สำนักงาน,2026-02
26/2/2026,กระดาษ A4 80 แกรม (สีขาว),130.00,5,650.00,กลุ่มงานรังสีวิทยา,214,,ส0009,รีม,สำนักงาน,2026-02
26/2/2026,กาวตราช้าง,25.00,1,25.00,กลุ่มงานรังสีวิทยา,214,,ส0046,หลอด,สำนักงาน,2026-02
26/2/2026,กาว 2 หน้า บาง,20.00,2,40.00,กลุ่มงานรังสีวิทยา,214,,ส0043,ม้วน,สำนักงาน,2026-02
26/2/2026,กาว 2 หน้า หนา,275.00,1,275.00,กลุ่มงานรังสีวิทยา,214,,ส0044,ม้วน,สำนักงาน,2026-02
26/2/2026,สเปรย์ปรับอากาศ-ดับกลิ่น,135.00,3,405.00,กลุ่มงานรังสีวิทยา,200,,ง0207,กระป๋อง,งานบ้านงานครัว,2026-02
26/2/2026,น้ำยาโซแนค,100.00,1,100.00,กลุ่มงานรังสีวิทยา,200,,ง0126,กระป๋อง,งานบ้านงานครัว,2026-02
26/2/2026,"สเปรย์ฉีดแมลง,ยุง",105.00,2,210.00,กลุ่มงานรังสีวิทยา,200,,ง0206,กระป๋อง,งานบ้านงานครัว,2026-02
26/2/2026,กระดาษชำระม้วนใหญ่,107.00,8,856.00,กลุ่มงานทันตกรรม,212,,ง0007,ม้วน,งานบ้านงานครัว,2026-02
26/2/2026,ถุงร้อน ขนาด 7*11 นิ้ว,85.00,1,85.00,กลุ่มงานทันตกรรม,212,,ง0098,แพ็ค,งานบ้านงานครัว,2026-02
26/2/2026,ถุงหูหิ้วสีขาว ขนาด 12*20 นิ้ว,70.00,5,350.00,กลุ่มงานทันตกรรม,212,,ง0102,แพ็ค,งานบ้านงานครัว,2026-02
26/2/2026,น้ำยาขจัดกลิ่นฆ่าเชื้อเอนกประสงค์ (บรรจุ 3.8 ลิตร),406.60,2,813.20,กลุ่มงานทันตกรรม,212,,ง0116,แกลลอน,งานบ้านงานครัว,2026-02
26/2/2026,น้ำยาล้างจาน (บรรจุ 3.8 ลิตร),195.00,1,195.00,กลุ่มงานทันตกรรม,212,,ง0135,แกลลอน,งานบ้านงานครัว,2026-02
26/2/2026,ไม้กวาดอ่อน,50.00,2,100.00,กลุ่มงานทันตกรรม,212,,ง0187,อัน,งานบ้านงานครัว,2026-02
26/2/2026,สบู่เหลวล้างมือ (บรรจุ 3.8 ลิตร),321.00,1,321.00,กลุ่มงานทันตกรรม,212,,ง0204,แกลลอน,งานบ้านงานครัว,2026-02
26/2/2026,กระดาษ A4 80 แกรม (สีขาว),130.00,5,650.00,กลุ่มงานทันตกรรม,225,,ส0009,รีม,สำนักงาน,2026-02
26/2/2026,กระดาษกาวปิดลังพัสดุ,25.00,2,50.00,กลุ่มงานทันตกรรม,225,,ส0014,ม้วน,สำนักงาน,2026-02
26/2/2026,กาวตราช้าง,25.00,2,50.00,กลุ่มงานทันตกรรม,225,,ส0046,หลอด,สำนักงาน,2026-02
26/2/2026,ซองขาว,1.00,100,100.00,กลุ่มงานทันตกรรม,225,,ส0069,ซอง,สำนักงาน,2026-02
26/2/2026,ปากกาเขียน CD,25.00,5,125.00,กลุ่มงานทันตกรรม,225,,ส0123,ด้าม,สำนักงาน,2026-02
26/2/2026,ตลับชาติ (เบอร์ 2),40.00,1,40.00,กลุ่มงานทันตกรรม,225,,ส0082,ตลับ,สำนักงาน,2026-02
26/2/2026,กระดาษเทอมอลขนาด 8 ซม.* 80 ม.,78.00,50,"3,900.00",กลุ่มงานทันตกรรม,225,,ส0027,ม้วน,สำนักงาน,2026-02
26/2/2026,ถ่าน ขนาด AA (อัลคาไลน์),25.00,4,100.00,ห้องบัตร,206,,ง0064,ก้อน,งานบ้านงานครัว,2026-02
26/2/2026,ถ่าน ขนาด AAA (อัลคาไลน์),25.00,8,200.00,ห้องบัตร,206,,ง0065,ก้อน,งานบ้านงานครัว,2026-02
26/2/2026,ถุงขยะสีดำ ขนาด 40*40 นิ้ว,60.00,5,300.00,ห้องบัตร,209,,ง0071,แพ็ค,งานบ้านงานครัว,2026-02
26/2/2026,ถุงขยะสีดำ ขนาด 16*19 นิ้ว,60.00,5,300.00,ห้องบัตร,209,,ง0069,แพ็ค,งานบ้านงานครัว,2026-02
26/2/2026,กระดาษเช็ดมือ,61.97,2,123.94,ห้องบัตร,209,,ง0008,ห่อ,งานบ้านงานครัว,2026-02
26/2/2026,ซองน้ำตาล A4 (ไม่ขยายข้าง),5.00,50,250.00,ห้องบัตร,213,,ส0071,ซอง,สำนักงาน,2026-02
26/2/2026,เทปใส 1 นิ้ว,40.00,5,200.00,ห้องบัตร,213,,ส0095,ม้วน,สำนักงาน,2026-02
26/2/2026,กระดาษ A4 80 แกรม (สีขาว),130.00,10,"1,300.00",ห้องบัตร,213,,ส0009,รีม,สำนักงาน,2026-02
26/2/2026,"กระดาษเทอมอล 110*30 ซม.(ห้องบัตร,ชันสูตร)",2750.00,2,"5,500.00",ห้องบัตร,213,,ส0021,ม้วน,สำนักงาน,2026-02
26/2/2026,"หมึกเติมตลับชาติ ดำ,แดง,น้ำเงิน",12.00,2,24.00,ห้องบัตร,213,,ส0203,ขวด,สำนักงาน,2026-02
26/2/2026,โพสอิท (สติ๊กเกอร์โน๊ต) สี่เหลี่ยม,39.00,2,78.00,ห้องบัตร,213,,ส0147,แพ็ค,สำนักงาน,2026-02
26/2/2026,ลวดเสียบกระดาษ,12.00,5,60.00,ห้องบัตร,213,,ส0171,กล่อง,สำนักงาน,2026-02
26/2/2026,ปากกาลบคำผิดแบบเทป,59.00,1,59.00,ห้องบัตร,213,,ส0127,อัน,สำนักงาน,2026-02
20/2/2026,MOUSE (เมาท์),290.00,1,290.00,กลุ่มงานการพยาบาล,227,,ค0026,ชิ้น,คอมพิวเตอร์,2026-02
6/2/2026,TONER HP 76A,1590.00,1,"1,590.00",กลุ่มงานบริหารทั่วไป,228,,ค0042,ตลับ,คอมพิวเตอร์,2026-02
6/2/2026,TONER LASER 79A,790.00,1,790.00,กลุ่มงานบริหารทั่วไป,228,,ค0043,ตลับ,คอมพิวเตอร์,2026-02
4/2/2026,หมึก HP GT53 BK,390.00,2,780.00,กลุ่มงานจิตเวชและยาเสพติด,229,,ค0061,ขวด,คอมพิวเตอร์,2026-02
4/2/2026,หมึก HP GT52 C,390.00,1,390.00,กลุ่มงานจิตเวชและยาเสพติด,229,,ค0058,ขวด,คอมพิวเตอร์,2026-02
4/2/2026,หมึก HP GT52 M,390.00,1,390.00,กลุ่มงานจิตเวชและยาเสพติด,229,,ค0059,ขวด,คอมพิวเตอร์,2026-02
4/2/2026,หมึก HP GT52 Y,390.00,1,390.00,กลุ่มงานจิตเวชและยาเสพติด,229,,ค0060,ขวด,คอมพิวเตอร์,2026-02
6/2/2026,หมึก CANON CLI-751 C,850.00,1,850.00,กลุ่มงานบริหารทั่วไป (โสต),230,,ค0055,ขวด,คอมพิวเตอร์,2026-02
6/2/2026,หมึก CANON CLI-751 M,850.00,1,850.00,กลุ่มงานบริหารทั่วไป (โสต),230,,ค0056,ขวด,คอมพิวเตอร์,2026-02
2/2/2026,หมึก HP GT53 BK,390.00,1,390.00,กลุ่มงานประกันสุขภาพยุทธศาสตร์,231,,ค0061,ขวด,คอมพิวเตอร์,2026-02
2/2/2026,INK FOR EPSON T00V100(003) (BK),390.00,1,390.00,กลุ่มงานประกันสุขภาพยุทธศาสตร์,231,,ค0017,ขวด,คอมพิวเตอร์,2026-02
26/2/2026,TONER HP 145A,1390.00,2,"2,780.00",งานการพยาบาลผู้ป่วยนอก,233,,ค0071,ตลับ,คอมพิวเตอร์,2026-02
24/2/2026,TONER LASER 79A,790.00,1,790.00,กลุ่มงานจิตเวชและยาเสพติด,234,,ค0043,ตลับ,คอมพิวเตอร์,2026-02
23/2/2026,INK FOR EPSONC13T664100 BK,390.00,1,390.00,กลุ่มงานเภสัชกรรมและคุ้มครองผู้บริโภค,235,,ค0021,ขวด,คอมพิวเตอร์,2026-02
26/2/2026,กระดาษ A4 180 แกรม (ทุกสี),135.00,2,270.00,กลุ่มงานการพยาบาล,236,,ส0012,รีม,สำนักงาน,2026-02
3/2/2026,น้ำมันดีเซล,30.20,"1,285.60","38,825",กลุ่มงานบริหารทั่วไป (ยานพาหนะ),238,,ช0001,ลิตร,เชื้อเพลิง,2026-02
2/2/2026,น้ำมันดีเซล,30.42,"1,109.70","33,757.00",กลุ่มงานบริหารทั่วไป (ยานพาหนะ),237,,ช0001,ลิตร,เชื้อเพลิง,2026-02
26/2/2026,หมึกพิมพ์สำเนา SF สีดำ,1130.49,1,"1,130.49",กลุ่มงานบริหารทั่วไป,239,,ส0204,หลอด,สำนักงาน,2026-02
26/2/2026,กระดาษไข SF A4/L,2232.50,2,"4,465.00",กลุ่มงานบริหารทั่วไป,239,,ส0018,หลอด,สำนักงาน,2026-02
26/2/2026,กรรไกร,85.00,1,85.00,กลุ่มงานบริหารทั่วไป,239,,ส0002,เล่ม,สำนักงาน,2026-02
26/2/2026,กระดาษ A4 80 แกรม (สีขาว),130.00,25,"3,250.00",กลุ่มงานบริหารทั่วไป,239,,ส0009,รีม,สำนักงาน,2026-02
26/2/2026,กระดาษ A4 80 แกรม (ทุกสี),240.00,1,240.00,กลุ่มงานบริหารทั่วไป,239,,ส0008,รีม,สำนักงาน,2026-02
26/2/2026,กระดาษคาร์บอน,165.00,1,165.00,กลุ่มงานบริหารทั่วไป,239,,ส0019,แพ็ค,สำนักงาน,2026-02
26/2/2026,กระดาษ A4 180 แกรม (ทุกสี),135.00,2,270.00,กลุ่มงานบริหารทั่วไป,239,,ส0012,รีม,สำนักงาน,2026-02
26/2/2026,คลิบบอร์ด (A4),59.00,12,708.00,กลุ่มงานบริหารทั่วไป,239,,ส0053,แผ่น,สำนักงาน,2026-02
26/2/2026,คลิบหนีบ 2 ขา สีดำ เบอร์ 108,90.00,3,270.00,กลุ่มงานบริหารทั่วไป,239,,ส0055,กล่อง,สำนักงาน,2026-02
26/2/2026,คลิบหนีบ 2 ขา สีดำ เบอร์ 109,80.00,3,240.00,กลุ่มงานบริหารทั่วไป,239,,ส0056,กล่อง,สำนักงาน,2026-02
26/2/2026,ธงชาติ ขนาด 120*180 ซม.,160.00,2,320.00,กลุ่มงานบริหารทั่วไป,239,,ส0218,ผืน,สำนักงาน,2026-02
26/2/2026,"หมึกเติมตลับชาติ ดำ,แดง,น้ำเงิน",12.00,2,24.00,กลุ่มงานบริหารทั่วไป,239,,ส0203,ขวด,สำนักงาน,2026-02
26/2/2026,แฟ้มห่วง 3 นิ้ว,75.00,2,150.00,กลุ่มงานบริหารทั่วไป,239,,ส0158,แฟ้ม,สำนักงาน,2026-02
26/2/2026,กาวUHU,75.00,2,150.00,กลุ่มงานบริหารทั่วไป,239,,ส0045,หลอด,สำนักงาน,2026-02
26/2/2026,เทปกันลื่น,135.00,3,405.00,กลุ่มงานบริหารทั่วไป,239,,ส0093,ม้วน,สำนักงาน,2026-02
26/2/2026,เทปใส 1 นิ้ว,40.00,18,720.00,กลุ่มงานบริหารทั่วไป,239,,ส0095,ม้วน,สำนักงาน,2026-02
26/2/2026,ปากกาเน้นข้อความ,38.00,2,76.00,กลุ่มงานบริหารทั่วไป,239,,ส0126,ด้าม,สำนักงาน,2026-02
26/2/2026,ปากกาลบคำผิดแบบเทป,59.00,4,236.00,กลุ่มงานบริหารทั่วไป,239,,ส0127,อัน,สำนักงาน,2026-02
26/2/2026,"ปากกาเคมี 2 หัว ( ดำ,แดง,น้ำเงิน )",15.00,2,30.00,กลุ่มงานบริหารทั่วไป,239,,ส0125,ด้าม,สำนักงาน,2026-02
26/2/2026,ซองน้ำตาล A4 (ไม่ขยายข้าง),5.00,20,100.00,กลุ่มงานบริหารทั่วไป,239,,ส0071,ซอง,สำนักงาน,2026-02
5/2/2026,แก๊สหุงต้ม ขนาด 48 กก.,1356.00,4,"5,424.00",งานการพยาบาลหน่วยควบคุมการติดเชื้อและงานจ่ายกลาง,240,,ง0023,ถัง,งานบ้านงานครัว,2026-02
26/2/2026,น้ำยาล้างเครื่องมือแพทย์,4044.60,5,"20,223.00",งานการพยาบาลหน่วยควบคุมการติดเชื้อและงานจ่ายกลาง,241,,ง0239,แกลลอน,งานบ้านงานครัว,2026-02
26/2/2026,น้ำยา Neodisher Septo,7500.00,5,"37,500.00",งานการพยาบาลหน่วยควบคุมการติดเชื้อและงานจ่ายกลาง,241,,ง0114,แกลลอน,งานบ้านงานครัว,2026-02
26/2/2026,น้ำยาเคลือบแห้ง(IC),4500.00,3,"13,500.00",งานการพยาบาลหน่วยควบคุมการติดเชื้อและงานจ่ายกลาง,241,,ง0122,แกลลอน,งานบ้านงานครัว,2026-02
26/2/2026,น้ำยาซักผ้า (บรรจุ 20 ลิตร),909.50,3,"2,728.50",งานการพยาบาลหน่วยควบคุมการติดเชื้อและงานจ่ายกลาง,241,,ง0124,ถัง,งานบ้านงานครัว,2026-02
26/2/2026,น้ำยาปรับผ้านุ่ม (บรรจุ 20 ลิตร),631.30,3,"1,893.90",งานการพยาบาลหน่วยควบคุมการติดเชื้อและงานจ่ายกลาง,241,,ง0129,ถัง,งานบ้านงานครัว,2026-02
26/2/2026,ผลิตภัณฑ์เสริมด่าง,1284.00,2,"2,568.00",งานการพยาบาลหน่วยควบคุมการติดเชื้อและงานจ่ายกลาง,241,,ง0152,ถัง,งานบ้านงานครัว,2026-02
26/2/2026,น้ำยาซักผ้าขาวและผ้าสี (บรรจุ 20 ลิตร),1872.50,2,"3,745.00",งานการพยาบาลหน่วยควบคุมการติดเชื้อและงานจ่ายกลาง,241,,ง0131,ถัง,งานบ้านงานครัว,2026-02
26/2/2026,ผ้าขนหนูเช็ดมือ ขนาด 12*12 นิ้ว,275.00,60,"16,500.00",งานการพยาบาลหน่วยควบคุมการติดเชื้อและงานจ่ายกลาง,241,,ง0153,โหล,งานบ้านงานครัว,2026-02
26/2/2026,ไฟฉายแบบชาร์จ,160.00,2,320.00,กลุ่มงานบริการด้านปฐมภูมิและองค์รวม,242,,ง0182,กระบอก,งานบ้านงานครัว,2026-02
26/2/2026,กระดาษเช็ดมือ,61.97,6,371.82,กลุ่มงานเภสัชกรรมและคุ้มครองผู้บริโภค,243,,ง0008,ห่อ,งานบ้านงานครัว,2026-02
26/2/2026,กระดาษชำระม้วนใหญ่,107.00,3,321.00,กลุ่มงานเภสัชกรรมและคุ้มครองผู้บริโภค,243,,ง0007,ม้วน,งานบ้านงานครัว,2026-02
26/2/2026,กรวยกรอกน้ำ,30.00,1,30.00,กลุ่มงานบริหารทั่วไป (งานสนาม),244,,ง0004,อัน,งานบ้านงานครัว,2026-02
26/2/2026,ที่ตักผง,85.00,3,255.00,กลุ่มงานบริหารทั่วไป (งานสนาม),244,,ง0106,อัน,งานบ้านงานครัว,2026-02
26/2/2026,สายยาง 20 เมตร,500.00,1,500.00,กลุ่มงานบริหารทั่วไป (งานสนาม),244,,ง0243,เมตร,งานบ้านงานครัว,2026-02
26/2/2026,สก็อตไบรท์,150.00,2,300.00,กลุ่มงานบริหารทั่วไป (งานสนาม),244,,ง0203,แผ่น,งานบ้านงานครัว,2026-02
26/2/2026,ไม้กวาดแข็ง,50.00,6,300.00,กลุ่มงานบริหารทั่วไป (งานสนาม),244,,ง0185,อัน,งานบ้านงานครัว,2026-02
26/2/2026,"สเปรย์ฉีดแมลง,ยุง",105.00,6,630.00,กลุ่มงานบริหารทั่วไป (งานสนาม),244,,ง0206,กระป๋อง,งานบ้านงานครัว,2026-02
26/2/2026,แปรงขัดพื้นด้ามยาว,90.00,2,180.00,กลุ่มงานบริหารทั่วไป (งานสนาม),244,,ง0144,อัน,งานบ้านงานครัว,2026-02
26/2/2026,ฟองน้ำพร้อมสก็อตไบรท์,20.00,3,60.00,กลุ่มงานบริหารทั่วไป (งานสนาม),244,,ง0179,แผ่น,งานบ้านงานครัว,2026-02
26/2/2026,น้ำยาขจัดกลิ่นฆ่าเชื้อเอนกประสงค์ (บรรจุ 3.8 ลิตร),406.60,2,813.20,กลุ่มงานบริหารทั่วไป (ยานพาหนะ),245,,ง0116,แกลลอน,งานบ้านงานครัว,2026-02
26/2/2026,INK FOR BROTHER BTD 60 (Black),490.00,1,490.00,กลุ่มงานบริหารทั่วไป,246,,ค0011,ขวด,คอมพิวเตอร์,2026-02
26/2/2026,RIBBON FOR EPSON LQ 310/630,250.00,1,250.00,กลุ่มงานเภสัชกรรมและคุ้มครองผู้บริโภค,247,,ค0028,ตลับ,คอมพิวเตอร์,2026-02
26/2/2026,Smart Card Reader W/USB Cable,1290.00,3,"3,870.00",กลุ่มงานสุขภาพดิจิตอล,248,,ค0033,ชิ้น,คอมพิวเตอร์,2026-02
26/2/2026,Webcam OKER Black/Full HD  1080P,1290.00,2,"2,580.00",กลุ่มงานสุขภาพดิจิตอล,248,,ค0066,ชิ้น,คอมพิวเตอร์,2026-02
26/2/2026,Combo Logitech (Mouse+Keyboard) USB Black,590.00,2,"1,180.00",กลุ่มงานสุขภาพดิจิตอล,248,,ค0068,ชุด,คอมพิวเตอร์,2026-02
26/2/2026,TONER Brother TN-2460/2480,890.00,1,890.00,งานการพยาบาลผู้ป่วยอุบัติเหตุฉุกเฉินและนิติเวช,249,,ค0036,ชิ้น,คอมพิวเตอร์,2026-02
26/2/2026,TONER LASER 79A,790.00,1,790.00,กลุ่มงานเภสัชกรรมและคุ้มครองผู้บริโภค,247,,ค0043,ตลับ,คอมพิวเตอร์,2026-02
26/2/2026,TONER LASER 83A,790.00,1,790.00,งานการพยาบาลผู้ป่วยใน,250,,ค0044,ตลับ,คอมพิวเตอร์,2026-02
26/2/2026,โคมฟลัดไลท์ LED,389.00,2,778.00,กลุ่มงานบริหารทั่วไป (ซ่อมบำรุง),251,,ฟ0043,ชุด,ไฟฟ้า,2026-02
26/2/2026,รางนีออน LED,120.91,30,"3,627.30",กลุ่มงานบริหารทั่วไป (ซ่อมบำรุง),251,,ฟ0104,ชุด,ไฟฟ้า,2026-02
26/2/2026,รางนีออน LED,144.45,10,"1,444.50",กลุ่มงานบริหารทั่วไป (ซ่อมบำรุง),251,,ฟ0104,ชุด,ไฟฟ้า,2026-02
26/2/2026,สวิทต์ฝัง เนใหม่,42.80,30,"1,284.00",กลุ่มงานบริหารทั่วไป (ซ่อมบำรุง),251,,ฟ0117,ตัว,ไฟฟ้า,2026-02
26/2/2026,หลอด LED,129.47,36,"4,660.92",กลุ่มงานบริหารทั่วไป (ซ่อมบำรุง),251,,ฟ0144,หลอด,ไฟฟ้า,2026-02
26/2/2026,โคมแอลอีดี ฟลัดไลท์ 100วัตต์,858.00,1,858.00,กลุ่มงานบริหารทั่วไป (ซ่อมบำรุง),251,,ฟ0165,อัน,ไฟฟ้า,2026-02
26/2/2026,โคมแอลอีดี ฟลัดไลท์ 50วัตต์,458.00,1,458.00,กลุ่มงานบริหารทั่วไป (ซ่อมบำรุง),251,,ฟ0166,อัน,ไฟฟ้า,2026-02
26/2/2026,ชุดหลอดไฟ LED โซล่าเซลล์,858.00,1,858.00,กลุ่มงานบริหารทั่วไป (ซ่อมบำรุง),251,,ฟ0167,กล่อง,ไฟฟ้า,2026-02
26/2/2026,ท่อน้ำทิ้ง,209.00,5,"1,045.00",กลุ่มงานบริหารทั่วไป (งานสนาม),252,,ป0023,ชุด,ประปา,2026-02
26/2/2026,บอลวาล์ว พีวีซี,13.00,5,65.00,กลุ่มงานบริหารทั่วไป (งานสนาม),252,,ป0029,ชุด,ประปา,2026-02
26/2/2026,มิเตอร์น้ำ,550.00,25,"13,750.00",กลุ่มงานบริหารทั่วไป (งานสนาม),252,,ป0040,อัน,ประปา,2026-02
26/2/2026,สายฝักบัว,299.00,5,"1,495.00",กลุ่มงานบริหารทั่วไป (งานสนาม),252,,ป0059,เส้น,ประปา,2026-02
26/2/2026,หัวฉีดชำระ (ประปา),139.00,10,"1,390.00",กลุ่มงานบริหารทั่วไป (งานสนาม),252,,ป0073,ชุด,ประปา,2026-02
26/2/2026,สายถักน้ำดีสแตนเลส (ประปา),140.00,5,700.00,กลุ่มงานบริหารทั่วไป (งานสนาม),252,,ป0080,เส้น,ประปา,2026-02
26/2/2026,ก๊อกอ่างล้างจาน แบบติดผนัง,229.00,3,687.00,กลุ่มงานบริหารทั่วไป (งานสนาม),252,,ป0082,อัน,ประปา,2026-02
26/2/2026,ก๊อกอ่างล้างหน้าทรงเตี้ย,189.00,5,945.00,กลุ่มงานบริหารทั่วไป (งานสนาม),252,,ป0083,ตัว,ประปา,2026-02
26/2/2026,มินิบอลวาล์วชุป,65.00,5,325.00,กลุ่มงานบริหารทั่วไป (งานสนาม),252,,ป0100,ตัว,ประปา,2026-02
26/2/2026,ฝาครอบพีวีซี,4.50,10,45.00,กลุ่มงานบริหารทั่วไป (งานสนาม),252,,ป0101,ชิ้น,ประปา,2026-02
26/2/2026,บอลวาล์ว(ประปา),140.00,25,"3,500.00",กลุ่มงานบริหารทั่วไป (งานสนาม),252,,ป0102,ชิ้น,ประปา,2026-02
26/2/2026,กาวทาท่อ(ประปา),160.00,1,160.00,กลุ่มงานบริหารทั่วไป (งานสนาม),252,,ป0103,กระป๋อง,ประปา,2026-02
26/2/2026,คลัชท์,300.00,1,300.00,กลุ่มงานบริหารทั่วไป (งานสนาม),253,,เก0008,ชุด,วัสดุการเกษตร,2026-02
26/2/2026,ตะไบ,50.00,1,50.00,กลุ่มงานบริหารทั่วไป (งานสนาม),253,,เก0021,ตัว,วัสดุการเกษตร,2026-02
26/2/2026,น๊อต,7.00,10,70.00,กลุ่มงานบริหารทั่วไป (งานสนาม),253,,เก0025,ตัว,วัสดุการเกษตร,2026-02
26/2/2026,สายน้ำมัน,50.00,1,50.00,กลุ่มงานบริหารทั่วไป (งานสนาม),253,,เก0057,เส้น,วัสดุการเกษตร,2026-02
26/2/2026,หัวเทียน,50.00,1,50.00,กลุ่มงานบริหารทั่วไป (งานสนาม),253,,เก0063,หัว,วัสดุการเกษตร,2026-02
26/2/2026,สายคันเร่ง+แฮนด์ ครบชุด,400.00,1,400.00,กลุ่มงานบริหารทั่วไป (งานสนาม),253,,เก0067,ชุด,วัสดุการเกษตร,2026-02
26/2/2026,กรวยเติมน้ำมัน,65.00,1,65.00,กลุ่มงานบริหารทั่วไป (งานสนาม),253,,เก0068,อัน,วัสดุการเกษตร,2026-02
26/2/2026,ถุงซิปใส ขนาด 10*15 ซม.,145.00,25,"3,625.00",กลุ่มงานเภสัชกรรมและคุ้มครองผู้บริโภค,254,,ย0003,กก.,วัสดุอื่น(ซองยา),2026-02
26/2/2026,ไขควง,290.00,1,290.00,กลุ่มงานบริหารทั่วไป (ซ่อมบำรุง),255,,ก0036,ชิ้น,วัสดุก่อสร้าง,2026-02
26/2/2026,เคเบิ้ลไทร์,19.00,1,19.00,กลุ่มงานบริหารทั่วไป (ซ่อมบำรุง),255,,ก0047,ถุง,วัสดุก่อสร้าง,2026-02
26/2/2026,เคเบิ้ลไทร์,68.00,1,68.00,กลุ่มงานบริหารทั่วไป (ซ่อมบำรุง),255,,ก0047,ถุง,วัสดุก่อสร้าง,2026-02
26/2/2026,เคเบิ้ลไทร์,189.00,1,189.00,กลุ่มงานบริหารทั่วไป (ซ่อมบำรุง),255,,ก0047,ถุง,วัสดุก่อสร้าง,2026-02
26/2/2026,ชุดลูกกลิ้งทาสี,149.00,1,149.00,กลุ่มงานบริหารทั่วไป (ซ่อมบำรุง),255,,ก0061,ชุด,วัสดุก่อสร้าง,2026-02
26/2/2026,โซดาไฟ,57.00,5,285.00,กลุ่มงานบริหารทั่วไป (ซ่อมบำรุง),255,,ก0073,ถุง,วัสดุก่อสร้าง,2026-02
26/2/2026,ดอกสว่านเจาะเหล็ก,60.00,1,60.00,กลุ่มงานบริหารทั่วไป (ซ่อมบำรุง),255,,ก0082,ตัว,วัสดุก่อสร้าง,2026-02
26/2/2026,ถาดสี,49.00,2,98.00,กลุ่มงานบริหารทั่วไป (ซ่อมบำรุง),255,,ก0098,อัน,วัสดุก่อสร้าง,2026-02
26/2/2026,ถาดสี,59.00,2,118.00,กลุ่มงานบริหารทั่วไป (ซ่อมบำรุง),255,,ก0098,อัน,วัสดุก่อสร้าง,2026-02
26/2/2026,ทินเนอร์,215.00,2,430.00,กลุ่มงานบริหารทั่วไป (ซ่อมบำรุง),255,,ก0106,กระป๋อง,วัสดุก่อสร้าง,2026-02
26/2/2026,ใบเจียร์,29.00,5,145.00,กลุ่มงานบริหารทั่วไป (ซ่อมบำรุง),256,,ก0124,ใบ,วัสดุก่อสร้าง,2026-02
26/2/2026,แปรงทาสี,19.00,1,19.00,กลุ่มงานบริหารทั่วไป (ซ่อมบำรุง),256,,ก0157,อัน,วัสดุก่อสร้าง,2026-02
26/2/2026,แปรงทาสี,38.00,3,114.00,กลุ่มงานบริหารทั่วไป (ซ่อมบำรุง),256,,ก0157,อัน,วัสดุก่อสร้าง,2026-02
26/2/2026,แปรงทาสี,40.00,1,40.00,กลุ่มงานบริหารทั่วไป (ซ่อมบำรุง),256,,ก0157,อัน,วัสดุก่อสร้าง,2026-02
26/2/2026,แปรงทาสี,115.00,2,230.00,กลุ่มงานบริหารทั่วไป (ซ่อมบำรุง),256,,ก0157,อัน,วัสดุก่อสร้าง,2026-02
26/2/2026,พุกเหล็ก,32.00,1,32.00,กลุ่มงานบริหารทั่วไป (ซ่อมบำรุง),256,,ก0174,ตัว,วัสดุก่อสร้าง,2026-02
26/2/2026,ลวดเชื่อม,125.00,1,125.00,กลุ่มงานบริหารทั่วไป (ซ่อมบำรุง),256,,ก0193,กล่อง,วัสดุก่อสร้าง,2026-02
26/2/2026,ลวดเชื่อม,179.00,2,358.00,กลุ่มงานบริหารทั่วไป (ซ่อมบำรุง),256,,ก0193,กล่อง,วัสดุก่อสร้าง,2026-02
26/2/2026,ลูกกลิ้งทาสี,48.00,2,96.00,กลุ่มงานบริหารทั่วไป (ซ่อมบำรุง),256,,ก0199,ชุด,วัสดุก่อสร้าง,2026-02
26/2/2026,ลูกบิดประตู,225.00,3,675.00,กลุ่มงานบริหารทั่วไป (ซ่อมบำรุง),256,,ก0200,ตัว,วัสดุก่อสร้าง,2026-02
26/2/2026,ลูกบิดประตู,229.00,5,"1,145.00",กลุ่มงานบริหารทั่วไป (ซ่อมบำรุง),257,,ก0200,ตัว,วัสดุก่อสร้าง,2026-02
26/2/2026,สกรูยิงแผ่นยิปซั่ม,68.68,2,137.36,กลุ่มงานบริหารทั่วไป (ซ่อมบำรุง),257,,ก0207,กล่อง,วัสดุก่อสร้าง,2026-02
26/2/2026,สกรูยิงเมทัลชีท,179.00,1,179.00,กลุ่มงานบริหารทั่วไป (ซ่อมบำรุง),257,,ก0209,ถุง,วัสดุก่อสร้าง,2026-02
26/2/2026,สีเคลือบเงา,755.00,1,755.00,กลุ่มงานบริหารทั่วไป (ซ่อมบำรุง),257,,ก0231,แกลลอน,วัสดุก่อสร้าง,2026-02
26/2/2026,สีรองพื้น,910.00,1,910.00,กลุ่มงานบริหารทั่วไป (ซ่อมบำรุง),257,,ก0237,ถัง,วัสดุก่อสร้าง,2026-02
26/2/2026,เหล็กฉาก,322.37,1,322.37,กลุ่มงานบริหารทั่วไป (ซ่อมบำรุง),257,,ก0257,เส้น,วัสดุก่อสร้าง,2026-02
26/2/2026,เหล็กแป๊บแบน,240.38,10,"2,403.80",กลุ่มงานบริหารทั่วไป (ซ่อมบำรุง),257,,ก0260,เส้น,วัสดุก่อสร้าง,2026-02
26/2/2026,เหล็กแป๊บแบน,630.24,10,"6,302.40",กลุ่มงานบริหารทั่วไป (ซ่อมบำรุง),257,,ก0260,เส้น,วัสดุก่อสร้าง,2026-02
26/2/2026,ท่อร้อยสาย,184.00,4,736.00,กลุ่มงานบริหารทั่วไป (ซ่อมบำรุง),257,,ก0285,เส้น,วัสดุก่อสร้าง,2026-02
26/2/2026,จอบ,269.00,1,269.00,กลุ่มงานบริหารทั่วไป (ซ่อมบำรุง),257,,ก0286,ด้าม,วัสดุก่อสร้าง,2026-02
26/2/2026,จอบ,379.00,1,379.00,กลุ่มงานบริหารทั่วไป (ซ่อมบำรุง),258,,ก0286,ด้าม,วัสดุก่อสร้าง,2026-02
26/2/2026,สายยาง,479.00,1,479.00,กลุ่มงานบริหารทั่วไป (ซ่อมบำรุง),258,,ก0287,ม้วน,วัสดุก่อสร้าง,2026-02
26/2/2026,ท่อหด PVC,23.00,3,69.00,กลุ่มงานบริหารทั่วไป (ซ่อมบำรุง),258,,ก0288,แพ็ค,วัสดุก่อสร้าง,2026-02
26/2/2026,สเก็น 3/8,72.00,1,72.00,กลุ่มงานบริหารทั่วไป (ซ่อมบำรุง),258,,ก0289,ตัว,วัสดุก่อสร้าง,2026-02
26/2/2026,สีเคลือบด้าน,645.00,2,"1,290.00",กลุ่มงานบริหารทั่วไป (ซ่อมบำรุง),258,,ก0290,แกลลอน,วัสดุก่อสร้าง,2026-02
26/2/2026,แคล้มรัด,59.00,2,118.00,กลุ่มงานบริหารทั่วไป (ซ่อมบำรุง),258,,ก0291,แกลลอน,วัสดุก่อสร้าง,2026-02
26/2/2026,แคล้มรัด,108.00,2,216.00,กลุ่มงานบริหารทั่วไป (ซ่อมบำรุง),258,,ก0291,แกลลอน,วัสดุก่อสร้าง,2026-02
26/2/2026,กล่องเก็บอะไหล่พลาสติก,159.00,1,159.00,กลุ่มงานบริหารทั่วไป (ซ่อมบำรุง),258,,ก0292,กล่อง,วัสดุก่อสร้าง,2026-02
26/2/2026,เหล็กแป๊บสี่เหลี่ยม,169.68,5,848.40,กลุ่มงานบริหารทั่วไป (ซ่อมบำรุง),258,,ก0293,เส้น,วัสดุก่อสร้าง,2026-02
26/2/2026,เหล็กแป๊บสี่เหลี่ยม,634.28,2,"1,268.56",กลุ่มงานบริหารทั่วไป (ซ่อมบำรุง),258,,ก0293,เส้น,วัสดุก่อสร้าง,2026-02
26/2/2026,ตะแกรงเหล็กฉีก,899.50,1,899.50,กลุ่มงานบริหารทั่วไป (ซ่อมบำรุง),259,,ก0294,แผ่น,วัสดุก่อสร้าง,2026-02
26/2/2026,เฌอร่า ไม้พื้น,514.09,15,"7,711.35",กลุ่มงานบริหารทั่วไป (ซ่อมบำรุง),259,,ก0295,แผ่น,วัสดุก่อสร้าง,2026-02
26/2/2026,สกรูยึดไม้,186.85,1,186.85,กลุ่มงานบริหารทั่วไป (ซ่อมบำรุง),259,,ก0296,กล่อง,วัสดุก่อสร้าง,2026-02
26/2/2026,แผ่นตัดเหล็กไฟเบอร์,118.00,2,236.00,กลุ่มงานบริหารทั่วไป (ซ่อมบำรุง),259,,ก0297,ใบ,วัสดุก่อสร้าง,2026-02
26/2/2026,คีมคอม้า,179.00,1,179.00,กลุ่มงานบริหารทั่วไป (ซ่อมบำรุง),259,,ก0298,อัน,วัสดุก่อสร้าง,2026-02
2/3/2026,น้ำมันดีเซล,30.20,"2,557","77,221.90",กลุ่มงานบริหารทั่วไป (ยานพาหนะ),280,,ช0001,ลิตร,เชื้อเพลิง,2026-03
2/3/2026,น้ำมันเบนซิน,31.11,80,"2,488.80",กลุ่มงานบริหารทั่วไป (ยานพาหนะ),280,,ช0002,ลิตร,เชื้อเพลิง,2026-03
30/3/2026,กาวUHU,75.00,1,75.00,กลุ่มงานการพยาบาล,263,,ส0045,หลอด,สำนักงาน,2026-03
30/3/2026,กระดาษ A4 80 แกรม (สีขาว),130.00,5,650.00,กลุ่มงานการพยาบาล,263,,ส0009,รีม,สำนักงาน,2026-03
30/3/2026,"ปากกาไวท์บอร์ด ( ดำ,แดง,น้ำเงิน )",22.00,3,66.00,กลุ่มงานการพยาบาล,263,,ส0128,ด้าม,สำนักงาน,2026-03
30/3/2026,สมุดเบอร์ 2,60.00,5,300.00,กลุ่มงานการพยาบาล,263,,ส0191,เล่ม,สำนักงาน,2026-03
30/3/2026,ตาไก่ (เล็ก),265.00,1,265.00,กลุ่มงานการพยาบาล,263,,ส0084,อัน,สำนักงาน,2026-03
30/3/2026,กระดาษ A4 80 แกรม (สีขาว),130.00,5,650.00,กลุ่มงานจิตเวชและยาเสพติด,266,,ส0009,รีม,สำนักงาน,2026-03
30/3/2026,ลูกแม็กซ์ เบอร์ 3,25.00,2,50.00,กลุ่มงานจิตเวชและยาเสพติด,266,,ส0174,กล่อง,สำนักงาน,2026-03
30/3/2026,มีดคัทเตอร์ ใหญ่,65.00,1,65.00,กลุ่มงานจิตเวชและยาเสพติด,266,,ส0162,เล่ม,สำนักงาน,2026-03
30/3/2026,"ปากกาไวท์บอร์ด ( ดำ,แดง,น้ำเงิน )",22.00,2,44.00,กลุ่มงานจิตเวชและยาเสพติด,266,,ส0128,ด้าม,สำนักงาน,2026-03
30/3/2026,เทปใส 3/4 นิ้ว,30.00,3,90.00,กลุ่มงานจิตเวชและยาเสพติด,266,,ส0097,ม้วน,สำนักงาน,2026-03
30/3/2026,ฟิวเจอร์บอร์ด ขนาดกลาง,55.00,2,110.00,กลุ่มงานจิตเวชและยาเสพติด,266,,ส0149,แผ่น,สำนักงาน,2026-03
30/3/2026,สเปรย์ปรับอากาศ-ดับกลิ่น,135.00,1,135.00,กลุ่มงานจิตเวชและยาเสพติด,275,,ง0207,กระป๋อง,งานบ้านงานครัว,2026-03
30/3/2026,สบู่เหลวล้างมือ (แบบขวด),192.60,1,192.60,กลุ่มงานจิตเวชและยาเสพติด,275,,ง0205,ขวด,งานบ้านงานครัว,2026-03
30/3/2026,"สเปรย์ฉีดแมลง,ยุง",105.00,1,105.00,กลุ่มงานจิตเวชและยาเสพติด,275,,ง0206,กระป๋อง,งานบ้านงานครัว,2026-03
30/3/2026,กระดาษเช็ดมือ,62.02,2,124.04,กลุ่มงานจิตเวชและยาเสพติด,275,,ง0008,ห่อ,งานบ้านงานครัว,2026-03
30/3/2026,กระดาษเช็ดมือ,61.97,2,123.94,กลุ่มงานการพยาบาล(วัสดุการแพทย์),272,,ง0008,ห่อ,งานบ้านงานครัว,2026-03
30/3/2026,ถ่าน ขนาด AA (อัลคาไลน์),25.00,6,150.00,กลุ่มงานการพยาบาล(วัสดุการแพทย์),272,,ง0064,ก้อน,งานบ้านงานครัว,2026-03
5/3/2026,ถุงซิปใส ขนาด 13*20 ซม.,145.00,5,725.00,กลุ่มงานเทคนิคการแพทย์,281,,ย0004,กก.,วัสดุอื่น(ซองยา),2026-03
5/3/2026,ถุงซิปใส ขนาด 10*15 ซม.,145.00,5,725.00,กลุ่มงานเทคนิคการแพทย์,281,,ย0003,กก.,วัสดุอื่น(ซองยา),2026-03
30/3/2026,กระดาษเช็ดมือ,61.97,12,743.64,กลุ่มงานเทคนิคการแพทย์,270,,ง0008,ห่อ,งานบ้านงานครัว,2026-03
30/3/2026,เจลก้อนหอม,100.00,6,600.00,กลุ่มงานเทคนิคการแพทย์,270,,ง0016,ก้อน,งานบ้านงานครัว,2026-03
30/3/2026,สบู่เหลวล้างมือ (บรรจุ 3.8 ลิตร),321.00,1,321.00,กลุ่มงานเทคนิคการแพทย์,270,,ง0204,แกลลอน,งานบ้านงานครัว,2026-03
30/3/2026,"กระดาษเทอมอล 110*30 ซม.(ห้องบัตร,ชันสูตร)",2750.00,1,"2,750.00",กลุ่มงานเทคนิคการแพทย์,265,,ส0021,ม้วน,สำนักงาน,2026-03
30/3/2026,"ปากกาเคมี 2 หัว ( ดำ,แดง,น้ำเงิน )",15.00,3,45.00,กลุ่มงานเทคนิคการแพทย์,262,,ส0125,ด้าม,สำนักงาน,2026-03
30/3/2026,กระดาษกาวย่น 2 นิ้ว,70.00,6,420.00,กลุ่มงานเทคนิคการแพทย์,261,,ส0016,ม้วน,สำนักงาน,2026-03
30/3/2026,แท่นเทปใส (เล็ก),125.00,2,250.00,กลุ่มงานเทคนิคการแพทย์,261,,ส0099,อัน,สำนักงาน,2026-03
30/3/2026,ลวดเสียบกระดาษ,12.00,6,72.00,กลุ่มงานเทคนิคการแพทย์,261,,ส0171,กล่อง,สำนักงาน,2026-03
30/3/2026,กระดาษเช็ดมือ,61.97,10,619.70,กลุ่มงานรังสีวิทยา,273,,ง0008,ห่อ,งานบ้านงานครัว,2026-03
30/3/2026,ถ่าน ขนาด AAA (อัลคาไลน์),25.00,8,200.00,กลุ่มงานรังสีวิทยา,273,,ง0065,ก้อน,งานบ้านงานครัว,2026-03
30/3/2026,ถุงขยะสีดำ ขนาด 16*19 นิ้ว,60.00,5,300.00,กลุ่มงานรังสีวิทยา,273,,ง0069,แพ็ค,งานบ้านงานครัว,2026-03
30/3/2026,น้ำยาขจัดกลิ่นฆ่าเชื้อเอนกประสงค์ (บรรจุ 3.8 ลิตร),406.60,2,813.20,กลุ่มงานบริหารทั่วไป (ยานพาหนะ),271,,ง0116,แกลลอน,งานบ้านงานครัว,2026-03
30/3/2026,ไม้กวาดอ่อน,50.00,2,100.00,กลุ่มงานบริหารทั่วไป (ยานพาหนะ),271,,ง0187,อัน,งานบ้านงานครัว,2026-03
30/3/2026,กระดาษเช็ดมือ,61.97,5,309.85,กลุ่มงานบริหารทั่วไป (ยานพาหนะ),271,,ง0008,ห่อ,งานบ้านงานครัว,2026-03
30/3/2026,ไม้ทำความสะอาดรถ,195.00,2,390.00,กลุ่มงานบริหารทั่วไป (ยานพาหนะ),271,,ง0191,อัน,งานบ้านงานครัว,2026-03
30/3/2026,น้ำยาล้างรถ (บรรจุ 20 ลิตร),802.50,2,"1,605.00",กลุ่มงานบริหารทั่วไป (ยานพาหนะ),271,,ง0136,แกลลอน,งานบ้านงานครัว,2026-03
30/3/2026,น้ำยาขัดล้อดำ ,481.50,1,481.50,กลุ่มงานบริหารทั่วไป (ยานพาหนะ),271,,ง0120,แกลลอน,งานบ้านงานครัว,2026-03
30/3/2026,ถ่าน ขนาด AA (อัลคาไลน์),25.00,48,"1,200.00",งานการพยาบาลผู้ป่วยนอก,278,,ง0064,ก้อน,งานบ้านงานครัว,2026-03
30/3/2026,ถุงขยะสีดำ ขนาด 16*19 นิ้ว,60.00,5,300.00,งานการพยาบาลผู้คลอด,274,,ง0069,แพ็ค,งานบ้านงานครัว,2026-03
30/3/2026,กระดาษ A4 80 แกรม (สีขาว),130.00,5,650.00,งานการพยาบาลผู้คลอด,264,,ส0009,รีม,สำนักงาน,2026-03
30/3/2026,กาว 2 หน้า บาง,20.00,2,40.00,งานการพยาบาลผู้ป่วยอุบัติเหตุฉุกเฉินและนิติเวช,268,,ส0043,ม้วน,สำนักงาน,2026-03
30/3/2026,ลวดเสียบกระดาษ,12.00,5,60.00,งานการพยาบาลผู้ป่วยอุบัติเหตุฉุกเฉินและนิติเวช,268,,ส0171,กล่อง,สำนักงาน,2026-03
30/3/2026,คลิบบอร์ด (A4),55.00,2,110.00,งานการพยาบาลผู้ป่วยอุบัติเหตุฉุกเฉินและนิติเวช,268,,ส0053,แผ่น,สำนักงาน,2026-03
30/3/2026,กระดาษ A4 80 แกรม (สีขาว),130.00,5,650.00,งานการพยาบาลผู้ป่วยอุบัติเหตุฉุกเฉินและนิติเวช,268,,ส0009,รีม,สำนักงาน,2026-03
30/3/2026,กระดาษ A4 80 แกรม (ทุกสี),240.00,1,240.00,งานการพยาบาลผู้ป่วยอุบัติเหตุฉุกเฉินและนิติเวช,268,,ส0008,รีม,สำนักงาน,2026-03
30/3/2026,แฟ้มห่วง 3 นิ้ว,75.00,1,75.00,งานการพยาบาลผู้ป่วยอุบัติเหตุฉุกเฉินและนิติเวช,268,,ส0158,แฟ้ม,สำนักงาน,2026-03
30/3/2026,ซองขาว,1.00,200,200.00,งานการพยาบาลผู้ป่วยอุบัติเหตุฉุกเฉินและนิติเวช,268,,ส0069,ซอง,สำนักงาน,2026-03
30/3/2026,ยางลบ,6.00,1,6.00,งานการพยาบาลผู้ป่วยอุบัติเหตุฉุกเฉินและนิติเวช,268,,ส0168,ก้อน,สำนักงาน,2026-03
30/3/2026,ฟองน้ำพร้อมสก็อตไบรท์,25.00,2,50.00,งานการพยาบาลผู้ป่วยอุบัติเหตุฉุกเฉินและนิติเวช,276,,ง0179,แผ่น,งานบ้านงานครัว,2026-03
30/3/2026,ถ่าน ขนาด AA (อัลคาไลน์),25.00,24,600.00,งานการพยาบาลผู้ป่วยอุบัติเหตุฉุกเฉินและนิติเวช,276,,ง0064,ก้อน,งานบ้านงานครัว,2026-03
30/3/2026,ถุงร้อน ขนาด 7*11 นิ้ว,85.00,1,85.00,งานการพยาบาลผู้ป่วยอุบัติเหตุฉุกเฉินและนิติเวช,276,,ง0098,แพ็ค,งานบ้านงานครัว,2026-03
30/3/2026,ถุงขยะสีแดง ขนาด 12*20 นิ้ว (พิมพ์ลาย),75.00,5,375.00,งานการพยาบาลผู้ป่วยอุบัติเหตุฉุกเฉินและนิติเวช,276,,ง0072,แพ็ค,งานบ้านงานครัว,2026-03
30/3/2026,ถุงขยะสีแดง ขนาด 16*28 นิ้ว (พิมพ์ลาย),80.00,5,400.00,งานการพยาบาลผู้ป่วยอุบัติเหตุฉุกเฉินและนิติเวช,276,,ง0074,แพ็ค,งานบ้านงานครัว,2026-03
30/3/2026,ถุงขยะสีดำ ขนาด 28*36 นิ้ว,60.00,5,300.00,งานการพยาบาลผู้ป่วยอุบัติเหตุฉุกเฉินและนิติเวช,276,,ง0070,แพ็ค,งานบ้านงานครัว,2026-03
30/3/2026,ถุงหูหิ้วสีขาว ขนาด 12*20 นิ้ว,70.00,5,350.00,งานการพยาบาลผู้ป่วยอุบัติเหตุฉุกเฉินและนิติเวช,276,,ง0102,แพ็ค,งานบ้านงานครัว,2026-03
30/3/2026,สบู่เหลวล้างมือ (บรรจุ 3.8 ลิตร),321.00,1,321.00,งานการพยาบาลผู้ป่วยอุบัติเหตุฉุกเฉินและนิติเวช,276,,ง0204,แกลลอน,งานบ้านงานครัว,2026-03
30/3/2026,ถุงขยะสีดำ ขนาด 28*36 นิ้ว,60.00,15,900.00,งานการพยาบาลผู้ป่วยใน,277,,ง0070,แพ็ค,งานบ้านงานครัว,2026-03
30/3/2026,ถุงขยะสีดำ ขนาด 40*40 นิ้ว,60.00,5,300.00,งานการพยาบาลผู้ป่วยใน,277,,ง0071,แพ็ค,งานบ้านงานครัว,2026-03
30/3/2026,ถุงหูหิ้วสีขาว ขนาด 12*20 นิ้ว,70.00,15,"1,050.00",งานการพยาบาลผู้ป่วยใน,277,,ง0102,แพ็ค,งานบ้านงานครัว,2026-03
30/3/2026,น้ำยาล้างจาน (บรรจุ 3.8 ลิตร),195.00,2,390.00,งานการพยาบาลผู้ป่วยใน,277,,ง0135,แกลลอน,งานบ้านงานครัว,2026-03
30/3/2026,น้ำยาขจัดกลิ่นฆ่าเชื้อเอนกประสงค์ (บรรจุ 3.8 ลิตร),406.60,3,"1,219.80",งานการพยาบาลผู้ป่วยใน,277,,ง0116,แกลลอน,งานบ้านงานครัว,2026-03
30/3/2026,"สเปรย์ฉีดแมลง,ยุง",105.00,2,210.00,งานการพยาบาลผู้ป่วยใน,277,,ง0206,กระป๋อง,งานบ้านงานครัว,2026-03
30/3/2026,สเปรย์ปรับอากาศ-ดับกลิ่น,135.00,2,270.00,งานการพยาบาลผู้ป่วยใน,277,,ง0207,กระป๋อง,งานบ้านงานครัว,2026-03
30/3/2026,กระดาษเช็ดมือ,61.97,12,743.64,งานการพยาบาลผู้ป่วยใน,277,,ง0008,ห่อ,งานบ้านงานครัว,2026-03
30/3/2026,ดินสอ,3.00,12,36.00,งานการพยาบาลผู้ป่วยใน,269,,ส0075,แท่ง,สำนักงาน,2026-03
30/3/2026,ลูกแม็กซ์ เบอร์ 10,15.00,4,60.00,งานการพยาบาลผู้ป่วยใน,269,,ส0173,กล่อง,สำนักงาน,2026-03
30/3/2026,"สติ๊กเกอร์ชื่อ(30,000ดวง/2,000 ต่อลัง)",4400.00,1,"4,400.00",งานการพยาบาลผู้ป่วยใน,269,,ส0181,ลัง,สำนักงาน,2026-03
30/3/2026,แลคซีน 1.5 นิ้ว,55.00,2,110.00,งานการพยาบาลผู้ป่วยใน,269,,ส0176,ม้วน,สำนักงาน,2026-03
30/3/2026,กระดาษ A4 80 แกรม (สีขาว),130.00,10,"1,300.00",งานการพยาบาลผู้ป่วยใน,269,,ส0009,รีม,สำนักงาน,2026-03
30/3/2026,กระดาษ A4 80 แกรม (ทุกสี),240.00,1,240.00,งานการพยาบาลผู้ป่วยใน,269,,ส0008,รีม,สำนักงาน,2026-03
30/3/2026,ปากกาลบคำผิดแบบเทป,59.00,3,177.00,งานการพยาบาลผู้ป่วยใน,269,,ส0127,อัน,สำนักงาน,2026-03
30/3/2026,กระดาษกาวย่น 1 นิ้ว,38.00,5,190.00,งานการพยาบาลผู้ป่วยใน,269,,ส0015,ม้วน,สำนักงาน,2026-03
30/3/2026,ยางลบ,6.00,3,18.00,งานการพยาบาลผู้ป่วยใน,269,,ส0168,ก้อน,สำนักงาน,2026-03
30/3/2026,น้ำดื่ม แบบขวด,55.00,200,"11,000.00",งานการพยาบาลผู้ป่วยใน,279,,บริ0001,ลัง,อุปโภค-บริโภค,2026-03
11/3/2026,INK FOR CANON GI 790 (BK),390.00,1,390.00,งานการพยาบาลผู้ป่วยใน,282,,ค0012,ขวด,คอมพิวเตอร์,2026-03
11/3/2026,INK FOR CANON GI 790 (Y),390.00,1,390.00,งานการพยาบาลผู้ป่วยใน,282,,ค0015,ขวด,คอมพิวเตอร์,2026-03
11/3/2026,หมึก HP GT53 BK,390.00,1,390.00,งานการพยาบาลผู้ป่วยใน,282,,ค0061,ขวด,คอมพิวเตอร์,2026-03
11/3/2026,INK FOR EPSONC13T664100 BK,390.00,1,390.00,งานการพยาบาลผู้ป่วยใน,282,,ค0021,ขวด,คอมพิวเตอร์,2026-03
11/3/2026,INK FOR EPSON T00V100(003) (BK),390.00,1,390.00,งานการพยาบาลผู้ป่วยใน,282,,ค0017,ขวด,คอมพิวเตอร์,2026-03
4/3/2026,หมึก HP GT53 BK,390.00,1,390.00,งานการพยาบาลผู้คลอด,283,,ค0061,ขวด,คอมพิวเตอร์,2026-03
4/3/2026,หมึก HP GT52 M,390.00,1,390.00,งานการพยาบาลผู้คลอด,283,,ค0059,ขวด,คอมพิวเตอร์,2026-03
4/3/2026,หมึก HP GT52 Y,390.00,1,390.00,งานการพยาบาลผู้คลอด,283,,ค0060,ขวด,คอมพิวเตอร์,2026-03
4/3/2026,หมึก HP GT52 C,390.00,1,390.00,งานการพยาบาลผู้คลอด,283,,ค0058,ขวด,คอมพิวเตอร์,2026-03
6/3/2026,TONER HP 145A,1390.00,2,"2,780.00",กลุ่มงานบริหารทั่วไป,284,,ค0071,ตลับ,คอมพิวเตอร์,2026-03
30/3/2026,TONER HP 76A,1590.00,1,"1,590.00",งานการพยาบาลผู้ป่วยนอก,232,,ค0042,ตลับ,คอมพิวเตอร์,2026-03
5/3/2026,TONER HP 145A,1390.00,1,"1,390.00",กลุ่มงานสุขภาพดิจิตอล,285,,ค0071,ตลับ,คอมพิวเตอร์,2026-03
5/3/2026,TONER HP 145A,1390.00,1,"1,390.00",งานการพยาบาลผู้ป่วยอุบัติเหตุฉุกเฉินและนิติเวช,286,,ค0071,ตลับ,คอมพิวเตอร์,2026-03
30/3/2026,INK FOR CANON GI 790 (C),390.00,1,390.00,กลุ่มงานบริหารทั่วไป (ยานพาหนะ),287,,ค0013,ขวด,คอมพิวเตอร์,2026-03
30/3/2026,INK FOR CANON GI 790 (Y),390.00,1,390.00,กลุ่มงานบริหารทั่วไป (ยานพาหนะ),287,,ค0015,ขวด,คอมพิวเตอร์,2026-03
30/3/2026,INK FOR CANON GI 790 (M),390.00,1,390.00,กลุ่มงานบริหารทั่วไป (ยานพาหนะ),287,,ค0014,ขวด,คอมพิวเตอร์,2026-03
30/3/2026,หมึก CANON PGI-750 PGBK,890.00,1,890.00,กลุ่มงานบริหารทั่วไป (โสต),288,,ค0053,ขวด,คอมพิวเตอร์,2026-03
30/3/2026,หมึก CANON CLI-751 BK,790.00,1,790.00,กลุ่มงานบริหารทั่วไป (โสต),288,,ค0054,ขวด,คอมพิวเตอร์,2026-03
30/3/2026,หมึก CANON CLI-751 Y,850.00,1,850.00,กลุ่มงานบริหารทั่วไป (โสต),288,,ค0057,ขวด,คอมพิวเตอร์,2026-03
26/3/2026,TONER HP 85A,790.00,1,790.00,งานการพยาบาลผู้ป่วยอุบัติเหตุฉุกเฉินและนิติเวช,289,,ค0038,ตลับ,คอมพิวเตอร์,2026-03
26/3/2026,INK FOR CANON GI 790 (BK),390.00,1,390.00,งานการพยาบาลผู้ป่วยอุบัติเหตุฉุกเฉินและนิติเวช,289,,ค0012,ขวด,คอมพิวเตอร์,2026-03
30/3/2026,ถุงขยะสีดำ ขนาด 16*19 นิ้ว,60.00,10,600.00,กลุ่มงานบริหารทั่วไป,290,,ง0069,แพ็ค,งานบ้านงานครัว,2026-03
30/3/2026,ถุงขยะสีดำ ขนาด 40*40 นิ้ว,60.00,10,600.00,กลุ่มงานบริหารทั่วไป,290,,ง0071,แพ็ค,งานบ้านงานครัว,2026-03
30/3/2026,ถุงขยะสีดำ ขนาด 28*36 นิ้ว,60.00,10,600.00,กลุ่มงานบริหารทั่วไป,290,,ง0070,แพ็ค,งานบ้านงานครัว,2026-03
30/3/2026,ถุงหูหิ้วสีขาว ขนาด 12*20 นิ้ว,70.00,10,700.00,กลุ่มงานบริหารทั่วไป,290,,ง0102,แพ็ค,งานบ้านงานครัว,2026-03
30/3/2026,น้ำยาล้างจาน (บรรจุ 3.8 ลิตร),195.00,2,390.00,กลุ่มงานบริหารทั่วไป,290,,ง0135,แกลลอน,งานบ้านงานครัว,2026-03
30/3/2026,น้ำยาล้างห้องน้ำ (บรรจุ 3.8 ลิตร),321.00,2,642.00,กลุ่มงานบริหารทั่วไป,290,,ง0138,แกลลอน,งานบ้านงานครัว,2026-03
30/3/2026,พรมเช็ดเท้า (ผ้า),35.00,6,210.00,กลุ่มงานบริหารทั่วไป,290,,ง0176,ผืน,งานบ้านงานครัว,2026-03
30/3/2026,ไม้ถูพื้นพร้อมผ้า,95.00,1,95.00,กลุ่มงานบริหารทั่วไป,290,,ง0190,อัน,งานบ้านงานครัว,2026-03
30/3/2026,ไม้กวาดอ่อน,50.00,2,100.00,กลุ่มงานบริหารทั่วไป,290,,ง0187,อัน,งานบ้านงานครัว,2026-03
30/3/2026,แปรงซักผ้า,20.00,1,20.00,กลุ่มงานบริหารทั่วไป,290,,ง0145,อัน,งานบ้านงานครัว,2026-03
30/3/2026,ถุงร้อน ขนาด 6*9 นิ้ว,85.00,1,85.00,กลุ่มงานบริหารทั่วไป,290,,ง0097,แพ็ค,งานบ้านงานครัว,2026-03
,,,,,,,,,,,
30/3/2026,กระดาษ A4 80 แกรม (สีขาว),130.00,40,"5,200.00",กลุ่มงานบริหารทั่วไป,291,,ส0009,รีม,สำนักงาน,2026-03
30/3/2026,กระดาษกาวย่น 1 นิ้ว,38.00,5,190.00,กลุ่มงานบริหารทั่วไป (โสต),291,,ส0015,ม้วน,สำนักงาน,2026-03
30/3/2026,กระดาษกาวย่น 2 นิ้ว,70.00,7,490.00,กลุ่มงานบริหารทั่วไป (โสต),291,,ส0016,ม้วน,สำนักงาน,2026-03
30/3/2026,กระดาษสติ๊กเกอร์ A4,35.00,10,350.00,กลุ่มงานบริหารทั่วไป,291,,ส0030,แพ็ค,สำนักงาน,2026-03
30/3/2026,คลิบบอร์ด (A4),55.00,1,55.00,กลุ่มงานบริหารทั่วไป,291,,ส0053,แผ่น,สำนักงาน,2026-03
30/3/2026,คลิบบอร์ด (A4),59.00,3,177.00,กลุ่มงานบริหารทั่วไป,291,,ส0053,แผ่น,สำนักงาน,2026-03
30/3/2026,ตรายางวันที่แบบปั้ม,55.00,1,55.00,กลุ่มงานบริหารทั่วไป,291,,ส0076,อัน,สำนักงาน,2026-03
30/3/2026,ตลับชาติ (เบอร์ 2),40.00,1,40.00,กลุ่มงานบริหารทั่วไป,291,,ส0082,ตลับ,สำนักงาน,2026-03
30/3/2026,เทปกันลื่น,135.00,20,"2,700.00",กลุ่มงานบริหารทั่วไป (โสต),291,,ส0093,ม้วน,สำนักงาน,2026-03
30/3/2026,"ปากกาเคมี 2 หัว ( ดำ,แดง,น้ำเงิน )",15.00,12,180.00,กลุ่มงานบริหารทั่วไป,291,,ส0125,ด้าม,สำนักงาน,2026-03
30/3/2026,ป้ายตั้งโต๊ะ,95.00,36,"3,420.00",กลุ่มงานบริหารทั่วไป (โสต),291,,ส0130,อัน,สำนักงาน,2026-03
30/3/2026,ฟิวเจอร์บอร์ด ขนาดกลาง,55.00,15,825.00,กลุ่มงานบริหารทั่วไป (โสต),291,,ส0149,แผ่น,สำนักงาน,2026-03
30/3/2026,มีดคัทเตอร์ ใหญ่,65.00,2,130.00,กลุ่มงานบริหารทั่วไป,291,,ส0162,เล่ม,สำนักงาน,2026-03
30/3/2026,สันรูด 5 มิล,5.00,12,60.00,กลุ่มงานบริหารทั่วไป,291,,ส0194,อัน,สำนักงาน,2026-03
30/3/2026,ลวดเสียบกระดาษ,12.00,14,168.00,กลุ่มงานบริหารทั่วไป,291,,ส0171,กล่อง,สำนักงาน,2026-03
30/3/2026,สันรูด 17 มิล,17.00,12,204.00,กลุ่มงานบริหารทั่วไป,291,,ส0220,อัน,สำนักงาน,2026-03
30/3/2026,กระเป๋าซิปรูด,59.00,12,708.00,กลุ่มงานบริหารทั่วไป,291,,ส0221,ใบ,สำนักงาน,2026-03
30/3/2026,สันรูด 10 มิล,10.00,12,120.00,กลุ่มงานบริหารทั่วไป,291,,ส0219,อัน,สำนักงาน,2026-03
30/3/2026,สันรูด 7 มิล,7.00,12,84.00,กลุ่มงานบริหารทั่วไป,291,,ส0195,อัน,สำนักงาน,2026-03
30/3/2026,ลูกแม็กซ์ เบอร์ 10,15.00,24,360.00,กลุ่มงานบริหารทั่วไป,291,,ส0173,กล่อง,สำนักงาน,2026-03
30/3/2026,หมึกพิมพ์สำเนา SF สีดำ,1130.50,5,"5,652.50",กลุ่มงานบริหารทั่วไป,291,,ส0204,หลอด,สำนักงาน,2026-03
30/3/2026,แกลลอนพลาสติก ,30.00,13,390.00,กลุ่มงานบริหารทั่วไป,290,,ง0247,แกลลอน,งานบ้านงานครัว,2026-03
30/3/2026,เชือกฟาง,40.00,4,160.00,กลุ่มงานบริหารทั่วไป,290,,ง0042,ม้วน,งานบ้านงานครัว,2026-03
30/3/2026,ถ่าน ขนาด AA (อัลคาไลน์),25.00,2,50.00,กลุ่มงานบริหารทั่วไป,290,,ง0064,ก้อน,งานบ้านงานครัว,2026-03
12/3/2026,แก๊สหุงต้ม ขนาด 48 กก.,1356.00,4,"5,424.00",งานการพยาบาลหน่วยควบคุมการติดเชื้อและงานจ่ายกลาง,292,,ง0023,ถัง,งานบ้านงานครัว,2026-03
10/3/2026,ผลิตภัณฑ์ทำความสะอาดClinicare Suction Cleaner DW ,1400.00,2,"2,800.00",กลุ่มงานทันตกรรม,293,,ง0246,แกลลอน,งานบ้านงานครัว,2026-03
30/3/2026,น้ำยาปรับผ้านุ่ม (บรรจุ 20 ลิตร),631.30,5,"3,156.50",งานการพยาบาลหน่วยควบคุมการติดเชื้อและงานจ่ายกลาง,294,,ง0129,ถัง,งานบ้านงานครัว,2026-03
30/3/2026,"ผลิตภัณฑ์น้ำยาซักผ้าเครื่อง ""แมกซ์วอกช"" A605B",1605.00,3,"4,815.00",งานการพยาบาลหน่วยควบคุมการติดเชื้อและงานจ่ายกลาง,294,,ง0151,ถัง,งานบ้านงานครัว,2026-03
30/3/2026,น้ำยาซักผ้าขาวและผ้าสี (บรรจุ 20 ลิตร),1872.50,3,"5,617.50",งานการพยาบาลหน่วยควบคุมการติดเชื้อและงานจ่ายกลาง,294,,ง0131,ถัง,งานบ้านงานครัว,2026-03
30/3/2026,กล่องพลาสติกมีฝาปิด(มีล้อ) ขนาดเล็ก,250.00,6,"1,500.00",งานการพยาบาลหน่วยควบคุมการติดเชื้อและงานจ่ายกลาง,294,,ง0010,ใบ,งานบ้านงานครัว,2026-03
30/3/2026,น้ำยาซักผ้า (บรรจุ 20 ลิตร),909.50,2,"1,819.00",งานการพยาบาลหน่วยควบคุมการติดเชื้อและงานจ่ายกลาง,294,,ง0124,ถัง,งานบ้านงานครัว,2026-03
30/3/2026,น้ำยาล้างเครื่องมือแพทย์,4044.60,3,"12,133.80",งานการพยาบาลหน่วยควบคุมการติดเชื้อและงานจ่ายกลาง,294,,ง0239,แกลลอน,งานบ้านงานครัว,2026-03
30/3/2026,น้ำยาเคลือบแห้ง(IC),4500.00,3,"13,500.00",งานการพยาบาลหน่วยควบคุมการติดเชื้อและงานจ่ายกลาง,294,,ง0122,แกลลอน,งานบ้านงานครัว,2026-03
30/3/2026,น้ำดื่ม แบบขวด,55.00,45,"2,475.00",กลุ่มงานบริหารทั่วไป,295,,บริ0001,ลัง,อุปโภค-บริโภค,2026-03
30/3/2026,น้ำดื่ม แบบแก้ว,80.00,10,800.00,กลุ่มงานบริหารทั่วไป,295,,บริ0002,แพ็ค,อุปโภค-บริโภค,2026-03
20/3/2026,น้ำมันเบนซิน,30.81,60,"1,848.60",กลุ่มงานบริหารทั่วไป (ยานพาหนะ),296,,ช0002,ลิตร,เชื้อเพลิง,2026-03
20/3/2026,น้ำมันดีเซล,31.25,"1,157","36,155.70",กลุ่มงานบริหารทั่วไป (ยานพาหนะ),296,,ช0001,ลิตร,เชื้อเพลิง,2026-03
30/3/2026,ข้อต่อตรง,5.00,1,5.00,กลุ่มงานบริหารทั่วไป (ซ่อมบำรุง),297,,ก0029,อัน,วัสดุก่อสร้าง,2026-03
30/3/2026,ข้อต่อตรง,16.00,5,80.00,กลุ่มงานบริหารทั่วไป (ซ่อมบำรุง),297,,ก0029,อัน,วัสดุก่อสร้าง,2026-03
30/3/2026,ครอบปรับมุม (ซ้าย),45.00,1,45.00,กลุ่มงานบริหารทั่วไป (ซ่อมบำรุง),297,,ก0037,แผ่น,วัสดุก่อสร้าง,2026-03
30/3/2026,ใบตัดเหล็ก,15.00,5,75.00,กลุ่มงานบริหารทั่วไป (ซ่อมบำรุง),297,,ก0127,ใบ,วัสดุก่อสร้าง,2026-03
30/3/2026,ปูนซีเมนต์,152.00,2,304.00,กลุ่มงานบริหารทั่วไป (ซ่อมบำรุง),297,,ก0154,ถุง,วัสดุก่อสร้าง,2026-03
30/3/2026,ครอบปรับมุม (ขวา),45.00,1,45.00,กลุ่มงานบริหารทั่วไป (ซ่อมบำรุง),297,,ก0299,แผ่น,วัสดุก่อสร้าง,2026-03
30/3/2026,แบตเตอรี่แห้ง,415.16,1,415.16,กลุ่มงานบริหารทั่วไป (ซ่อมบำรุง),298,,ฟ0068,ก้อน,ไฟฟ้า,2026-03
30/3/2026,รางนีออน LED,158.36,10,"1,583.60",กลุ่มงานบริหารทั่วไป (ซ่อมบำรุง),298,,ฟ0104,ชุด,ไฟฟ้า,2026-03
30/3/2026,รางมินิเท้งกิ้ง (รางร้อยสาย),53.50,10,535.00,กลุ่มงานบริหารทั่วไป (ซ่อมบำรุง),298,,ฟ0106,เส้น,ไฟฟ้า,2026-03
30/3/2026,รางมินิเท้งกิ้ง (รางร้อยสาย),69.55,10,695.50,กลุ่มงานบริหารทั่วไป (ซ่อมบำรุง),298,,ฟ0106,เส้น,ไฟฟ้า,2026-03
30/3/2026,หม้อมิเตอร์ไฟฟ้า,2110.04,1,"2,110.04",กลุ่มงานบริหารทั่วไป (ซ่อมบำรุง),298,,ฟ0142,อัน,ไฟฟ้า,2026-03
30/3/2026,แบตเตอรี่แห้ง 6V12AH,744.72,1,744.72,กลุ่มงานบริหารทั่วไป (ซ่อมบำรุง),298,,ฟ0168,อัน,ไฟฟ้า,2026-03
10/3/2026,กระถาง,65.16,1,65.16,กลุ่มงานบริหารทั่วไป,299,,เก0002,อัน,วัสดุการเกษตร,2026-03
10/3/2026,แจกัน,80.00,3,240.00,กลุ่มงานบริหารทั่วไป,299,,เก0012,ใบ,วัสดุการเกษตร,2026-03
10/3/2026,ดอกไม้ปลอม,14.00,60,840.00,กลุ่มงานบริหารทั่วไป,299,,เก0016,ชิ้น,วัสดุการเกษตร,2026-03
10/3/2026,ดอกไม้ปลอม,20.00,10,200.00,กลุ่มงานบริหารทั่วไป,299,,เก0016,ชิ้น,วัสดุการเกษตร,2026-03
10/3/2026,ดอกไม้ปลอม,38.00,12,456.00,กลุ่มงานบริหารทั่วไป,299,,เก0016,ชิ้น,วัสดุการเกษตร,2026-03
10/3/2026,ดอกไม้ปลอม,54.00,21,"1,134.00",กลุ่มงานบริหารทั่วไป,299,,เก0016,ชิ้น,วัสดุการเกษตร,2026-03
10/3/2026,ดอกไม้ปลอม,79.00,2,158.00,กลุ่มงานบริหารทั่วไป,299,,เก0016,ชิ้น,วัสดุการเกษตร,2026-03
10/3/2026,ดอกไม้ปลอม,90.00,12,"1,080.00",กลุ่มงานบริหารทั่วไป,299,,เก0016,ชิ้น,วัสดุการเกษตร,2026-03
10/3/2026,โอเอซิส,21.00,20,420.00,กลุ่มงานบริหารทั่วไป,299,,เก0065,ก้อน,วัสดุการเกษตร,2026-03
10/3/2026,ดอกกล้วยไม้,25.00,4,100.00,กลุ่มงานบริหารทั่วไป,299,,เก0069,ช่อ,วัสดุการเกษตร,2026-03
10/3/2026,แจกันพร้อมจานรอง,72.00,3,216.00,กลุ่มงานบริหารทั่วไป,299,,เก0070,ชุด,วัสดุการเกษตร,2026-03
29/4/2026,แก้วกรวยกระดาษ,62.68,4,250.72,กลุ่มงานบริหารทั่วไป (แม่บ้าน),314,,ง0020,แถว,งานบ้านงานครัว,2026-04
29/4/2026,แก้วกรวยกระดาษ,62.48,46,"2,874.08",กลุ่มงานบริหารทั่วไป (แม่บ้าน),314,,ง0020,แถว,งานบ้านงานครัว,2026-04
29/4/2026,กระดาษชำระม้วนใหญ่,107.00,48,"5,136.00",กลุ่มงานบริหารทั่วไป (แม่บ้าน),314,,ง0007,ม้วน,งานบ้านงานครัว,2026-04
29/4/2026,ฟองน้ำพร้อมสก็อตไบรท์,25.00,10,250.00,กลุ่มงานบริหารทั่วไป (แม่บ้าน),314,,ง0179,แผ่น,งานบ้านงานครัว,2026-04
29/4/2026,ผงซักฟอก ,130.00,10,"1,300.00",กลุ่มงานบริหารทั่วไป (แม่บ้าน),314,,ง0148,ถุง,งานบ้านงานครัว,2026-04
29/4/2026,ถุงขยะสีแดง ขนาด 16*28 นิ้ว (พิมพ์ลาย),80.00,25,"2,000.00",กลุ่มงานบริหารทั่วไป (แม่บ้าน),314,,ง0074,แพ็ค,งานบ้านงานครัว,2026-04
29/4/2026,ถุงขยะสีแดง ขนาด 12*20 นิ้ว (พิมพ์ลาย),75.00,25,"1,875.00",กลุ่มงานบริหารทั่วไป (แม่บ้าน),314,,ง0072,แพ็ค,งานบ้านงานครัว,2026-04
29/4/2026,ถุงขยะสีดำ ขนาด 16*19 นิ้ว,60.00,25,"1,500.00",กลุ่มงานบริหารทั่วไป (แม่บ้าน),314,,ง0069,แพ็ค,งานบ้านงานครัว,2026-04
29/4/2026,ถุงขยะสีดำ ขนาด 40*40 นิ้ว,60.00,25,"1,500.00",กลุ่มงานบริหารทั่วไป (แม่บ้าน),314,,ง0071,แพ็ค,งานบ้านงานครัว,2026-04
29/4/2026,น้ำยาล้างห้องน้ำ (บรรจุ 3.8 ลิตร),321.00,4,"1,284.00",กลุ่มงานบริหารทั่วไป (แม่บ้าน),314,,ง0138,แกลลอน,งานบ้านงานครัว,2026-04
29/4/2026,ถุงมือยางทำความสะอาด,35.00,5,175.00,กลุ่มงานบริหารทั่วไป (แม่บ้าน),314,,ง0093,คู่,งานบ้านงานครัว,2026-04
29/4/2026,ถ่าน ขนาด AA (อัลคาไลน์),25.00,20,500.00,กลุ่มงานจิตเวชและยาเสพติด,320,,ง0064,ก้อน,งานบ้านงานครัว,2026-04
29/4/2026,กระดาษเช็ดมือ,61.97,3,185.91,กลุ่มงานจิตเวชและยาเสพติด,320,,ง0008,ห่อ,งานบ้านงานครัว,2026-04
29/4/2026,เจลก้อนหอม,100.00,1,100.00,กลุ่มงานจิตเวชและยาเสพติด,320,,ง0016,ก้อน,งานบ้านงานครัว,2026-04
29/4/2026,แก้วกรวยกระดาษ,62.48,25,"1,562.00",กลุ่มงานจิตเวชและยาเสพติด,320,,ง0020,แถว,งานบ้านงานครัว,2026-04
29/4/2026,กระดาษชำระม้วนใหญ่,107.00,2,214.00,กลุ่มงานจิตเวชและยาเสพติด,320,,ง0007,ม้วน,งานบ้านงานครัว,2026-04
29/4/2026,กระดาษ A4 80 แกรม (สีขาว),130.00,5,650.00,กลุ่มงานจิตเวชและยาเสพติด,308,,ส0009,รีม,สำนักงาน,2026-04
29/4/2026,แม็กซ์ เบอร์ 10,245.00,1,245.00,กลุ่มงานจิตเวชและยาเสพติด,308,,ส0163,ตัว,สำนักงาน,2026-04
29/4/2026,ลูกแม็กซ์ เบอร์ 3,25.00,5,125.00,กลุ่มงานจิตเวชและยาเสพติด,308,,ส0174,กล่อง,สำนักงาน,2026-04
29/4/2026,ปากกาลบคำผิดแบบเทป,59.00,2,118.00,กลุ่มงานจิตเวชและยาเสพติด,308,,ส0127,อัน,สำนักงาน,2026-04
29/4/2026,แลคซีน 2 นิ้ว,75.00,2,150.00,กลุ่มงานจิตเวชและยาเสพติด,308,,ส0177,ม้วน,สำนักงาน,2026-04
29/4/2026,กาว 2 หน้า หนา,275.00,1,275.00,กลุ่มงานจิตเวชและยาเสพติด,308,,ส0044,ม้วน,สำนักงาน,2026-04
29/4/2026,กระดาษเช็ดมือ,61.97,6,371.82,กลุ่มงานเทคนิคการแพทย์,321,,ง0008,ห่อ,งานบ้านงานครัว,2026-04
29/4/2026,เจลก้อนหอม,100.00,4,400.00,กลุ่มงานเทคนิคการแพทย์,321,,ง0016,ก้อน,งานบ้านงานครัว,2026-04
29/4/2026,กระดาษชำระม้วนใหญ่,107.00,8,856.00,กลุ่มงานทันตกรรม,323,,ง0007,ม้วน,งานบ้านงานครัว,2026-04
29/4/2026,กระดาษเช็ดมือ,61.97,10,619.70,กลุ่มงานทันตกรรม,323,,ง0008,ห่อ,งานบ้านงานครัว,2026-04
29/4/2026,ถุงขยะสีดำ ขนาด 40*40 นิ้ว,60.00,10,600.00,กลุ่มงานทันตกรรม,323,,ง0071,แพ็ค,งานบ้านงานครัว,2026-04
29/4/2026,ถุงขยะสีแดง ขนาด 12*20 นิ้ว (พิมพ์ลาย),75.00,10,750.00,กลุ่มงานทันตกรรม,323,,ง0072,แพ็ค,งานบ้านงานครัว,2026-04
29/4/2026,น้ำยาขจัดกลิ่นฆ่าเชื้อเอนกประสงค์ (บรรจุ 3.8 ลิตร),406.60,2,813.20,กลุ่มงานทันตกรรม,323,,ง0116,แกลลอน,งานบ้านงานครัว,2026-04
29/4/2026,น้ำยาล้างจาน (บรรจุ 3.8 ลิตร),195.00,1,195.00,กลุ่มงานทันตกรรม,323,,ง0135,แกลลอน,งานบ้านงานครัว,2026-04
29/4/2026,ไม้ถูพื้นพร้อมผ้า,150.00,2,300.00,กลุ่มงานทันตกรรม,323,,ง0190,อัน,งานบ้านงานครัว,2026-04
29/4/2026,สบู่เหลวล้างมือ (บรรจุ 3.8 ลิตร),321.00,1,321.00,กลุ่มงานทันตกรรม,323,,ง0204,แกลลอน,งานบ้านงานครัว,2026-04
29/4/2026,ไฟฉายแบบชาร์จ,175.00,3,525.00,งานการพยาบาลผู้ป่วยนอก,317,,ง0182,กระบอก,งานบ้านงานครัว,2026-04
29/4/2026,ถ่าน ขนาด AA (อัลคาไลน์),25.00,30,750.00,งานการพยาบาลผู้ป่วยนอก,317,,ง0064,ก้อน,งานบ้านงานครัว,2026-04
29/4/2026,กระดาษกาวย่น 1 นิ้ว,38.00,12,456.00,งานการพยาบาลหน่วยควบคุมการติดเชื้อและงานจ่ายกลาง,301,,ส0015,ม้วน,สำนักงาน,2026-04
29/4/2026,คลิบบอร์ด (A4),59.00,6,354.00,งานการพยาบาลหน่วยควบคุมการติดเชื้อและงานจ่ายกลาง,301,,ส0053,แผ่น,สำนักงาน,2026-04
29/4/2026,เทปใส 2 นิ้ว,25.00,4,100.00,งานการพยาบาลหน่วยควบคุมการติดเชื้อและงานจ่ายกลาง,301,,ส0096,ม้วน,สำนักงาน,2026-04
29/4/2026,แลคซีน 2 นิ้ว,75.00,4,300.00,งานการพยาบาลหน่วยควบคุมการติดเชื้อและงานจ่ายกลาง,301,,ส0177,ม้วน,สำนักงาน,2026-04
29/4/2026,สันรูด 10 มิล,10.00,12,120.00,งานการพยาบาลหน่วยควบคุมการติดเชื้อและงานจ่ายกลาง,301,,ส0219,อัน,สำนักงาน,2026-04
29/4/2026,ตีนตุ๊กแก 2 นิ้ว,90.00,1,90.00,งานการพยาบาลหน่วยควบคุมการติดเชื้อและงานจ่ายกลาง,301,,ส0216,เมตร,สำนักงาน,2026-04
29/4/2026,กระดาษสติ๊กเกอร์ A4,145.00,1,145.00,งานการพยาบาลหน่วยควบคุมการติดเชื้อและงานจ่ายกลาง,301,,ส0030,แพ็ค,สำนักงาน,2026-04
29/4/2026,ซองขาว,1.00,24,24.00,งานการพยาบาลหน่วยควบคุมการติดเชื้อและงานจ่ายกลาง,301,,ส0069,ซอง,สำนักงาน,2026-04
29/4/2026,ขวดสเปรย์ (เล็ก) (ขวดเปล่า),35.00,36,"1,260.00",งานการพยาบาลหน่วยควบคุมการติดเชื้อและงานจ่ายกลาง,312,,ง0026,ขวด,งานบ้านงานครัว,2026-04
29/4/2026,ไม้ถูพื้นพร้อมผ้า,150.00,2,300.00,งานการพยาบาลหน่วยควบคุมการติดเชื้อและงานจ่ายกลาง,312,,ง0190,อัน,งานบ้านงานครัว,2026-04
29/4/2026,กระดาษเช็ดมือ,61.97,4,247.88,งานการพยาบาลหน่วยควบคุมการติดเชื้อและงานจ่ายกลาง,312,,ง0008,ห่อ,งานบ้านงานครัว,2026-04
29/4/2026,ผงซักฟอก ,130.00,2,260.00,งานการพยาบาลหน่วยควบคุมการติดเชื้อและงานจ่ายกลาง,312,,ง0148,ถุง,งานบ้านงานครัว,2026-04
29/4/2026,น้ำยาล้างจาน (บรรจุ 3.8 ลิตร),195.00,1,195.00,งานการพยาบาลหน่วยควบคุมการติดเชื้อและงานจ่ายกลาง,312,,ง0135,แกลลอน,งานบ้านงานครัว,2026-04
29/4/2026,ฟองน้ำพร้อมสก็อตไบรท์,25.00,12,300.00,งานการพยาบาลหน่วยควบคุมการติดเชื้อและงานจ่ายกลาง,312,,ง0179,แผ่น,งานบ้านงานครัว,2026-04
29/4/2026,น้ำยาเช็ดกระจก บรรจุ 3.8 ลิตร,267.50,1,267.50,งานการพยาบาลหน่วยควบคุมการติดเชื้อและงานจ่ายกลาง,312,,ง0123,แกลลอน,งานบ้านงานครัว,2026-04
29/4/2026,ถุงขยะสีดำ ขนาด 40*40 นิ้ว,60.00,5,300.00,งานการพยาบาลหน่วยควบคุมการติดเชื้อและงานจ่ายกลาง,312,,ง0071,แพ็ค,งานบ้านงานครัว,2026-04
29/4/2026,เจลก้อนหอม,100.00,6,600.00,งานการพยาบาลหน่วยควบคุมการติดเชื้อและงานจ่ายกลาง,312,,ง0016,ก้อน,งานบ้านงานครัว,2026-04
29/4/2026,สายยาง 20 เมตร,500.00,1,500.00,งานการพยาบาลหน่วยควบคุมการติดเชื้อและงานจ่ายกลาง,312,,ง0243,เมตร,งานบ้านงานครัว,2026-04
29/4/2026,กระดาษ A4 80 แกรม (สีขาว),130.00,10,"1,300.00",กลุ่มงานการพยาบาล(วัสดุการแพทย์),302,,ส0009,รีม,สำนักงาน,2026-04
29/4/2026,สันรูด 7 มิล,7.00,2,14.00,กลุ่มงานการพยาบาล(วัสดุการแพทย์),302,,ส0195,อัน,สำนักงาน,2026-04
29/4/2026,สันรูด 10 มิล,10.00,2,20.00,กลุ่มงานการพยาบาล(วัสดุการแพทย์),302,,ส0219,อัน,สำนักงาน,2026-04
29/4/2026,สันรูด 17 มิล,17.00,2,34.00,กลุ่มงานการพยาบาล(วัสดุการแพทย์),302,,ส0220,อัน,สำนักงาน,2026-04
29/4/2026,กาวUHU,75.00,1,75.00,กลุ่มงานการพยาบาล(วัสดุการแพทย์),302,,ส0045,หลอด,สำนักงาน,2026-04
29/4/2026,ทะเบียนหนังสือรับ,75.00,2,150.00,กลุ่มงานการพยาบาล(วัสดุการแพทย์),302,,ส0087,เล่ม,สำนักงาน,2026-04
29/4/2026,ทะเบียนหนังสือส่ง,75.00,1,75.00,กลุ่มงานการพยาบาล(วัสดุการแพทย์),302,,ส0088,เล่ม,สำนักงาน,2026-04
29/4/2026,"ปากกาเคมี 2 หัว ( ดำ,แดง,น้ำเงิน )",15.00,2,30.00,กลุ่มงานการพยาบาล(วัสดุการแพทย์),302,,ส0125,ด้าม,สำนักงาน,2026-04
29/4/2026,ปากกาลบคำผิดแบบเทป,59.00,2,118.00,กลุ่มงานการพยาบาล(วัสดุการแพทย์),302,,ส0127,อัน,สำนักงาน,2026-04
29/4/2026,ปกใส A4,250.00,1,250.00,กลุ่มงานการพยาบาล(วัสดุการแพทย์),302,,ส0212,แพ็ค,สำนักงาน,2026-04
29/4/2026,ถุงขยะสีดำ ขนาด 40*40 นิ้ว,60.00,10,600.00,กลุ่มงานการพยาบาล(วัสดุการแพทย์),313,,ง0071,แพ็ค,งานบ้านงานครัว,2026-04
29/4/2026,ฟองน้ำพร้อมสก็อตไบรท์,25.00,1,25.00,กลุ่มงานการพยาบาล(วัสดุการแพทย์),313,,ง0179,แผ่น,งานบ้านงานครัว,2026-04
29/4/2026,ผ้าถูพื้น,45.00,3,135.00,งานการพยาบาลผู้ป่วยใน,325,,ง0159,ผืน,งานบ้านงานครัว,2026-04
29/4/2026,กระดาษชำระม้วนใหญ่,107.00,8,856.00,กลุ่มงานบริการด้านปฐมภูมิและองค์รวม,315,,ง0007,ม้วน,งานบ้านงานครัว,2026-04
29/4/2026,กระดาษเช็ดมือ,61.97,2,123.94,กลุ่มงานบริการด้านปฐมภูมิและองค์รวม,315,,ง0008,ห่อ,งานบ้านงานครัว,2026-04
29/4/2026,ถุงหูหิ้วสีขาว ขนาด 12*20 นิ้ว,70.00,5,350.00,กลุ่มงานบริการด้านปฐมภูมิและองค์รวม,315,,ง0102,แพ็ค,งานบ้านงานครัว,2026-04
29/4/2026,น้ำยาล้างจาน (บรรจุ 3.8 ลิตร),195.00,1,195.00,กลุ่มงานบริการด้านปฐมภูมิและองค์รวม,315,,ง0135,แกลลอน,งานบ้านงานครัว,2026-04
29/4/2026,ถ่าน ขนาด AA (อัลคาไลน์),25.00,12,300.00,กลุ่มงานบริการด้านปฐมภูมิและองค์รวม,315,,ง0064,ก้อน,งานบ้านงานครัว,2026-04
29/4/2026,ถุงขยะสีดำ ขนาด 16*19 นิ้ว,60.00,5,300.00,กลุ่มงานบริการด้านปฐมภูมิและองค์รวม,315,,ง0069,แพ็ค,งานบ้านงานครัว,2026-04
29/4/2026,ถุงขยะสีดำ ขนาด 28*36 นิ้ว,60.00,5,300.00,กลุ่มงานบริการด้านปฐมภูมิและองค์รวม,315,,ง0070,แพ็ค,งานบ้านงานครัว,2026-04
29/4/2026,ปากกาลบคำผิดแบบเทป,59.00,4,236.00,กลุ่มงานบริการด้านปฐมภูมิและองค์รวม,303,,ส0127,อัน,สำนักงาน,2026-04
29/4/2026,กระดาษสติ๊กเกอร์ A4,145.00,1,145.00,กลุ่มงานบริการด้านปฐมภูมิและองค์รวม,319,,ส0030,แพ็ค,สำนักงาน,2026-04
29/4/2026,ถ่าน ขนาด AA (อัลคาไลน์),25.00,80,"2,000.00",งานการพยาบาลผู้ป่วยใน,319,,ง0064,ก้อน,งานบ้านงานครัว,2026-04
29/4/2026,ถ่าน ขนาด AAA (อัลคาไลน์),25.00,60,"1,500.00",งานการพยาบาลผู้ป่วยใน,319,,ง0065,ก้อน,งานบ้านงานครัว,2026-04
29/4/2026,น้ำยาขจัดกลิ่นฆ่าเชื้อเอนกประสงค์ (บรรจุ 3.8 ลิตร),406.60,1,406.60,งานการพยาบาลผู้ป่วยใน,319,,ง0116,แกลลอน,งานบ้านงานครัว,2026-04
29/4/2026,ถุงหูหิ้วสีขาว ขนาด 12*20 นิ้ว,70.00,15,"1,050.00",งานการพยาบาลผู้ป่วยใน,319,,ง0102,แพ็ค,งานบ้านงานครัว,2026-04
29/4/2026,กระดาษเช็ดมือ,61.97,10,619.70,งานการพยาบาลผู้ป่วยใน,319,,ง0008,ห่อ,งานบ้านงานครัว,2026-04
29/4/2026,ถุงขยะสีดำ ขนาด 28*36 นิ้ว,60.00,15,900.00,งานการพยาบาลผู้ป่วยใน,319,,ง0070,แพ็ค,งานบ้านงานครัว,2026-04
29/4/2026,ถังขยะชนิดเหยียบ ขนาด 18 ลิตร,440.00,2,880.00,งานการพยาบาลผู้ป่วยใน,319,,ง0053,ใบ,งานบ้านงานครัว,2026-04
29/4/2026,ถุงขยะสีแดง ขนาด 16*28 นิ้ว (พิมพ์ลาย),80.00,5,400.00,งานการพยาบาลผู้ป่วยใน,319,,ง0074,แพ็ค,งานบ้านงานครัว,2026-04
29/4/2026,ถุงขยะสีแดง ขนาด 12*20 นิ้ว (พิมพ์ลาย),75.00,10,750.00,งานการพยาบาลผู้ป่วยอุบัติเหตุฉุกเฉินและนิติเวช,324,,ง0072,แพ็ค,งานบ้านงานครัว,2026-04
29/4/2026,ถุงขยะสีดำ ขนาด 28*36 นิ้ว,60.00,10,600.00,งานการพยาบาลผู้ป่วยอุบัติเหตุฉุกเฉินและนิติเวช,324,,ง0070,แพ็ค,งานบ้านงานครัว,2026-04
29/4/2026,"ปากกาเคมี 2 หัว ( ดำ,แดง,น้ำเงิน )",15.00,3,45.00,งานการพยาบาลผู้ป่วยอุบัติเหตุฉุกเฉินและนิติเวช,309,,ส0125,ด้าม,สำนักงาน,2026-04
29/4/2026,กระดาษกาวย่น 1 นิ้ว,38.00,2,76.00,งานการพยาบาลผู้ป่วยอุบัติเหตุฉุกเฉินและนิติเวช,309,,ส0015,ม้วน,สำนักงาน,2026-04
29/4/2026,กระดาษ A4 80 แกรม (สีขาว),130.00,10,"1,300.00",งานการพยาบาลผู้ป่วยอุบัติเหตุฉุกเฉินและนิติเวช,309,,ส0009,รีม,สำนักงาน,2026-04
29/4/2026,ลูกแม็กซ์ เบอร์ 10,15.00,12,180.00,งานการพยาบาลผู้ป่วยอุบัติเหตุฉุกเฉินและนิติเวช,309,,ส0173,กล่อง,สำนักงาน,2026-04
29/4/2026,แม็กซ์ เบอร์ 10,245.00,1,245.00,งานการพยาบาลผู้ป่วยอุบัติเหตุฉุกเฉินและนิติเวช,309,,ส0163,ตัว,สำนักงาน,2026-04
29/4/2026,แฟ้มห่วง 3 นิ้ว,75.00,1,75.00,งานการพยาบาลผู้ป่วยอุบัติเหตุฉุกเฉินและนิติเวช,309,,ส0158,แฟ้ม,สำนักงาน,2026-04
29/4/2026,ซองขาว,1.00,100,100.00,งานการพยาบาลผู้ป่วยอุบัติเหตุฉุกเฉินและนิติเวช,309,,ส0069,ซอง,สำนักงาน,2026-04
29/4/2026,ดินสอ,3.00,1,3.00,งานการพยาบาลผู้ป่วยอุบัติเหตุฉุกเฉินและนิติเวช,309,,ส0075,แท่ง,สำนักงาน,2026-04
29/4/2026,กระดาษเช็ดมือ,61.97,2,123.94,งานการพยาบาลผู้ป่วยอุบัติเหตุฉุกเฉินและนิติเวช,322,,ง0008,ห่อ,งานบ้านงานครัว,2026-04
29/4/2026,ถ่าน ขนาด AA (อัลคาไลน์),25.00,12,300.00,งานการพยาบาลผู้ป่วยอุบัติเหตุฉุกเฉินและนิติเวช,322,,ง0064,ก้อน,งานบ้านงานครัว,2026-04
29/4/2026,ถ่านกระดุม,35.00,2,70.00,งานการพยาบาลผู้ป่วยอุบัติเหตุฉุกเฉินและนิติเวช,322,,ง0066,ก้อน,งานบ้านงานครัว,2026-04
29/4/2026,กาวUHU,75.00,2,150.00,กลุ่มงานทันตกรรม,311,,ส0045,หลอด,สำนักงาน,2026-04
29/4/2026,ซองขาว,1.00,100,100.00,กลุ่มงานทันตกรรม,311,,ส0069,ซอง,สำนักงาน,2026-04
29/4/2026,ปากกาเขียน CD,30.00,5,150.00,กลุ่มงานทันตกรรม,311,,ส0123,ด้าม,สำนักงาน,2026-04
29/4/2026,ยางลบ,6.00,2,12.00,กลุ่มงานทันตกรรม,311,,ส0168,ก้อน,สำนักงาน,2026-04
29/4/2026,แลคซีน 2 นิ้ว,75.00,3,225.00,กลุ่มงานทันตกรรม,311,,ส0177,ม้วน,สำนักงาน,2026-04
29/4/2026,"หมึกเติมตลับชาติ ดำ,แดง,น้ำเงิน",12.00,1,12.00,กลุ่มงานทันตกรรม,311,,ส0203,ขวด,สำนักงาน,2026-04
29/4/2026,ปกใส A4,250.00,1,250.00,กลุ่มงานทันตกรรม,311,,ส0212,แพ็ค,สำนักงาน,2026-04
29/4/2026,เทปใส 1 นิ้ว,40.00,2,80.00,งานการพยาบาลผู้คลอด,306,,ส0095,ม้วน,สำนักงาน,2026-04
29/4/2026,สมุดเบอร์ 2,60.00,1,60.00,งานการพยาบาลผู้คลอด,306,,ส0191,เล่ม,สำนักงาน,2026-04
29/4/2026,สมุดลงเวลาปฏิบัติงาน,95.00,1,95.00,งานการพยาบาลผู้คลอด,306,,ส0193,เล่ม,สำนักงาน,2026-04
29/4/2026,ถุงขยะสีดำ ขนาด 40*40 นิ้ว,60.00,5,300.00,งานการพยาบาลผู้คลอด,326,,ง0071,แพ็ค,งานบ้านงานครัว,2026-04
29/4/2026,ถุงขยะสีดำ ขนาด 16*19 นิ้ว,60.00,5,300.00,ห้องบัตร,316,,ง0069,แพ็ค,งานบ้านงานครัว,2026-04
29/4/2026,ถุงขยะสีดำ ขนาด 40*40 นิ้ว,60.00,5,300.00,ห้องบัตร,316,,ง0071,แพ็ค,งานบ้านงานครัว,2026-04
29/4/2026,ถุงหูหิ้วสีขาว ขนาด 12*20 นิ้ว,70.00,5,350.00,ห้องบัตร,316,,ง0102,แพ็ค,งานบ้านงานครัว,2026-04
29/4/2026,กระดาษเช็ดมือ,61.97,2,123.94,ห้องบัตร,316,,ง0008,ห่อ,งานบ้านงานครัว,2026-04
29/4/2026,กระดาษ A4 80 แกรม (สีขาว),130.00,15,"1,950.00",ห้องบัตร,304,,ส0009,รีม,สำนักงาน,2026-04
29/4/2026,"กระดาษเทอมอล 110*30 ซม.(ห้องบัตร,ชันสูตร)",2750.00,1,"2,750.00",ห้องบัตร,304,,ส0021,ม้วน,สำนักงาน,2026-04
29/4/2026,ดินสอ,3.00,12,36.00,ห้องบัตร,304,,ส0075,แท่ง,สำนักงาน,2026-04
29/4/2026,ซองขาว,1.00,100,100.00,ห้องบัตร,304,,ส0069,ซอง,สำนักงาน,2026-04
29/4/2026,โพสอิท (สติ๊กเกอร์โน๊ต) ชิ้นเล็ก ๆ,39.00,1,39.00,ห้องบัตร,304,,ส0146,แพ็ค,สำนักงาน,2026-04
29/4/2026,โพสอิท (สติ๊กเกอร์โน๊ต) สี่เหลี่ยม,39.00,2,78.00,ห้องบัตร,304,,ส0147,แพ็ค,สำนักงาน,2026-04
29/4/2026,ลวดเสียบกระดาษ,12.00,30,360.00,งานการพยาบาลผู้ป่วยนอก,305,,ส0171,กล่อง,สำนักงาน,2026-04
29/4/2026,กระดาษ A4 80 แกรม (สีขาว),130.00,5,650.00,งานการพยาบาลผู้ป่วยนอก,305,,ส0009,รีม,สำนักงาน,2026-04
29/4/2026,"ปากกาเคมี 2 หัว ( ดำ,แดง,น้ำเงิน )",15.00,6,90.00,งานการพยาบาลผู้ป่วยนอก,305,,ส0125,ด้าม,สำนักงาน,2026-04
29/4/2026,ถ่าน ขนาด AA (อัลคาไลน์),25.00,12,300.00,งานการพยาบาลผู้คลอด,318,,ง0064,ก้อน,งานบ้านงานครัว,2026-04
29/4/2026,ถ่าน ขนาด AAA (อัลคาไลน์),25.00,6,150.00,งานการพยาบาลผู้คลอด,318,,ง0065,ก้อน,งานบ้านงานครัว,2026-04
29/4/2026,ถุงขยะสีดำ ขนาด 16*19 นิ้ว,60.00,10,600.00,งานการพยาบาลผู้คลอด,318,,ง0069,แพ็ค,งานบ้านงานครัว,2026-04
29/4/2026,ไม้กวาดอ่อน,50.00,1,50.00,งานการพยาบาลผู้คลอด,318,,ง0187,อัน,งานบ้านงานครัว,2026-04
29/4/2026,สเปรย์ปรับอากาศ-ดับกลิ่น,85.00,2,170.00,งานการพยาบาลผู้คลอด,318,,ง0207,กระป๋อง,งานบ้านงานครัว,2026-04
29/4/2026,แปรงลบกระดาน,20.00,2,40.00,งานการพยาบาลผู้ป่วยใน,307,,ส0132,อัน,สำนักงาน,2026-04
29/4/2026,เทปใส 3/4 นิ้ว,30.00,20,600.00,งานการพยาบาลผู้ป่วยใน,307,,ส0097,ม้วน,สำนักงาน,2026-04
29/4/2026,ซองขาว,1.00,50,50.00,งานการพยาบาลผู้ป่วยใน,307,,ส0069,ซอง,สำนักงาน,2026-04
29/4/2026,"ปากกาไวท์บอร์ด ( ดำ,แดง,น้ำเงิน )",22.00,12,264.00,งานการพยาบาลผู้ป่วยใน,307,,ส0128,ด้าม,สำนักงาน,2026-04
29/4/2026,โพสอิท (สติ๊กเกอร์โน๊ต) ชิ้นเล็ก ๆ,39.00,5,195.00,งานการพยาบาลผู้ป่วยใน,307,,ส0146,แพ็ค,สำนักงาน,2026-04
29/4/2026,กระดาษ A4 80 แกรม (สีขาว),130.00,15,"1,950.00",งานการพยาบาลผู้ป่วยใน,307,,ส0009,รีม,สำนักงาน,2026-04
29/4/2026,กบเหลาดินสอ,295.00,1,295.00,งานการพยาบาลผู้ป่วยใน,307,,ส0001,อัน,สำนักงาน,2026-04
29/4/2026,ปลั๊กราง ยาว 3 เมตร,350.00,1,350.00,กลุ่มงานทันตกรรม,327,,ฟ0078,อัน,ไฟฟ้า,2026-04
29/4/2026,ปลั๊กราง ยาว 5 เมตร,395.00,1,395.00,กลุ่มงานทันตกรรม,327,,ฟ0079,อัน,ไฟฟ้า,2026-04
1/4/2026,TONER HP 85A,790.00,1,790.00,งานการพยาบาลผู้ป่วยนอก,330,,ค0038,ตลับ,คอมพิวเตอร์,2026-04
1/4/2026,INK FOR CANON GI 790 (BK),390.00,1,390.00,กลุ่มงานทันตกรรม,331,,ค0012,ขวด,คอมพิวเตอร์,2026-04
1/4/2026,INK FOR EPSON T00V100(003) (BK),450.00,1,450.00,กลุ่มงานทันตกรรม,331,,ค0017,ขวด,คอมพิวเตอร์,2026-04
2/4/2026,TONER HP 12A,790.00,1,790.00,กลุ่มงานบริหารทั่วไป,332,,ค0039,ตลับ,คอมพิวเตอร์,2026-04
16/4/2026,TONER HP 76A,1590.00,1,"1,590.00",กลุ่มงานบริหารทั่วไป,333,,ค0042,ตลับ,คอมพิวเตอร์,2026-04
8/4/2026,หมึก HP GT52 M,390.00,1,390.00,กลุ่มงานสุขภาพดิจิตอล,334,,ค0059,ขวด,คอมพิวเตอร์,2026-04
8/4/2026,หมึก HP GT52 C,390.00,1,390.00,กลุ่มงานสุขภาพดิจิตอล,334,,ค0058,ขวด,คอมพิวเตอร์,2026-04
8/4/2026,หมึก HP GT52 Y,390.00,1,390.00,กลุ่มงานสุขภาพดิจิตอล,334,,ค0060,ขวด,คอมพิวเตอร์,2026-04
29/4/2026,ปลั๊กราง ยาว 3 เมตร,350.00,1,350.00,กลุ่มงานการพยาบาล(วัสดุการแพทย์),335,,ฟ0078,อัน,ไฟฟ้า,2026-04
28/4/2026,TONER HP 79A,790.00,1,790.00,กลุ่มงานจิตเวชและยาเสพติด,336,,ค0077,ตลับ,คอมพิวเตอร์,2026-04
27/4/2026,INK FOR EPSONC13T664100 BK,450.00,1,450.00,กลุ่มงานเภสัชกรรมและคุ้มครองผู้บริโภค,337,,ค0021,ขวด,คอมพิวเตอร์,2026-04
22/4/2026,หมึก CANON CLI-751 BK,790.00,1,790.00,กลุ่มงานบริหารทั่วไป (โสต),338,,ค0054,ขวด,คอมพิวเตอร์,2026-04
22/4/2026,หมึก CANON CLI-751 C,850.00,1,850.00,กลุ่มงานบริหารทั่วไป (โสต),338,,ค0055,ขวด,คอมพิวเตอร์,2026-04
1/4/2026,ปลั๊กฝังกราวคู่,145.52,20,"2,910.40",กลุ่มงานบริหารทั่วไป (ซ่อมบำรุง),339,,ฟ0075,อัน,ไฟฟ้า,2026-04
1/4/2026,ปลั๊กฝัง,22.47,20,449.40,กลุ่มงานบริหารทั่วไป (ซ่อมบำรุง),339,,ฟ0074,อัน,ไฟฟ้า,2026-04
1/4/2026,สวิทต์แสงแดด,310.30,5,"1,551.50",กลุ่มงานบริหารทั่วไป (ซ่อมบำรุง),339,,ฟ0154,อัน,ไฟฟ้า,2026-04
1/4/2026,หน้ากาก,24.61,20,492.20,กลุ่มงานบริหารทั่วไป (ซ่อมบำรุง),339,,ฟ0140,อัน,ไฟฟ้า,2026-04
20/4/2026,บล็อก,13.91,20,278.20,กลุ่มงานบริหารทั่วไป (ซ่อมบำรุง),340,,ฟ0064,อัน,ไฟฟ้า,2026-04
20/4/2026,ปลั๊กตัวผู้,22.47,24,539.28,กลุ่มงานบริหารทั่วไป (ซ่อมบำรุง),340,,ฟ0073,ตัว,ไฟฟ้า,2026-04
20/4/2026,หลอด LED,203.30,60,"12,198.00",กลุ่มงานบริหารทั่วไป (ซ่อมบำรุง),340,,ฟ0144,หลอด,ไฟฟ้า,2026-04
29/4/2026,กระดาษ A4 80 แกรม (สีขาว),130.00,20,"2,600.00",กลุ่มงานบริหารทั่วไป,341,,ส0009,รีม,สำนักงาน,2026-04
29/4/2026,ธงชาติ ขนาด 60*90 ซม.,40.00,1,40.00,กลุ่มงานบริหารทั่วไป,341,,ส0107,ผืน,สำนักงาน,2026-04
29/4/2026,มีดคัทเตอร์ ใหญ่,65.00,2,130.00,กลุ่มงานบริหารทั่วไป,341,,ส0162,เล่ม,สำนักงาน,2026-04
29/4/2026,ยางลบ,6.00,5,30.00,กลุ่มงานบริหารทั่วไป,341,,ส0168,ก้อน,สำนักงาน,2026-04
29/4/2026,ลวดเสียบกระดาษ,12.00,10,120.00,กลุ่มงานบริหารทั่วไป,341,,ส0171,กล่อง,สำนักงาน,2026-04
29/4/2026,ลูกแม็กซ์ เบอร์ 3,25.00,10,250.00,กลุ่มงานบริหารทั่วไป,341,,ส0174,กล่อง,สำนักงาน,2026-04
29/4/2026,เสาธง(หัวดอกรัก),380.00,1,380.00,กลุ่มงานบริหารทั่วไป,341,,ส0198,อัน,สำนักงาน,2026-04
29/4/2026,เสาธงแบบไม้ ขนาด 1.50 ม.,55.00,1,55.00,กลุ่มงานบริหารทั่วไป,341,,ส0199,อัน,สำนักงาน,2026-04
29/4/2026,กรอบรูปรัชกาลที่ 10 ขนาด 15x20นิ้ว,1550.00,1,"1,550.00",กลุ่มงานบริหารทั่วไป,341,,ส0222,บาน,สำนักงาน,2026-04
29/4/2026,สติ๊กเกอร์สำหรับเครื่อง PB3-312 (1/500ดวง),100.00,60,"6,000.00",งานการพยาบาลหน่วยควบคุมการติดเชื้อและงานจ่ายกลาง,342,,ส0031,ม้วน,สำนักงาน,2026-04
29/4/2026,ม้วนหมึกสำหรับเครื่องยิง PB3-312,350.00,1,350.00,งานการพยาบาลหน่วยควบคุมการติดเชื้อและงานจ่ายกลาง,342,,ส0032,ม้วน,สำนักงาน,2026-04
29/4/2026,สติ๊กเกอร์สำหรับพิมพ์ วันอายุ ขนาด 4.8*8.16 ซม.,475.00,25,"11,875.00",งานการพยาบาลหน่วยควบคุมการติดเชื้อและงานจ่ายกลาง,342,,ส0188,ดวง,สำนักงาน,2026-04
29/4/2026,สีสเปรย์ คละสี,50.00,2,100.00,งานการพยาบาลหน่วยควบคุมการติดเชื้อและงานจ่ายกลาง,342,,ส0197,กระป๋อง,สำนักงาน,2026-04
29/4/2026,สีสเปรย์ คละสี,50.00,3,150.00,กลุ่มงานบริหารทั่วไป (ซ่อมบำรุง),343,,ส0197,กระป๋อง,สำนักงาน,2026-04
29/4/2026,สติ๊กเกอร์ไดเร็คเทอมอล 8.5*6 ซม. (พิมพ์เปล่า),0.23,"24,000","5,520.00",กลุ่มงานเภสัชกรรมและคุ้มครองผู้บริโภค,344,,ส0182,ม้วน,สำนักงาน,2026-04
29/4/2026,สติ๊กเกอร์ไดเร็คเทอมอล 8.5*6 ซม.(เภสัช),0.28,"60,000","16,800.00",กลุ่มงานเภสัชกรรมและคุ้มครองผู้บริโภค,344,,ส0183,ลัง,สำนักงาน,2026-04
29/4/2026,"ใบเสร็จรับเงิน 6*8 ซม.(1,000ใบ/1ลัง/50ลัง)",920.00,6,"5,520.00",กลุ่มงานบริหารทั่วไป,345,,ส0120,ลัง,สำนักงาน,2026-04
29/4/2026,กระดาษเช็ดมือ,61.97,5,309.85,กลุ่มงานเภสัชกรรมและคุ้มครองผู้บริโภค,346,,ง0008,ห่อ,งานบ้านงานครัว,2026-04
29/4/2026,ถุงขยะสีดำ ขนาด 40*40 นิ้ว,60.00,5,300.00,กลุ่มงานเภสัชกรรมและคุ้มครองผู้บริโภค,346,,ง0071,แพ็ค,งานบ้านงานครัว,2026-04
10/4/2026,แก๊สหุงต้ม ขนาด 48 กก.,1370.00,4,"5,480.00",งานการพยาบาลหน่วยควบคุมการติดเชื้อและงานจ่ายกลาง,347,,ง0023,ถัง,งานบ้านงานครัว,2026-04
29/4/2026,ด้าย,12.00,6,72.00,งานการพยาบาลหน่วยควบคุมการติดเชื้อและงานจ่ายกลาง,348,,ง0045,หลอด,งานบ้านงานครัว,2026-04
29/4/2026,ถังกลม   30 ลิตร,100.00,12,"1,200.00",งานการพยาบาลหน่วยควบคุมการติดเชื้อและงานจ่ายกลาง,348,,ง0248,ใบ,งานบ้านงานครัว,2026-04
29/4/2026,ถังกลม 16 ลิตร,135.00,18,"2,430.00",งานการพยาบาลหน่วยควบคุมการติดเชื้อและงานจ่ายกลาง,348,,ง0249,ใบ,งานบ้านงานครัว,2026-04
29/4/2026,ถังพลาสติกพร้อมฝา,450.00,12,"5,400.00",งานการพยาบาลหน่วยควบคุมการติดเชื้อและงานจ่ายกลาง,348,,ง0057,ใบ,งานบ้านงานครัว,2026-04
29/4/2026,น้ำยาล้างเครื่องมือแพทย์,4044.60,2,"8,089.20",งานการพยาบาลหน่วยควบคุมการติดเชื้อและงานจ่ายกลาง,348,,ง0239,แกลลอน,งานบ้านงานครัว,2026-04
29/4/2026,ผลิตภัณฑ์เสริมด่าง,1284.00,5,"6,420.00",งานการพยาบาลหน่วยควบคุมการติดเชื้อและงานจ่ายกลาง,348,,ง0152,ถัง,งานบ้านงานครัว,2026-04
29/4/2026,"ผลิตภัณฑ์น้ำยาซักผ้าเครื่อง ""แมกซ์วอกช"" A605B",1605.00,2,"3,210.00",งานการพยาบาลหน่วยควบคุมการติดเชื้อและงานจ่ายกลาง,348,,ง0151,ถัง,งานบ้านงานครัว,2026-04
29/4/2026,น้ำยาปรับผ้านุ่ม (บรรจุ 20 ลิตร),631.30,2,"1,262.60",งานการพยาบาลหน่วยควบคุมการติดเชื้อและงานจ่ายกลาง,348,,ง0129,ถัง,งานบ้านงานครัว,2026-04
29/4/2026,น้ำยาซักผ้าขาวและผ้าสี (บรรจุ 20 ลิตร),1872.50,2,"3,745.00",งานการพยาบาลหน่วยควบคุมการติดเชื้อและงานจ่ายกลาง,348,,ง0131,ถัง,งานบ้านงานครัว,2026-04
29/4/2026,ถุงขยะสีดำ ขนาด 40*40 นิ้ว,60.00,25,"1,500.00",กลุ่มงานบริหารทั่วไป (งานสนาม),349,,ง0071,แพ็ค,งานบ้านงานครัว,2026-04
29/4/2026,ผงซักฟอก ,130.00,5,650.00,กลุ่มงานบริหารทั่วไป (งานสนาม),349,,ง0148,ถุง,งานบ้านงานครัว,2026-04
29/4/2026,"สเปรย์ฉีดแมลง,ยุง",105.00,6,630.00,กลุ่มงานบริหารทั่วไป (งานสนาม),349,,ง0206,กระป๋อง,งานบ้านงานครัว,2026-04
29/4/2026,เจลก้อนหอม,100.00,1,100.00,กลุ่มงานบริหารทั่วไป (งานสนาม),350,,ง0016,ก้อน,งานบ้านงานครัว,2026-04
29/4/2026,ถ่านกระดุม,35.00,48,"1,680.00",กลุ่มงานบริหารทั่วไป (โสต),352,,ง0066,ก้อน,งานบ้านงานครัว,2026-04
29/4/2026,เหยือกน้ำ ขนาด 2 ลิตร,150.00,5,750.00,งานการพยาบาลผู้คลอด,351,,ง0219,ใบ,งานบ้านงานครัว,2026-04
29/4/2026,น้ำมันนวด,370.00,6,"2,220.00",กลุ่มงานการแพทย์แผนไทยและการแพทย์ทางเลือก,353,,ง0111,ขวด,งานบ้านงานครัว,2026-04
24/4/2026,น้ำมันดีเซล,41.00,28,"1,160.30",กลุ่มงานบริหารทั่วไป (ยานพาหนะ),354,,ช0001,ลิตร,เชื้อเพลิง,2026-04
24/4/2026,น้ำมันดีเซล,44.50,181,"8,050.50",กลุ่มงานบริหารทั่วไป (ยานพาหนะ),354,,ช0001,ลิตร,เชื้อเพลิง,2026-04
24/4/2026,น้ำมันดีเซล,48.00,365,"17,532.96",กลุ่มงานบริหารทั่วไป (ยานพาหนะ),354,,ช0001,ลิตร,เชื้อเพลิง,2026-04
24/4/2026,น้ำมันดีเซล,50.80,236,"11,981.18",กลุ่มงานบริหารทั่วไป (ยานพาหนะ),354,,ช0001,ลิตร,เชื้อเพลิง,2026-04
24/4/2026,น้ำมันดีเซล,48.66,571,"27,775.13",กลุ่มงานบริหารทั่วไป (ยานพาหนะ),354,,ช0001,ลิตร,เชื้อเพลิง,2026-04
24/4/2026,น้ำมันดีเซล,44.60,1,44.60,กลุ่มงานบริหารทั่วไป (ยานพาหนะ),354,,ช0001,ลิตร,เชื้อเพลิง,2026-04
24/4/2026,น้ำมันดีเซล,44.66,307,"13,695.93",กลุ่มงานบริหารทั่วไป (ยานพาหนะ),354,,ช0001,ลิตร,เชื้อเพลิง,2026-04
24/4/2026,น้ำมันเบนซิน,44.21,40,"1,768.40",กลุ่มงานบริหารทั่วไป (ยานพาหนะ),354,,ช0002,ลิตร,เชื้อเพลิง,2026-04
7/4/2026,น้ำมันดีเซล,35.11,"1,474","51,763.90",กลุ่มงานบริหารทั่วไป (ยานพาหนะ),355,,ช0001,ลิตร,เชื้อเพลิง,2026-04
29/4/2026,ถุงซิปใส ขนาด 10*15 ซม.,145.00,5,725.00,กลุ่มงานเภสัชกรรมและคุ้มครองผู้บริโภค,356,,ย0003,กก.,วัสดุอื่น(ซองยา),2026-04
29/4/2026,ปลั๊กราง ยาว 10 เมตร,495.00,2,990.00,กลุ่มงานบริหารทั่วไป (โสต),357,,ฟ0077,อัน,ไฟฟ้า,2026-04
29/4/2026,ปลั๊กราง ยาว 3 เมตร,350.00,1,350.00,กลุ่มงานบริหารทั่วไป (โสต),357,,ฟ0078,อัน,ไฟฟ้า,2026-04
29/4/2026,ปลั๊กราง ยาว 5 เมตร,395.00,2,790.00,กลุ่มงานบริหารทั่วไป (โสต),357,,ฟ0079,อัน,ไฟฟ้า,2026-04
29/4/2026,สารกรองน้ำ คาร์บอน,1680.00,4,"6,720.00",กลุ่มงานบริหารทั่วไป (งานสนาม),358,,ป0062,ชุด,ประปา,2026-04
29/4/2026,ไส้กรอง MB 50 กรัม,2180.00,7,"15,260.00",กลุ่มงานบริหารทั่วไป (งานสนาม),358,,ป0065,ชุด,ประปา,2026-04
29/4/2026,ไส้กรองน้ำ R/020 นิ้ว,2480.00,1,"2,480.00",กลุ่มงานบริหารทั่วไป (งานสนาม),358,,ป0071,ชุด,ประปา,2026-04
29/4/2026,หลอด UV 12W,1200.00,1,"1,200.00",กลุ่มงานบริหารทั่วไป (งานสนาม),358,,ป0072,หลอด,ประปา,2026-04
29/4/2026,กระเบื้องปูพื้น,31.84,264,"8,405.76",กลุ่มงานบริหารทั่วไป (ซ่อมบำรุง),359,,ก0006,กล่อง,วัสดุก่อสร้าง,2026-04
29/4/2026,ชุดฝักบัวพร้อมสาย,240.00,1,240.00,กลุ่มงานบริหารทั่วไป (ซ่อมบำรุง),359,,ก0059,ชุด,วัสดุก่อสร้าง,2026-04
29/4/2026,โซ่พลาสติก,485.00,1,485.00,กลุ่มงานบริหารทั่วไป (ซ่อมบำรุง),359,,ก0074,ชุด,วัสดุก่อสร้าง,2026-04
29/4/2026,ดอกสว่านเจาะปูน,138.00,1,138.00,กลุ่มงานบริหารทั่วไป (ซ่อมบำรุง),359,,ก0080,ดอก,วัสดุก่อสร้าง,2026-04
29/4/2026,ปูนกาว,120.00,30,"3,600.00",กลุ่มงานบริหารทั่วไป (ซ่อมบำรุง),359,,ก0310,ลูก,วัสดุก่อสร้าง,2026-04
29/4/2026,ตะแกรงกันกลิ่นสแตนเลส,300.00,1,300.00,กลุ่มงานบริหารทั่วไป (ซ่อมบำรุง),359,,ก0311,อัน,วัสดุก่อสร้าง,2026-04
29/4/2026,สีน้ำมัน (ทุกสี),655.00,1,655.00,กลุ่มงานบริหารทั่วไป (ซ่อมบำรุง),359,,ก0235,แกลลอน,วัสดุก่อสร้าง,2026-04
29/4/2026,ถุงมือเซฟตี้,325.00,1,325.00,กลุ่มงานบริหารทั่วไป (ซ่อมบำรุง),359,,ก0099,คู่,วัสดุก่อสร้าง,2026-04
29/4/2026,สีสเปรย์,48.00,5,240.00,กลุ่มงานบริหารทั่วไป (ซ่อมบำรุง),359,,ก0238,กระป๋อง,วัสดุก่อสร้าง,2026-04
29/4/2026,พุกตะกั่ว,55.00,4,220.00,กลุ่มงานบริหารทั่วไป (ซ่อมบำรุง),359,,ก0304,แพ็็ค,วัสดุก่อสร้าง,2026-04
29/4/2026,ทินเนอร์,290.00,1,290.00,กลุ่มงานบริหารทั่วไป (ซ่อมบำรุง),359,,ก0106,กระป๋อง,วัสดุก่อสร้าง,2026-04
29/4/2026,น้ำมันสน,290.00,1,290.00,กลุ่มงานบริหารทั่วไป (ซ่อมบำรุง),359,,ก0110,ขวด,วัสดุก่อสร้าง,2026-04
29/4/2026,แม่สี,154.51,1,154.51,กลุ่มงานบริหารทั่วไป (ซ่อมบำรุง),359,,ก0303,แกลลอน,วัสดุก่อสร้าง,2026-04
29/4/2026,ปูน/กาวยาแนว,52.00,12,624.00,กลุ่มงานบริหารทั่วไป (ซ่อมบำรุง),359,,ก0152,ถุง,วัสดุก่อสร้าง,2026-04
29/4/2026,ใบตัดเหล็ก,29.00,10,290.00,กลุ่มงานบริหารทั่วไป (ซ่อมบำรุง),359,,ก0127,ใบ,วัสดุก่อสร้าง,2026-04
29/4/2026,กระเบื้องบุผนัง,53.78,8,430.24,กลุ่มงานบริหารทั่วไป (ซ่อมบำรุง),359,,ก0301,แผ่น,วัสดุก่อสร้าง,2026-04
29/4/2026,ฝารองนั่งทรงกลม,299.00,5,"1,495.00",กลุ่มงานบริหารทั่วไป (ซ่อมบำรุง),359,,ก0169,อัน,วัสดุก่อสร้าง,2026-04
29/4/2026,สีรองพื้น,806.00,1,806.00,กลุ่มงานบริหารทั่วไป (ซ่อมบำรุง),359,,ก0237,ถัง,วัสดุก่อสร้าง,2026-04
29/4/2026,ประแจแหวนข้างปากตาย 10 มม.,44.00,1,44.00,กลุ่มงานบริหารทั่วไป (ซ่อมบำรุง),359,,ก0271,อัน,วัสดุก่อสร้าง,2026-04
29/4/2026,สกรูพร้อมน็อต,35.00,1,35.00,กลุ่มงานบริหารทั่วไป (ซ่อมบำรุง),359,,ก0274,ถุง,วัสดุก่อสร้าง,2026-04
29/4/2026,สกรูพร้อมน็อต,50.00,1,50.00,กลุ่มงานบริหารทั่วไป (ซ่อมบำรุง),359,,ก0274,ถุง,วัสดุก่อสร้าง,2026-04
29/4/2026,ก๊อกอ่างล่างหน้าเซ็นเซอร์,2150.00,1,"2,150.00",กลุ่มงานบริหารทั่วไป (ซ่อมบำรุง),359,,ก0300,กล่อง,วัสดุก่อสร้าง,2026-04
29/4/2026,แปรงลวดทองเหลือง,50.00,1,50.00,กลุ่มงานบริหารทั่วไป (ซ่อมบำรุง),359,,ก0158,อัน,วัสดุก่อสร้าง,2026-04
29/4/2026,กาวซีเมนต์,195.00,12,"2,340.00",กลุ่มงานบริหารทั่วไป (ซ่อมบำรุง),359,,ก0302,ถุง,วัสดุก่อสร้าง,2026-04
29/4/2026,พุคดร็อปอิน,40.00,1,40.00,กลุ่มงานบริหารทั่วไป (ซ่อมบำรุง),359,,ก0305,แพ็ค,วัสดุก่อสร้าง,2026-04
29/4/2026,พุกมวลเบา,55.00,2,110.00,กลุ่มงานบริหารทั่วไป (ซ่อมบำรุง),359,,ก0306,ชุด,วัสดุก่อสร้าง,2026-04
29/4/2026,กันชนประตู,65.00,6,390.00,กลุ่มงานบริหารทั่วไป (ซ่อมบำรุง),359,,ก0308,อัน,วัสดุก่อสร้าง,2026-04
29/4/2026,ดอกสว่านโรตารี่,161.00,1,161.00,กลุ่มงานบริหารทั่วไป (ซ่อมบำรุง),359,,ก0307,แพ็ค,วัสดุก่อสร้าง,2026-04
29/4/2026,กระจก 3 ชิ้น,198.00,1,198.00,กลุ่มงานบริหารทั่วไป (ซ่อมบำรุง),359,,ก0309,ชุด,วัสดุก่อสร้าง,2026-04
29/5/2026,หมึก CANON CLI-751 M,850.00,1,850.00,กลุ่มงานบริหารทั่วไป (โสต),399,,ค0056,ขวด,คอมพิวเตอร์,2026-05
29/5/2026,หมึก CANON PGI-750 PGBK,890.00,1,890.00,กลุ่มงานบริหารทั่วไป (โสต),399,,ค0053,ขวด,คอมพิวเตอร์,2026-05
29/5/2026,หมึก CANON CLI-751 Y,850.00,1,850.00,กลุ่มงานบริหารทั่วไป (โสต),399,,ค0057,ขวด,คอมพิวเตอร์,2026-05
29/5/2026,หมึก HP GT53 BK,390.00,1,390.00,งานการพยาบาลผู้ป่วยอุบัติเหตุฉุกเฉินและนิติเวช,400,,ค0061,ขวด,คอมพิวเตอร์,2026-05
25/5/2026,INK FOR EPSON T00V100(003) (BK),450.00,1,450.00,กลุ่มงานบริหารทั่วไป,398,,ค0017,ขวด,คอมพิวเตอร์,2026-05
25/5/2026,INK FOR CANON GI 790 (BK),390.00,1,390.00,กลุ่มงานทันตกรรม,397,,ค0012,ขวด,คอมพิวเตอร์,2026-05
25/5/2026,INK FOR CANON GI 790 (Y),390.00,1,390.00,กลุ่มงานทันตกรรม,397,,ค0015,ขวด,คอมพิวเตอร์,2026-05
25/5/2026,INK FOR CANON GI 790 (M),390.00,1,390.00,กลุ่มงานทันตกรรม,397,,ค0014,ขวด,คอมพิวเตอร์,2026-05
25/5/2026,INK FOR CANON GI 790 (C),390.00,1,390.00,กลุ่มงานทันตกรรม,397,,ค0013,ขวด,คอมพิวเตอร์,2026-05
20/5/2026,Keybord (แป้นพิมพ์),390.00,1,390.00,งานการพยาบาลผู้ป่วยนอก,396,,ค0025,ชิ้น,คอมพิวเตอร์,2026-05
20/5/2026,TONER HP 76A,1590.00,1,"1,590.00",กลุ่มงานเภสัชกรรมและคุ้มครองผู้บริโภค,395,,ค0042,ตลับ,คอมพิวเตอร์,2026-05
15/5/2026,หมึก HP GT53 BK,390.00,1,390.00,กลุ่มงานเวชกรรมฟื้นฟู,394,,ค0061,ขวด,คอมพิวเตอร์,2026-05
15/5/2026,TONER HP 79A,790.00,1,790.00,กลุ่มงานบริหารทั่วไป,393,,ค0077,ตลับ,คอมพิวเตอร์,2026-05
15/5/2026,Toner Canon 325,750.00,1,750.00,กลุ่มงานเทคนิคการแพทย์,392,,ค0037,ชิ้น,คอมพิวเตอร์,2026-05
15/5/2026,TONER LASER 83A,790.00,1,790.00,กลุ่มงานเทคนิคการแพทย์,392,,ค0044,ตลับ,คอมพิวเตอร์,2026-05
15/5/2026,INK FOR CANON GI 790 (BK),390.00,1,390.00,งานการพยาบาลผู้ป่วยนอก,391,,ค0012,ขวด,คอมพิวเตอร์,2026-05
15/5/2026,หมึก HP GT53 BK,390.00,1,390.00,งานการพยาบาลผู้ป่วยนอก,391,,ค0061,ขวด,คอมพิวเตอร์,2026-05
15/5/2026,หมึก HP GT53 BK,390.00,1,390.00,กลุ่มงานประกันสุขภาพยุทธศาสตร์,390,,ค0061,ขวด,คอมพิวเตอร์,2026-05
14/5/2026,Combo Logitech (Mouse+Keyboard) USB Black,590.00,1,590.00,งานการพยาบาลผู้ป่วยอุบัติเหตุฉุกเฉินและนิติเวช,389,,ค0068,ชุด,คอมพิวเตอร์,2026-05
14/5/2026,TONER HP 85A,790.00,1,790.00,งานการพยาบาลผู้ป่วยอุบัติเหตุฉุกเฉินและนิติเวช,389,,ค0038,ตลับ,คอมพิวเตอร์,2026-05
8/5/2026,INK FOR BROTHER BTD 60 (Black),450.00,1,450.00,กลุ่มงานบริหารทั่วไป,388,,ค0011,ขวด,คอมพิวเตอร์,2026-05
7/5/2026,หมึก HP GT53 BK,390.00,1,390.00,กลุ่มงานสุขภาพดิจิตอล,387,,ค0061,ขวด,คอมพิวเตอร์,2026-05
7/5/2026,หมึก HP GT53 BK,390.00,1,390.00,งานการพยาบาลผู้ป่วยใน,386,,ค0061,ขวด,คอมพิวเตอร์,2026-05
7/5/2026,INK FOR EPSON T00V100(003) (BK),450.00,1,450.00,งานการพยาบาลผู้ป่วยใน,386,,ค0017,ขวด,คอมพิวเตอร์,2026-05
28/5/2026,กาว 2 หน้า บาง,20.00,2,40.00,งานการพยาบาลผู้ป่วยใน,372,,ส0043,ม้วน,สำนักงาน,2026-05
28/5/2026,ลูกแม็กซ์ เบอร์ 10,15.00,5,75.00,งานการพยาบาลผู้ป่วยใน,372,,ส0173,กล่อง,สำนักงาน,2026-05
28/5/2026,กระดาษ A4 80 แกรม (สีขาว),130.00,25,"3,250.00",งานการพยาบาลผู้ป่วยใน,372,,ส0009,รีม,สำนักงาน,2026-05
28/5/2026,ปากกาลบคำผิดแบบเทป,59.00,3,177.00,งานการพยาบาลผู้ป่วยใน,372,,ส0127,อัน,สำนักงาน,2026-05
28/5/2026,กระดาษ A5 80 แกรม (ใบสั่งยา),85.00,10,850.00,งานการพยาบาลผู้ป่วยใน,372,,ส0013,รีม,สำนักงาน,2026-05
28/5/2026,กรรไกร,85.00,3,255.00,งานการพยาบาลผู้ป่วยใน,372,,ส0002,เล่ม,สำนักงาน,2026-05
28/5/2026,น้ำยาล้างจาน (บรรจุ 3.8 ลิตร),195.00,2,390.00,งานการพยาบาลผู้ป่วยใน,364,,ง0135,แกลลอน,งานบ้านงานครัว,2026-05
28/5/2026,ถุงขยะสีดำ ขนาด 40*40 นิ้ว,60.00,25,"1,500.00",งานการพยาบาลผู้ป่วยใน,364,,ง0071,แพ็ค,งานบ้านงานครัว,2026-05
28/5/2026,ถุงหูหิ้วสีขาว ขนาด 12*20 นิ้ว,70.00,15,"1,050.00",งานการพยาบาลผู้ป่วยใน,364,,ง0102,แพ็ค,งานบ้านงานครัว,2026-05
28/5/2026,ถุงขยะสีแดง ขนาด 16*28 นิ้ว (พิมพ์ลาย),80.00,5,400.00,งานการพยาบาลผู้ป่วยใน,364,,ง0074,แพ็ค,งานบ้านงานครัว,2026-05
28/5/2026,ถุงขยะสีแดง ขนาด 40*40 นิ้ว,75.00,5,375.00,งานการพยาบาลผู้ป่วยใน,364,,ง0076,แพ็ค,งานบ้านงานครัว,2026-05
28/5/2026,แก้วกรวยกระดาษ,62.48,50,"3,124.00",กลุ่มงานบริหารทั่วไป (แม่บ้าน),361,,ง0020,แถว,งานบ้านงานครัว,2026-05
28/5/2026,กระดาษชำระม้วนใหญ่,107.00,24,"2,568.00",กลุ่มงานบริหารทั่วไป (แม่บ้าน),361,,ง0007,ม้วน,งานบ้านงานครัว,2026-05
28/5/2026,ไม้กวาดอ่อน,50.00,2,100.00,กลุ่มงานบริหารทั่วไป (แม่บ้าน),361,,ง0187,อัน,งานบ้านงานครัว,2026-05
28/5/2026,ผงซักฟอก ,130.00,5,650.00,กลุ่มงานบริหารทั่วไป (แม่บ้าน),361,,ง0148,ถุง,งานบ้านงานครัว,2026-05
28/5/2026,ถุงขยะสีดำ ขนาด 40*40 นิ้ว,60.00,25,"1,500.00",กลุ่มงานบริหารทั่วไป (แม่บ้าน),361,,ง0071,แพ็ค,งานบ้านงานครัว,2026-05
28/5/2026,น้ำยาล้างห้องน้ำ (บรรจุ 3.8 ลิตร),321.00,2,642.00,งานการพยาบาลหน่วยควบคุมการติดเชื้อและงานจ่ายกลาง,363,,ง0138,แกลลอน,งานบ้านงานครัว,2026-05
28/5/2026,ถ่าน ขนาด AA (อัลคาไลน์),25.00,12,300.00,งานการพยาบาลหน่วยควบคุมการติดเชื้อและงานจ่ายกลาง,363,,ง0064,ก้อน,งานบ้านงานครัว,2026-05
28/5/2026,ถ่าน ขนาด AAA (อัลคาไลน์),25.00,6,150.00,งานการพยาบาลหน่วยควบคุมการติดเชื้อและงานจ่ายกลาง,363,,ง0065,ก้อน,งานบ้านงานครัว,2026-05
28/5/2026,สเปรย์ปรับอากาศ-ดับกลิ่น,85.00,3,255.00,งานการพยาบาลหน่วยควบคุมการติดเชื้อและงานจ่ายกลาง,363,,ง0207,กระป๋อง,งานบ้านงานครัว,2026-05
28/5/2026,ถุงขยะสีดำ ขนาด 40*40 นิ้ว,60.00,5,300.00,งานการพยาบาลหน่วยควบคุมการติดเชื้อและงานจ่ายกลาง,363,,ง0071,แพ็ค,งานบ้านงานครัว,2026-05
28/5/2026,ไฟฉายแบบชาร์จ,175.00,1,175.00,งานการพยาบาลหน่วยควบคุมการติดเชื้อและงานจ่ายกลาง,363,,ง0182,กระบอก,งานบ้านงานครัว,2026-05
28/5/2026,กระดาษ A4 80 แกรม (สีขาว),130.00,5,650.00,งานการพยาบาลหน่วยควบคุมการติดเชื้อและงานจ่ายกลาง,370,,ส0009,รีม,สำนักงาน,2026-05
28/5/2026,กระดาษกาวย่น 1 นิ้ว,38.00,12,456.00,งานการพยาบาลหน่วยควบคุมการติดเชื้อและงานจ่ายกลาง,370,,ส0015,ม้วน,สำนักงาน,2026-05
28/5/2026,"ปากกาเคมี 2 หัว ( ดำ,แดง,น้ำเงิน )",15.00,3,45.00,งานการพยาบาลหน่วยควบคุมการติดเชื้อและงานจ่ายกลาง,370,,ส0125,ด้าม,สำนักงาน,2026-05
28/5/2026,ปากกาเขียน CD,25.00,5,125.00,งานการพยาบาลหน่วยควบคุมการติดเชื้อและงานจ่ายกลาง,370,,ส0123,ด้าม,สำนักงาน,2026-05
28/5/2026,เทปใส 1 นิ้ว,40.00,6,240.00,งานการพยาบาลหน่วยควบคุมการติดเชื้อและงานจ่ายกลาง,370,,ส0095,ม้วน,สำนักงาน,2026-05
28/5/2026,ซองขาว,1.00,12,12.00,งานการพยาบาลหน่วยควบคุมการติดเชื้อและงานจ่ายกลาง,370,,ส0069,ซอง,สำนักงาน,2026-05
28/5/2026,กระดาษ A4 180 แกรม (ทุกสี),135.00,10,"1,350.00",กลุ่มงานการพยาบาล(วัสดุการแพทย์),373,,ส0012,รีม,สำนักงาน,2026-05
28/5/2026,ซองน้ำตาล A4 (ไม่ขยายข้าง),5.00,12,60.00,กลุ่มงานการพยาบาล(วัสดุการแพทย์),373,,ส0071,ซอง,สำนักงาน,2026-05
28/5/2026,กระดาษชำระม้วนใหญ่,107.00,1,107.00,กลุ่มงานเวชกรรมฟื้นฟู,365,,ง0007,ม้วน,งานบ้านงานครัว,2026-05
28/5/2026,ถังขยะชนิดเหยียบ ขนาด 35 ลิตร,995.00,1,995.00,กลุ่มงานเวชกรรมฟื้นฟู,365,,ง0054,ใบ,งานบ้านงานครัว,2026-05
28/5/2026,ถุงขยะสีดำ ขนาด 40*40 นิ้ว,60.00,10,600.00,กลุ่มงานบริการด้านปฐมภูมิและองค์รวม,367,,ง0071,แพ็ค,งานบ้านงานครัว,2026-05
28/5/2026,ไม้ถูพื้นพร้อมผ้า,100.00,1,100.00,กลุ่มงานบริการด้านปฐมภูมิและองค์รวม,367,,ง0190,อัน,งานบ้านงานครัว,2026-05
28/5/2026,สเปรย์ปรับอากาศ-ดับกลิ่น,85.00,2,170.00,กลุ่มงานบริการด้านปฐมภูมิและองค์รวม,367,,ง0207,กระป๋อง,งานบ้านงานครัว,2026-05
28/5/2026,"สเปรย์ฉีดแมลง,ยุง",105.00,1,105.00,กลุ่มงานบริการด้านปฐมภูมิและองค์รวม,367,,ง0206,กระป๋อง,งานบ้านงานครัว,2026-05
28/5/2026,แลคซีน 2 นิ้ว,75.00,2,150.00,กลุ่มงานบริการด้านปฐมภูมิและองค์รวม,375,,ส0177,ม้วน,สำนักงาน,2026-05
28/5/2026,แลคซีน 1.5 นิ้ว,55.00,2,110.00,กลุ่มงานบริการด้านปฐมภูมิและองค์รวม,375,,ส0176,ม้วน,สำนักงาน,2026-05
28/5/2026,กระดาษกาวปิดลังพัสดุ,25.00,5,125.00,กลุ่มงานบริการด้านปฐมภูมิและองค์รวม,375,,ส0014,ม้วน,สำนักงาน,2026-05
28/5/2026,ลวดเสียบกระดาษ,12.00,10,120.00,กลุ่มงานรังสีวิทยา,374,,ส0171,กล่อง,สำนักงาน,2026-05
28/5/2026,ปากกาลบคำผิดแบบเทป,59.00,2,118.00,กลุ่มงานรังสีวิทยา,374,,ส0127,อัน,สำนักงาน,2026-05
28/5/2026,กระดาษเช็ดมือ,61.97,2,123.94,กลุ่มงานรังสีวิทยา,366,,ง0008,ห่อ,งานบ้านงานครัว,2026-05
28/5/2026,สเปรย์ปรับอากาศ-ดับกลิ่น,85.00,3,255.00,กลุ่มงานรังสีวิทยา,366,,ง0207,กระป๋อง,งานบ้านงานครัว,2026-05
28/5/2026,"สเปรย์ฉีดแมลง,ยุง",105.00,2,210.00,กลุ่มงานรังสีวิทยา,366,,ง0206,กระป๋อง,งานบ้านงานครัว,2026-05
28/5/2026,น้ำยาโซแนค,100.00,1,100.00,กลุ่มงานรังสีวิทยา,366,,ง0126,กระป๋อง,งานบ้านงานครัว,2026-05
28/5/2026,แท่นเทปใส (ใหญ่),125.00,1,125.00,งานการพยาบาลผู้ป่วยนอก,371,,ส0100,อัน,สำนักงาน,2026-05
28/5/2026,เทปใส 1 นิ้ว,40.00,2,80.00,งานการพยาบาลผู้ป่วยนอก,371,,ส0095,ม้วน,สำนักงาน,2026-05
28/5/2026,ผ้าถูพื้น,45.00,2,90.00,งานการพยาบาลผู้คลอด,362,,ง0159,ผืน,งานบ้านงานครัว,2026-05
28/5/2026,ถุงขยะสีดำ ขนาด 16*19 นิ้ว,60.00,5,300.00,งานการพยาบาลผู้คลอด,362,,ง0069,แพ็ค,งานบ้านงานครัว,2026-05
28/5/2026,ถุงขยะสีแดง ขนาด 16*28 นิ้ว (พิมพ์ลาย),80.00,5,400.00,งานการพยาบาลผู้คลอด,362,,ง0074,แพ็ค,งานบ้านงานครัว,2026-05
28/5/2026,ถุงขยะสีแดง ขนาด 40*40 นิ้ว,75.00,5,375.00,งานการพยาบาลผู้คลอด,362,,ง0076,แพ็ค,งานบ้านงานครัว,2026-05
28/5/2026,ผงซักฟอก ,130.00,1,130.00,งานการพยาบาลผู้คลอด,362,,ง0148,ถุง,งานบ้านงานครัว,2026-05
28/5/2026,กระดาษ A4 80 แกรม (สีขาว),130.00,5,650.00,งานการพยาบาลผู้คลอด,369,,ส0009,รีม,สำนักงาน,2026-05
28/5/2026,ซองขาว,1.00,100,100.00,งานการพยาบาลผู้คลอด,369,,ส0069,ซอง,สำนักงาน,2026-05
28/5/2026,น้ำยาล้างจาน (บรรจุ 3.8 ลิตร),195.00,1,195.00,งานการพยาบาลผู้ป่วยอุบัติเหตุฉุกเฉินและนิติเวช,360,,ง0135,แกลลอน,งานบ้านงานครัว,2026-05
28/5/2026,สบู่เหลวล้างมือ (บรรจุ 3.8 ลิตร),321.00,1,321.00,งานการพยาบาลผู้ป่วยอุบัติเหตุฉุกเฉินและนิติเวช,360,,ง0204,แกลลอน,งานบ้านงานครัว,2026-05
28/5/2026,ถ่าน ขนาด AA (อัลคาไลน์),25.00,24,600.00,งานการพยาบาลผู้ป่วยอุบัติเหตุฉุกเฉินและนิติเวช,360,,ง0064,ก้อน,งานบ้านงานครัว,2026-05
28/5/2026,ถุงขยะสีแดง ขนาด 12*20 นิ้ว (พิมพ์ลาย),75.00,5,375.00,งานการพยาบาลผู้ป่วยอุบัติเหตุฉุกเฉินและนิติเวช,360,,ง0072,แพ็ค,งานบ้านงานครัว,2026-05
28/5/2026,ถุงขยะสีแดง ขนาด 16*28 นิ้ว (พิมพ์ลาย),80.00,5,400.00,งานการพยาบาลผู้ป่วยอุบัติเหตุฉุกเฉินและนิติเวช,360,,ง0074,แพ็ค,งานบ้านงานครัว,2026-05
28/5/2026,ถุงขยะสีดำ ขนาด 28*36 นิ้ว,60.00,5,300.00,งานการพยาบาลผู้ป่วยอุบัติเหตุฉุกเฉินและนิติเวช,360,,ง0070,แพ็ค,งานบ้านงานครัว,2026-05
28/5/2026,ถุงหูหิ้วสีขาว ขนาด 12*20 นิ้ว,70.00,5,350.00,งานการพยาบาลผู้ป่วยอุบัติเหตุฉุกเฉินและนิติเวช,360,,ง0102,แพ็ค,งานบ้านงานครัว,2026-05
28/5/2026,กระดาษ A4 80 แกรม (สีขาว),130.00,5,650.00,งานการพยาบาลผู้ป่วยอุบัติเหตุฉุกเฉินและนิติเวช,368,,ส0009,รีม,สำนักงาน,2026-05
28/5/2026,กระดาษ A4 80 แกรม (ทุกสี),240.00,1,240.00,งานการพยาบาลผู้ป่วยอุบัติเหตุฉุกเฉินและนิติเวช,368,,ส0008,รีม,สำนักงาน,2026-05
28/5/2026,กระดาษ A5 80 แกรม (ใบสั่งยา),85.00,5,425.00,งานการพยาบาลผู้ป่วยอุบัติเหตุฉุกเฉินและนิติเวช,368,,ส0013,รีม,สำนักงาน,2026-05
28/5/2026,กระดาษกาวย่น 1 นิ้ว,38.00,2,76.00,งานการพยาบาลผู้ป่วยอุบัติเหตุฉุกเฉินและนิติเวช,368,,ส0015,ม้วน,สำนักงาน,2026-05
28/5/2026,"ปากกาเคมี 2 หัว ( ดำ,แดง,น้ำเงิน )",15.00,2,30.00,งานการพยาบาลผู้ป่วยอุบัติเหตุฉุกเฉินและนิติเวช,368,,ส0125,ด้าม,สำนักงาน,2026-05
28/5/2026,ซองขาว,1.00,100,100.00,งานการพยาบาลผู้ป่วยอุบัติเหตุฉุกเฉินและนิติเวช,368,,ส0069,ซอง,สำนักงาน,2026-05
12/5/2026,เสื้อกาวน์,690.00,15,"10,350.00",กลุ่มงานทันตกรรม,401,,ต0016,ตัว,วัสดุเครื่องแต่งกาย,2026-05
28/5/2026,กระดาษ A4 80 แกรม (สีขาว),130.00,10,"1,300.00",กลุ่มงานเภสัชกรรมและคุ้มครองผู้บริโภค,402,,ส0009,รีม,สำนักงาน,2026-05
28/5/2026,ซองกันกระแทก,17.00,4,68.00,กลุ่มงานรังสีวิทยา,404,,ส0068,ซอง,สำนักงาน,2026-05
28/5/2026,กระดาษ A4 80 แกรม (สีขาว),130.00,20,"2,600.00",กลุ่มงานบริหารทั่วไป,403,,ส0009,รีม,สำนักงาน,2026-05
28/5/2026,ไม้บรรทัด (พลาสติกยาว 1 ฟุต),5.00,4,20.00,กลุ่มงานบริหารทั่วไป,403,,ส0166,อัน,สำนักงาน,2026-05
28/5/2026,ปากกาลบคำผิดแบบเทป,59.00,2,118.00,กลุ่มงานบริหารทั่วไป,403,,ส0127,อัน,สำนักงาน,2026-05
28/5/2026,ลูกแม็กซ์ เบอร์ 10,15.00,24,360.00,กลุ่มงานบริหารทั่วไป,403,,ส0173,กล่อง,สำนักงาน,2026-05
28/5/2026,ธงชาติ ขนาด 120*180 ซม.,160.00,6,960.00,กลุ่มงานบริหารทั่วไป,403,,ส0218,ผืน,สำนักงาน,2026-05
28/5/2026,ธงชาติ ขนาด 60*90 ซม.,40.00,36,"1,440.00",กลุ่มงานบริหารทั่วไป,403,,ส0107,ผืน,สำนักงาน,2026-05
28/5/2026,ธง ร.10 ขนาด 60*90 ซม.,50.00,36,"1,800.00",กลุ่มงานบริหารทั่วไป,403,,ส0102,ผืน,สำนักงาน,2026-05
28/5/2026,พวงกุญแจ,135.00,1,135.00,กลุ่มงานบริหารทั่วไป,403,,ส0223,กล่อง,สำนักงาน,2026-05
28/5/2026,กระจกโต๊ะทำงาน,1800.00,5,"9,000.00",งานการพยาบาลผู้ป่วยนอก,405,,ส0006,แผ่น,สำนักงาน,2026-05
28/5/2026,ไส้แฟ้มสอด A4,25.00,15,375.00,กลุ่มงานสุขภาพดิจิตอล,407,,ส0200,แพ็ค,สำนักงาน,2026-05
28/5/2026,แฟ้มห่วง 1 นิ้ว,65.00,1,65.00,กลุ่มงานสุขภาพดิจิตอล,407,,ส0156,แฟ้ม,สำนักงาน,2026-05
28/5/2026,บัตรรีโมทเปิดไม้กั้นทางแบบบลูทูธ,510.00,8,"4,080.00",กลุ่มงานบริหารทั่วไป (โสต),406,,ส0112,ใบ,สำนักงาน,2026-05
28/5/2026,เทปใส 1 นิ้ว,40.00,16,640.00,กลุ่มงานบริหารทั่วไป,403,,ส0095,ม้วน,สำนักงาน,2026-05
28/5/2026,กระติกน้ำร้อน 3.3 ลิตร,1080.00,1,"1,080.00",งานการพยาบาลผู้คลอด,362,,ง0250,ใบ,งานบ้านงานครัว,2026-05
28/5/2026,กระดาษเช็ดมือ,61.97,7,433.79,กลุ่มงานเภสัชกรรมและคุ้มครองผู้บริโภค,408,,ง0008,ห่อ,งานบ้านงานครัว,2026-05
28/5/2026,กระดาษชำระม้วนใหญ่,107.00,1,107.00,กลุ่มงานเภสัชกรรมและคุ้มครองผู้บริโภค,408,,ง0007,ม้วน,งานบ้านงานครัว,2026-05
28/5/2026,กระดาษเช็ดมือ,61.97,24,"1,487.28",กลุ่มงานบริหารทั่วไป,409,,ง0008,ห่อ,งานบ้านงานครัว,2026-05
28/5/2026,กระดาษชำระม้วนใหญ่,107.00,4,428.00,กลุ่มงานบริหารทั่วไป,409,,ง0007,ม้วน,งานบ้านงานครัว,2026-05
28/5/2026,แก๊สหุงต้ม ขนาด 48 กก.,1370.00,4,"5,480.00",งานการพยาบาลหน่วยควบคุมการติดเชื้อและงานจ่ายกลาง,410,,ง0023,ถัง,งานบ้านงานครัว,2026-05
28/5/2026,น้ำยา Neodisher Septo,7500.00,5,"37,500.00",งานการพยาบาลหน่วยควบคุมการติดเชื้อและงานจ่ายกลาง,410,,ง0114,แกลลอน,งานบ้านงานครัว,2026-05
28/5/2026,น้ำยาล้างเครื่องมือแพทย์,4044.60,5,"20,223.00",งานการพยาบาลหน่วยควบคุมการติดเชื้อและงานจ่ายกลาง,410,,ง0239,แกลลอน,งานบ้านงานครัว,2026-05
28/5/2026,ถุงซิปใส ขนาด 10*15 ซม.,145.00,25,"3,625.00",กลุ่มงานเภสัชกรรมและคุ้มครองผู้บริโภค,411,,ย0003,กก.,วัสดุอื่น(ซองยา),2026-05
29/5/2026,ก๊อกน้ำ,159.00,5,795.00,กลุ่มงานบริหารทั่วไป (งานสนาม),412,,ป0003,ชิ้น,ประปา,2026-05
29/5/2026,ข้องอ,47.00,5,235.00,กลุ่มงานบริหารทั่วไป (งานสนาม),412,,ป0008,อัน,ประปา,2026-05
29/5/2026,ท่อย่นน้ำทิ้ง,85.00,4,340.00,กลุ่มงานบริหารทั่วไป (งานสนาม),412,,ป0024,เส้น,ประปา,2026-05
29/5/2026,น้ำยาประสานท่อ,168.00,5,840.00,กลุ่มงานบริหารทั่วไป (งานสนาม),412,,ป0027,กระป๋อง,ประปา,2026-05
29/5/2026,หัวสายฉีดชำระ,99.00,5,495.00,กลุ่มงานบริหารทั่วไป (งานสนาม),412,,ป0081,อัน,ประปา,2026-05
29/5/2026,ชุดกระจก 3 ชิ้น,259.00,3,777.00,กลุ่มงานบริหารทั่วไป (งานสนาม),412,,ป0085,ชุด,ประปา,2026-05
29/5/2026,ท่อพีวีซี(ประปา),210.00,3,630.00,กลุ่มงานบริหารทั่วไป (งานสนาม),412,,ป0104,ท่อน,ประปา,2026-05
29/5/2026,ท่อพีวีซี(ประปา),303.00,5,"1,515.00",กลุ่มงานบริหารทั่วไป (งานสนาม),412,,ป0104,ท่อน,ประปา,2026-05
29/5/2026,สะดืออ่าง(ประปา),49.00,4,196.00,กลุ่มงานบริหารทั่วไป (งานสนาม),412,,ป0105,ชิ้น,ประปา,2026-05
29/5/2026,สะดืออ่าง(ประปา),85.00,5,425.00,กลุ่มงานบริหารทั่วไป (งานสนาม),412,,ป0105,ชิ้น,ประปา,2026-05
29/5/2026,สะดืออ่าง(ประปา),129.00,3,387.00,กลุ่มงานบริหารทั่วไป (งานสนาม),412,,ป0105,ชิ้น,ประปา,2026-05
29/5/2026,บอลวาล์วพีวีซี(ประปา),60.00,1,60.00,กลุ่มงานบริหารทั่วไป (งานสนาม),412,,ป0106,ชิ้น,ประปา,2026-05
29/5/2026,ข้อต่อตรง 1/2 (ประปา),5.00,10,50.00,กลุ่มงานบริหารทั่วไป (งานสนาม),412,,ป0107,ชิ้น,ประปา,2026-05
29/5/2026,ข้องอ 1/2 (ประปา),6.25,10,62.50,กลุ่มงานบริหารทั่วไป (งานสนาม),412,,ป0108,ชิ้น,ประปา,2026-05
29/5/2026,ฝาครอบพีวีซี (ประปา),25.00,2,50.00,กลุ่มงานบริหารทั่วไป (งานสนาม),412,,ป0109,ชิ้น,ประปา,2026-05
29/5/2026,ข้อต่อตรง 1 1/2 (ประปา),20.00,5,100.00,กลุ่มงานบริหารทั่วไป (งานสนาม),412,,ป0110,ชิ้น,ประปา,2026-05
29/5/2026,ข้องอ 1 1/2 (ประปา),31.00,10,310.00,กลุ่มงานบริหารทั่วไป (งานสนาม),412,,ป0111,ชิ้น,ประปา,2026-05
29/5/2026,อุดครอบ PVC,30.00,2,60.00,กลุ่มงานบริหารทั่วไป (งานสนาม),412,,ป0112,ตัว,ประปา,2026-05
29/5/2026,ข้อต่อตรง 2 นิ้ว,22.00,5,110.00,กลุ่มงานบริหารทั่วไป (งานสนาม),412,,ป0113,ชิ้น,ประปา,2026-05
29/5/2026,เทปพันเกลียว (ปป),32.00,5,160.00,กลุ่มงานบริหารทั่วไป (งานสนาม),412,,ป0114,อัน,ประปา,2026-05
29/5/2026,ท่อร้อยสายไฟเหล็ก,184.00,4,736.00,กลุ่มงานบริหารทั่วไป (งานสนาม),412,,ป0115,เส้น,ประปา,2026-05
29/5/2026,ตู้โหลด 3P,12283.60,1,"12,283.60",กลุ่มงานบริหารทั่วไป (ซ่อมบำรุง),413,,ฟ0054,ใบ,ไฟฟ้า,2026-05
29/5/2026,เมนเบรกเกอร์,6591.20,1,"6,591.20",กลุ่มงานบริหารทั่วไป (ซ่อมบำรุง),413,,ฟ0097,อัน,ไฟฟ้า,2026-05
29/5/2026,รางวายเวย์,682.66,2,"1,365.32",กลุ่มงานบริหารทั่วไป (ซ่อมบำรุง),413,,ฟ0108,เส้น,ไฟฟ้า,2026-05
29/5/2026,ลูกเซอร์กิต 3P,128.40,20,"2,568.00",กลุ่มงานบริหารทั่วไป (ซ่อมบำรุง),413,,ฟ0111,อัน,ไฟฟ้า,2026-05
29/5/2026,สวิทต์ลูกลอย,760.77,2,"1,521.54",กลุ่มงานบริหารทั่วไป (ซ่อมบำรุง),413,,ฟ0119,อัน,ไฟฟ้า,2026-05
29/5/2026,หางปลา,28.89,8,231.12,กลุ่มงานบริหารทั่วไป (ซ่อมบำรุง),413,,ฟ0151,อัน,ไฟฟ้า,2026-05
29/5/2026,แค้มป์เหล็กจับท่อหนา,8.56,20,171.20,กลุ่มงานบริหารทั่วไป (ซ่อมบำรุง),413,,ฟ0171,อัน,ไฟฟ้า,2026-05
29/5/2026,เข็มขัดปีนเสา,3490.34,1,"3,490.34",กลุ่มงานบริหารทั่วไป (ซ่อมบำรุง),413,,ฟ0172,อัน,ไฟฟ้า,2026-05
29/5/2026,THW BCC 50,377.71,10,"3,777.10",กลุ่มงานบริหารทั่วไป (ซ่อมบำรุง),413,,ฟ0169,เมตร,ไฟฟ้า,2026-05
29/5/2026,ปลอกหุ้มหางปลา(น้ำตาล),3.75,4,15.00,กลุ่มงานบริหารทั่วไป (ซ่อมบำรุง),413,,ฟ0177,อััน,ไฟฟ้า,2026-05
29/5/2026,จานเอ็นตัดหญ้า,100.00,2,200.00,กลุ่มงานบริหารทั่วไป (งานสนาม),414,,เก0011,ใบ,วัสดุการเกษตร,2026-05
29/5/2026,น้ำมันเครื่อง ไดเกียว 2T 1ลิตร,150.00,3,450.00,กลุ่มงานบริหารทั่วไป (งานสนาม),414,,เก0030,ชิ้น,วัสดุการเกษตร,2026-05
29/5/2026,มีดหัวตัด,320.00,1,320.00,กลุ่มงานบริหารทั่วไป (งานสนาม),414,,เก0043,เล่ม,วัสดุการเกษตร,2026-05
29/5/2026,เอ็นตัดหญ้า,300.00,2,600.00,กลุ่มงานบริหารทั่วไป (งานสนาม),414,,เก0064,ม้วน,วัสดุการเกษตร,2026-05
29/5/2026,ถ้วยหัวเอ็นตัดหญ้ามิเนียม,150.00,1,150.00,กลุ่มงานบริหารทั่วไป (งานสนาม),414,,เก0071,อัน,วัสดุการเกษตร,2026-05
1/5/2026,น้ำมันดีเซล,44.63,1,44.63,กลุ่มงานบริหารทั่วไป (ยานพาหนะ),415,,ช0001,ลิตร,เชื้อเพลิง,2026-05
1/5/2026,น้ำมันดีเซล,44.66,44,"1,975.76",กลุ่มงานบริหารทั่วไป (ยานพาหนะ),415,,ช0001,ลิตร,เชื้อเพลิง,2026-05
1/5/2026,น้ำมันดีเซล,41.96,292,"12,241.41",กลุ่มงานบริหารทั่วไป (ยานพาหนะ),415,,ช0001,ลิตร,เชื้อเพลิง,2026-05
1/5/2026,น้ำมันดีเซล,40.46,626,"25,314.20",กลุ่มงานบริหารทั่วไป (ยานพาหนะ),415,,ช0001,ลิตร,เชื้อเพลิง,2026-05
18/5/2026,น้ำมันดีเซล,40.21,577,"23,193.80",กลุ่มงานบริหารทั่วไป (ยานพาหนะ),416,,ช0001,ลิตร,เชื้อเพลิง,2026-05
18/5/2026,น้ำมันดีเซล,41.06,473,"19,402.50",กลุ่มงานบริหารทั่วไป (ยานพาหนะ),416,,ช0001,ลิตร,เชื้อเพลิง,2026-05
18/5/2026,น้ำมันดีเซล,41.71,187,"7,810.60",กลุ่มงานบริหารทั่วไป (ยานพาหนะ),416,,ช0001,ลิตร,เชื้อเพลิง,2026-05
29/5/2026,กระดาษทราย,80.00,1,80.00,กลุ่มงานบริหารทั่วไป (ซ่อมบำรุง),417,,ก0005,ใบ,วัสดุก่อสร้าง,2026-05
29/5/2026,กาวยาง,130.00,1,130.00,กลุ่มงานบริหารทั่วไป (ซ่อมบำรุง),417,,ก0016,กระป๋อง,วัสดุก่อสร้าง,2026-05
29/5/2026,กาวร้อน,68.00,5,340.00,กลุ่มงานบริหารทั่วไป (ซ่อมบำรุง),417,,ก0018,กระป๋อง,วัสดุก่อสร้าง,2026-05
29/5/2026,ชุดลูกกลิ้งทาสี,95.00,1,95.00,กลุ่มงานบริหารทั่วไป (ซ่อมบำรุง),417,,ก0061,ชุด,วัสดุก่อสร้าง,2026-05
29/5/2026,ซิลิโคนใส,91.00,5,455.00,กลุ่มงานบริหารทั่วไป (ซ่อมบำรุง),417,,ก0072,หลอด,วัสดุก่อสร้าง,2026-05
29/5/2026,โซดาไฟ,65.00,10,650.00,กลุ่มงานบริหารทั่วไป (ซ่อมบำรุง),417,,ก0073,ถุง,วัสดุก่อสร้าง,2026-05
29/5/2026,ดอกโรตารี่,60.00,1,60.00,กลุ่มงานบริหารทั่วไป (ซ่อมบำรุง),417,,ก0079,ตัว,วัสดุก่อสร้าง,2026-05
29/5/2026,บานพับสแตนเลส,105.00,2,210.00,กลุ่มงานบริหารทั่วไป (ซ่อมบำรุง),417,,ก0123,ชุด,วัสดุก่อสร้าง,2026-05
29/5/2026,บานพับสแตนเลส,125.00,1,125.00,กลุ่มงานบริหารทั่วไป (ซ่อมบำรุง),417,,ก0123,ชุด,วัสดุก่อสร้าง,2026-05
29/5/2026,ใบเลื่อยตัดเหล็ก,32.00,5,160.00,กลุ่มงานบริหารทั่วไป (ซ่อมบำรุง),417,,ก0131,ใบ,วัสดุก่อสร้าง,2026-05
29/5/2026,ปืนเติมลมยาง,259.00,1,259.00,กลุ่มงานบริหารทั่วไป (ซ่อมบำรุง),417,,ก0148,ชุด,วัสดุก่อสร้าง,2026-05
29/5/2026,ปูน/กาวยาแนว,59.00,5,295.00,กลุ่มงานบริหารทั่วไป (ซ่อมบำรุง),417,,ก0152,ถุง,วัสดุก่อสร้าง,2026-05
29/5/2026,ปูน/กาวยาแนว,79.00,5,395.00,กลุ่มงานบริหารทั่วไป (ซ่อมบำรุง),417,,ก0152,ถุง,วัสดุก่อสร้าง,2026-05
29/5/2026,พุกพลาสติก,165.00,1,165.00,กลุ่มงานบริหารทั่วไป (ซ่อมบำรุง),417,,ก0173,แพ็ค,วัสดุก่อสร้าง,2026-05
29/5/2026,พุกเหล็ก,35.00,2,70.00,กลุ่มงานบริหารทั่วไป (ซ่อมบำรุง),417,,ก0174,ตัว,วัสดุก่อสร้าง,2026-05
29/5/2026,สีสเปรย์,48.00,9,432.00,กลุ่มงานบริหารทั่วไป (ซ่อมบำรุง),417,,ก0238,กระป๋อง,วัสดุก่อสร้าง,2026-05
29/5/2026,ดอกเจาะสแตนเลส,43.00,8,344.00,กลุ่มงานบริหารทั่วไป (ซ่อมบำรุง),417,,ก0281,ตัว,วัสดุก่อสร้าง,2026-05
29/5/2026,ดอกเจาะสแตนเลส,83.00,2,166.00,กลุ่มงานบริหารทั่วไป (ซ่อมบำรุง),417,,ก0281,ตัว,วัสดุก่อสร้าง,2026-05
29/5/2026,ท่อหด PVC,23.00,3,69.00,กลุ่มงานบริหารทั่วไป (ซ่อมบำรุง),417,,ก0288,แพ็ค,วัสดุก่อสร้าง,2026-05
29/5/2026,กันชนประตู,69.00,5,345.00,กลุ่มงานบริหารทั่วไป (ซ่อมบำรุง),417,,ก0308,อัน,วัสดุก่อสร้าง,2026-05
29/5/2026,ค้อนปอน,505.00,1,505.00,กลุ่มงานบริหารทั่วไป (ซ่อมบำรุง),417,,ก0312,อัน,วัสดุก่อสร้าง,2026-05
29/5/2026,สเปรย์ เกรดพิเศษ,110.00,2,220.00,กลุ่มงานบริหารทั่วไป (ซ่อมบำรุง),417,,ก0313,กระป๋อง,วัสดุก่อสร้าง,2026-05
29/5/2026,ดอกสว่านสเต็ปดริล,160.00,1,160.00,กลุ่มงานบริหารทั่วไป (ซ่อมบำรุง),417,,ก0314,ชิ้น,วัสดุก่อสร้าง,2026-05
29/5/2026,ไขควงปากแบนหัวแม่เหล็ก,74.00,1,74.00,กลุ่มงานบริหารทั่วไป (ซ่อมบำรุง),417,,ก0315,อัน,วัสดุก่อสร้าง,2026-05
29/5/2026,ไขควงทะลุปากแฉกหัวเเม่เหล็ก,66.00,1,66.00,กลุ่มงานบริหารทั่วไป (ซ่อมบำรุง),417,,ก0316,อัน,วัสดุก่อสร้าง,2026-05
29/5/2026,คอนแทคทิป,105.00,1,105.00,กลุ่มงานบริหารทั่วไป (ซ่อมบำรุง),417,,ก0317,แพ็ค,วัสดุก่อสร้าง,2026-05
29/5/2026,ชุดแม่เหล็กจับฉาก,325.00,1,325.00,กลุ่มงานบริหารทั่วไป (ซ่อมบำรุง),417,,ก0318,แพ็ค,วัสดุก่อสร้าง,2026-05
29/5/2026,ชุดไขควงซ่อมนาฬิกา,165.00,1,165.00,กลุ่มงานบริหารทั่วไป (ซ่อมบำรุง),417,,ก0319,ชุด,วัสดุก่อสร้าง,2026-05
29/5/2026,เทปพันสายไฟ (ก่อสร้าง),41.00,10,410.00,กลุ่มงานบริหารทั่วไป (ซ่อมบำรุง),417,,ก0320,ม้วน,วัสดุก่อสร้าง,2026-05
29/5/2026,เทปพันสายไฟ (ก่อสร้าง),15.00,4,60.00,กลุ่มงานบริหารทั่วไป (ซ่อมบำรุง),417,,ก0320,ม้วน,วัสดุก่อสร้าง,2026-05
29/5/2026,กาวลาเท็กซ์,80.00,1,80.00,กลุ่มงานบริหารทั่วไป (ซ่อมบำรุง),417,,ก0321,ขวด,วัสดุก่อสร้าง,2026-05
29/5/2026,เสาจราจรPVC,310.00,10,"3,100.00",กลุ่มงานบริหารทั่วไป (ซ่อมบำรุง),417,,ก0322,อัน,วัสดุก่อสร้าง,2026-05
29/5/2026,จอบผานรถไถ่,389.00,1,389.00,กลุ่มงานบริหารทั่วไป (ซ่อมบำรุง),417,,ก0323,ด้าม,วัสดุก่อสร้าง,2026-05
29/5/2026,ไฟคาดหัว,119.00,1,119.00,กลุ่มงานบริหารทั่วไป (ซ่อมบำรุง),417,,ก0324,อัน,วัสดุก่อสร้าง,2026-05
29/5/2026,สื่อการสอน,3000.00,1,"3,000.00",งานการพยาบาลผู้ป่วยนอก,418,,ส0224,ชุด,สำนักงาน,2026-05
28/5/2026,เทปกั้นเขตขาว-แดง,65.00,4,260.00,กลุ่มงานบริหารทั่วไป,403,,ส0092,ม้วน,สำนักงาน,2026-05
25/6/2026,ถุงขยะสีดำ ขนาด 16*19 นิ้ว,60.00,10,600.00,กลุ่มงานบริหารทั่วไป,441,,ง0069,แพ็ค,งานบ้านงานครัว,2026-06
25/6/2026,ถุงขยะสีดำ ขนาด 28*36 นิ้ว,60.00,5,300.00,กลุ่มงานบริหารทั่วไป,441,,ง0070,แพ็ค,งานบ้านงานครัว,2026-06
25/6/2026,ถุงขยะสีดำ ขนาด 40*40 นิ้ว,60.00,5,300.00,กลุ่มงานบริหารทั่วไป,441,,ง0071,แพ็ค,งานบ้านงานครัว,2026-06
25/6/2026,กระดาษเช็ดมือ,62.02,2,124.04,กลุ่มงานบริหารทั่วไป,441,,ง0008,ห่อ,งานบ้านงานครัว,2026-06
25/6/2026,กระดาษเช็ดมือ,61.97,22,"1,363.34",กลุ่มงานบริหารทั่วไป,441,,ง0008,ห่อ,งานบ้านงานครัว,2026-06
25/6/2026,กระดาษชำระม้วนใหญ่,107.00,8,856.00,กลุ่มงานบริหารทั่วไป,441,,ง0007,ม้วน,งานบ้านงานครัว,2026-06
25/6/2026,ถุงขยะสีดำ ขนาด 28*36 นิ้ว,60.00,10,600.00,งานการพยาบาลผู้ป่วยอุบัติเหตุฉุกเฉินและนิติเวช,440,,ง0070,แพ็ค,งานบ้านงานครัว,2026-06
25/6/2026,เทปใส 2 นิ้ว,25.00,4,100.00,งานการพยาบาลหน่วยควบคุมการติดเชื้อและงานจ่ายกลาง,435,,ส0096,ม้วน,สำนักงาน,2026-06
25/6/2026,กระดาษกาวย่น 1 นิ้ว,38.00,6,228.00,งานการพยาบาลหน่วยควบคุมการติดเชื้อและงานจ่ายกลาง,435,,ส0015,ม้วน,สำนักงาน,2026-06
25/6/2026,สมุดปกอ่อน,10.00,12,120.00,งานการพยาบาลหน่วยควบคุมการติดเชื้อและงานจ่ายกลาง,435,,ส0192,เล่ม,สำนักงาน,2026-06
25/6/2026,ฟิวเจอร์บอร์ด ขนาดกลาง,55.00,5,275.00,งานการพยาบาลหน่วยควบคุมการติดเชื้อและงานจ่ายกลาง,435,,ส0149,แผ่น,สำนักงาน,2026-06
25/6/2026,ปากกาลบคำผิดแบบเทป,59.00,4,236.00,งานการพยาบาลหน่วยควบคุมการติดเชื้อและงานจ่ายกลาง,435,,ส0127,อัน,สำนักงาน,2026-06
25/6/2026,กรรไกร,85.00,2,170.00,งานการพยาบาลหน่วยควบคุมการติดเชื้อและงานจ่ายกลาง,435,,ส0002,เล่ม,สำนักงาน,2026-06
25/6/2026,กาว 2 หน้า บาง,20.00,2,40.00,งานการพยาบาลผู้คลอด,432,,ส0043,ม้วน,สำนักงาน,2026-06
25/6/2026,กาว 2 หน้า หนา,275.00,1,275.00,งานการพยาบาลผู้คลอด,432,,ส0044,ม้วน,สำนักงาน,2026-06
25/6/2026,ซองขาว,1.00,50,50.00,งานการพยาบาลผู้คลอด,432,,ส0069,ซอง,สำนักงาน,2026-06
25/6/2026,แฟ้มห่วง 3 นิ้ว,75.00,2,150.00,งานการพยาบาลผู้คลอด,432,,ส0158,แฟ้ม,สำนักงาน,2026-06
25/6/2026,กรรไกร,85.00,2,170.00,งานการพยาบาลผู้คลอด,432,,ส0002,เล่ม,สำนักงาน,2026-06
25/6/2026,แลคซีน 2 นิ้ว,75.00,2,150.00,งานการพยาบาลผู้คลอด,432,,ส0177,ม้วน,สำนักงาน,2026-06
25/6/2026,ถ่าน ขนาด AA (อัลคาไลน์),25.00,2,50.00,งานการพยาบาลผู้คลอด,422,,ง0064,ก้อน,งานบ้านงานครัว,2026-06
25/6/2026,สเปรย์ปรับอากาศ-ดับกลิ่น,135.00,2,270.00,งานการพยาบาลผู้คลอด,422,,ง0207,กระป๋อง,งานบ้านงานครัว,2026-06
25/6/2026,ถุงขยะสีดำ ขนาด 16*19 นิ้ว,60.00,5,300.00,งานการพยาบาลผู้คลอด,422,,ง0069,แพ็ค,งานบ้านงานครัว,2026-06
25/6/2026,น้ำยาล้างจาน (บรรจุ 3.8 ลิตร),195.00,1,195.00,งานการพยาบาลผู้คลอด,422,,ง0135,แกลลอน,งานบ้านงานครัว,2026-06
25/6/2026,สบู่เหลวล้างมือ (บรรจุ 3.8 ลิตร),321.00,1,321.00,งานการพยาบาลผู้คลอด,422,,ง0204,แกลลอน,งานบ้านงานครัว,2026-06
25/6/2026,โพสอิท (สติ๊กเกอร์โน๊ต) ชิ้นเล็ก ๆ,39.00,2,78.00,งานการพยาบาลผู้ป่วยใน,436,,ส0146,แพ็ค,สำนักงาน,2026-06
25/6/2026,กระดาษ A4 80 แกรม (สีขาว),130.00,20,"2,600.00",งานการพยาบาลผู้ป่วยใน,436,,ส0009,รีม,สำนักงาน,2026-06
25/6/2026,ซองขาว,1.00,100,100.00,งานการพยาบาลผู้ป่วยใน,436,,ส0069,ซอง,สำนักงาน,2026-06
25/6/2026,เทปใส 3/4 นิ้ว,30.00,18,540.00,งานการพยาบาลผู้ป่วยใน,436,,ส0097,ม้วน,สำนักงาน,2026-06
25/6/2026,แลคซีน 1.5 นิ้ว,55.00,3,165.00,งานการพยาบาลผู้ป่วยใน,436,,ส0176,ม้วน,สำนักงาน,2026-06
25/6/2026,แม็กซ์ เบอร์ 10,245.00,2,490.00,งานการพยาบาลผู้ป่วยใน,436,,ส0163,ตัว,สำนักงาน,2026-06
25/6/2026,"สติ๊กเกอร์ชื่อ(30,000ดวง/2,000 ต่อลัง)",4400.00,1,"4,400.00",งานการพยาบาลผู้ป่วยใน,436,,ส0181,ลัง,สำนักงาน,2026-06
25/6/2026,ฟอร์มปรอท (ใหม่),2.14,"1,000","2,140.00",งานการพยาบาลผู้ป่วยใน,436,,ส0148,แผ่น,สำนักงาน,2026-06
25/6/2026,ใบ Copy Order 22*29.5 ซม.,2100.00,1,"2,100.00",งานการพยาบาลผู้ป่วยใน,436,,ส0113,ชุด,สำนักงาน,2026-06
25/6/2026,ถุงหูหิ้วสีขาว ขนาด 12*20 นิ้ว,70.00,25,"1,750.00",งานการพยาบาลผู้ป่วยใน,430,,ง0102,แพ็ค,งานบ้านงานครัว,2026-06
25/6/2026,น้ำยาขจัดกลิ่นฆ่าเชื้อเอนกประสงค์ (บรรจุ 3.8 ลิตร),449.40,4,"1,797.60",งานการพยาบาลผู้ป่วยใน,430,,ง0116,แกลลอน,งานบ้านงานครัว,2026-06
25/6/2026,เชือกฟาง,40.00,3,120.00,งานการพยาบาลผู้ป่วยใน,430,,ง0042,ม้วน,งานบ้านงานครัว,2026-06
25/6/2026,ถุงขยะสีแดง ขนาด 16*24 นิ้ว พิมพ์ลาย,80.00,5,400.00,กลุ่มงานบริการด้านปฐมภูมิและองค์รวม,419,,ง0073,กก.,งานบ้านงานครัว,2026-06
25/6/2026,ถุงขยะสีดำ ขนาด 16*19 นิ้ว,60.00,5,300.00,กลุ่มงานบริการด้านปฐมภูมิและองค์รวม,419,,ง0069,แพ็ค,งานบ้านงานครัว,2026-06
30/6/2026,ปุ๋ย,960.00,1,960.00,กลุ่มงานบริหารทั่วไป (งานสนาม),467,,เก0035,ถุง,วัสดุการเกษตร,2026-06
25/6/2026,ถุงซิปใส ขนาด 7*10 ซม.,142.00,5,710.00,กลุ่มงานบริการด้านปฐมภูมิและองค์รวม,442,,ย0007,กก.,วัสดุอื่น(ซองยา),2026-06
25/6/2026,ถุงซิปใส ขนาด 10*15 ซม.,145.00,5,725.00,กลุ่มงานบริการด้านปฐมภูมิและองค์รวม,442,,ย0003,กก.,วัสดุอื่น(ซองยา),2026-06
25/6/2026,ถุงซิปใส ขนาด 13*20 ซม.,145.00,5,725.00,กลุ่มงานบริการด้านปฐมภูมิและองค์รวม,442,,ย0004,กก.,วัสดุอื่น(ซองยา),2026-06
25/6/2026,ถุงซิปใส ขนาด 15*23 ซม.,150.00,5,750.00,กลุ่มงานบริการด้านปฐมภูมิและองค์รวม,442,,ย0005,กก.,วัสดุอื่น(ซองยา),2026-06
25/6/2026,แก้วกรวยกระดาษ,62.68,4,250.72,กลุ่มงานบริหารทั่วไป (แม่บ้าน),421,,ง0020,แถว,งานบ้านงานครัว,2026-06
25/6/2026,กระดาษชำระม้วนใหญ่,107.00,48,"5,136.00",กลุ่มงานบริหารทั่วไป (แม่บ้าน),421,,ง0007,ม้วน,งานบ้านงานครัว,2026-06
30/6/2026,ถุงมือเซฟตี้,325.00,1,325.00,กลุ่มงานบริหารทั่วไป (งานสนาม),468,,ก0099,คู่,วัสดุก่อสร้าง,2026-06
25/6/2026,สบู่เหลวล้างมือ (แบบขวด),192.60,6,"1,155.60",กลุ่มงานบริหารทั่วไป (แม่บ้าน),421,,ง0205,ขวด,งานบ้านงานครัว,2026-06
25/6/2026,สบู่เหลวล้างมือ (บรรจุ 3.8 ลิตร),321.00,4,"1,284.00",กลุ่มงานบริหารทั่วไป (แม่บ้าน),421,,ง0204,แกลลอน,งานบ้านงานครัว,2026-06
25/6/2026,แก้วกรวยกระดาษ,62.48,46,"2,874.08",กลุ่มงานบริหารทั่วไป (แม่บ้าน),421,,ง0020,แถว,งานบ้านงานครัว,2026-06
25/6/2026,ถุงขยะสีดำ ขนาด 16*19 นิ้ว,60.00,25,"1,500.00",กลุ่มงานบริหารทั่วไป (แม่บ้าน),421,,ง0069,แพ็ค,งานบ้านงานครัว,2026-06
25/6/2026,กระดาษเช็ดมือ,61.97,4,247.88,กลุ่มงานจิตเวชและยาเสพติด,428,,ง0008,ห่อ,งานบ้านงานครัว,2026-06
25/6/2026,ไฟฉายแบบชาร์จ,175.00,1,175.00,กลุ่มงานจิตเวชและยาเสพติด,428,,ง0182,กระบอก,งานบ้านงานครัว,2026-06
25/6/2026,สเปรย์ปรับอากาศ-ดับกลิ่น,135.00,2,270.00,กลุ่มงานจิตเวชและยาเสพติด,428,,ง0207,กระป๋อง,งานบ้านงานครัว,2026-06
25/6/2026,"สเปรย์ฉีดแมลง,ยุง",105.00,1,105.00,กลุ่มงานจิตเวชและยาเสพติด,428,,ง0206,กระป๋อง,งานบ้านงานครัว,2026-06
25/6/2026,รองเท้าฟองน้ำ,65.00,1,65.00,กลุ่มงานจิตเวชและยาเสพติด,428,,ง0200,คู่,งานบ้านงานครัว,2026-06
25/6/2026,ถังขยะชนิดเหยียบ ขนาด 18 ลิตร,440.00,1,440.00,กลุ่มงานจิตเวชและยาเสพติด,428,,ง0053,ใบ,งานบ้านงานครัว,2026-06
25/6/2026,ถุงขยะสีแดง ขนาด 9*12 นิ้ว,80.00,5,400.00,กลุ่มงานจิตเวชและยาเสพติด,428,,ง0078,แพ็ค,งานบ้านงานครัว,2026-06
25/6/2026,พรมเช็ดเท้า (ผ้า),35.00,2,70.00,กลุ่มงานจิตเวชและยาเสพติด,428,,ง0176,ผืน,งานบ้านงานครัว,2026-06
25/6/2026,กล่องลิ้นชักใส่เอกสาร 3 - 7 ชั้น,980.00,1,980.00,กลุ่มงานจิตเวชและยาเสพติด,438,,ส0036,ใบ,สำนักงาน,2026-06
25/6/2026,โพสอิท (สติ๊กเกอร์โน๊ต) ชิ้นเล็ก ๆ,39.00,3,117.00,กลุ่มงานจิตเวชและยาเสพติด,438,,ส0146,แพ็ค,สำนักงาน,2026-06
25/6/2026,กาว 2 หน้า หนา,275.00,1,275.00,กลุ่มงานจิตเวชและยาเสพติด,438,,ส0044,ม้วน,สำนักงาน,2026-06
25/6/2026,ตลับชาติ (เบอร์ 2),40.00,1,40.00,กลุ่มงานจิตเวชและยาเสพติด,438,,ส0082,ตลับ,สำนักงาน,2026-06
25/6/2026,ปากกาลบคำผิดแบบเทป,59.00,2,118.00,กลุ่มงานจิตเวชและยาเสพติด,438,,ส0127,อัน,สำนักงาน,2026-06
25/6/2026,กระดาษเช็ดมือ,61.97,5,309.85,กลุ่มงานทันตกรรม,425,,ง0008,ห่อ,งานบ้านงานครัว,2026-06
25/6/2026,น้ำยาขจัดกลิ่นฆ่าเชื้อเอนกประสงค์ (บรรจุ 3.8 ลิตร),449.40,2,898.80,กลุ่มงานทันตกรรม,425,,ง0116,แกลลอน,งานบ้านงานครัว,2026-06
25/6/2026,ถุงร้อน ขนาด 6*9 นิ้ว,85.00,1,85.00,กลุ่มงานทันตกรรม,425,,ง0097,แพ็ค,งานบ้านงานครัว,2026-06
25/6/2026,น้ำยาล้างจาน (บรรจุ 3.8 ลิตร),195.00,1,195.00,กลุ่มงานทันตกรรม,425,,ง0135,แกลลอน,งานบ้านงานครัว,2026-06
25/6/2026,รองเท้าฟองน้ำ,65.00,2,130.00,กลุ่มงานทันตกรรม,425,,ง0200,คู่,งานบ้านงานครัว,2026-06
25/6/2026,วาสลีน,75.00,2,150.00,กลุ่มงานทันตกรรม,425,,ง0202,กระปุก,งานบ้านงานครัว,2026-06
25/6/2026,ไฮเตอร์,30.00,3,90.00,กลุ่มงานทันตกรรม,425,,ง0222,ขวด,งานบ้านงานครัว,2026-06
25/6/2026,กรรไกร,85.00,2,170.00,กลุ่มงานทันตกรรม,434,,ส0002,เล่ม,สำนักงาน,2026-06
25/6/2026,คลิบหนีบ 2 ขา สีดำ เบอร์ 111,35.00,2,70.00,กลุ่มงานทันตกรรม,434,,ส0058,กล่อง,สำนักงาน,2026-06
25/6/2026,เจลก้อนหอม,100.00,6,600.00,กลุ่มงานเทคนิคการแพทย์,424,,ง0016,ก้อน,งานบ้านงานครัว,2026-06
25/6/2026,สเปรย์ปรับอากาศ-ดับกลิ่น,135.00,3,405.00,กลุ่มงานเทคนิคการแพทย์,424,,ง0207,กระป๋อง,งานบ้านงานครัว,2026-06
25/6/2026,กระดาษเช็ดมือ,61.97,6,371.82,กลุ่มงานเทคนิคการแพทย์,423,,ง0008,ห่อ,งานบ้านงานครัว,2026-06
25/6/2026,กระดาษเช็ดมือ,61.97,2,123.94,งานการพยาบาลผู้ป่วยนอก,420,,ง0008,ห่อ,งานบ้านงานครัว,2026-06
25/6/2026,ถ่าน ขนาด AA (อัลคาไลน์),25.00,30,750.00,งานการพยาบาลผู้ป่วยนอก,420,,ง0064,ก้อน,งานบ้านงานครัว,2026-06
25/6/2026,ถุงขยะสีดำ ขนาด 40*40 นิ้ว,60.00,5,300.00,งานการพยาบาลผู้ป่วยนอก,429,,ง0071,แพ็ค,งานบ้านงานครัว,2026-06
25/6/2026,แม็กซ์ เบอร์ 3,495.00,1,495.00,งานการพยาบาลผู้ป่วยนอก,431,,ส0164,ตัว,สำนักงาน,2026-06
25/6/2026,ลูกแม็กซ์ เบอร์ 10,15.00,30,450.00,งานการพยาบาลผู้ป่วยนอก,431,,ส0173,กล่อง,สำนักงาน,2026-06
25/6/2026,ซองขาว,1.00,500,500.00,งานการพยาบาลผู้ป่วยนอก,433,,ส0069,ซอง,สำนักงาน,2026-06
25/6/2026,ตะกร้าใส่เอกสารมีฝาปิด,95.00,2,190.00,งานการพยาบาลผู้ป่วยนอก,431,,ส0083,ใบ,สำนักงาน,2026-06
25/6/2026,น้ำดื่ม แบบขวด,55.00,200,"11,000.00",งานการพยาบาลผู้ป่วยใน,439,,บริ0001,ลัง,อุปโภค-บริโภค,2026-06
25/6/2026,ถ่าน ขนาด AA (อัลคาไลน์),25.00,24,600.00,กลุ่มงานบริการด้านปฐมภูมิและองค์รวม,385,,ง0064,ก้อน,งานบ้านงานครัว,2026-06
25/6/2026,ซองน้ำตาล A4 (ขยายข้าง),5.00,20,100.00,กลุ่มงานบริการด้านปฐมภูมิและองค์รวม,380,,ส0070,ซอง,สำนักงาน,2026-06
25/6/2026,ซองน้ำตาล A4 (ไม่ขยายข้าง),5.00,50,250.00,กลุ่มงานบริการด้านปฐมภูมิและองค์รวม,380,,ส0071,ซอง,สำนักงาน,2026-06
25/6/2026,เจลก้อนหอม,100.00,6,600.00,กลุ่มงานเทคนิคการแพทย์,382,,ง0016,ก้อน,งานบ้านงานครัว,2026-06
25/6/2026,กระดาษเช็ดมือ,61.97,2,123.94,กลุ่มงานเทคนิคการแพทย์,382,,ง0008,ห่อ,งานบ้านงานครัว,2026-06
25/6/2026,กระดาษ A4 80 แกรม (สีขาว),130.00,10,"1,300.00",กลุ่มงานเทคนิคการแพทย์,377,,ส0009,รีม,สำนักงาน,2026-06
25/6/2026,ตลับชาติ (เบอร์ 2),40.00,3,120.00,ห้องบัตร,379,,ส0082,ตลับ,สำนักงาน,2026-06
25/6/2026,"หมึกเติมตลับชาติ ดำ,แดง,น้ำเงิน",12.00,2,24.00,ห้องบัตร,379,,ส0203,ขวด,สำนักงาน,2026-06
25/6/2026,"กระดาษเทอมอล 110*30 ซม.(ห้องบัตร,ชันสูตร)",2750.00,1,"2,750.00",ห้องบัตร,378,,ส0021,ม้วน,สำนักงาน,2026-06
25/6/2026,มีดคัทเตอร์ ใหญ่,65.00,2,130.00,ห้องบัตร,378,,ส0162,เล่ม,สำนักงาน,2026-06
25/6/2026,แท่นเทปใส (ใหญ่),125.00,2,250.00,ห้องบัตร,378,,ส0100,อัน,สำนักงาน,2026-06
25/6/2026,ปากกาลบคำผิดแบบเทป,70.00,1,70.00,ห้องบัตร,378,,ส0127,อัน,สำนักงาน,2026-06
25/6/2026,เทปใส 1 นิ้ว,40.00,6,240.00,ห้องบัตร,378,,ส0095,ม้วน,สำนักงาน,2026-06
25/6/2026,ซองขาว,1.00,50,50.00,ห้องบัตร,378,,ส0069,ซอง,สำนักงาน,2026-06
25/6/2026,ซองน้ำตาล A4 (ไม่ขยายข้าง),5.00,50,250.00,ห้องบัตร,378,,ส0071,ซอง,สำนักงาน,2026-06
25/6/2026,กระดาษเช็ดมือ,61.97,1,61.97,ห้องบัตร,384,,ง0008,ห่อ,งานบ้านงานครัว,2026-06
25/6/2026,สเปรย์ปรับอากาศ-ดับกลิ่น,135.00,1,135.00,ห้องบัตร,384,,ง0207,กระป๋อง,งานบ้านงานครัว,2026-06
25/6/2026,ถุงหูหิ้วสีขาว ขนาด 12*20 นิ้ว,70.00,6,420.00,กลุ่มงานรังสีวิทยา,381,,ง0102,แพ็ค,งานบ้านงานครัว,2026-06
25/6/2026,กล่องลิ้นชักใส่เอกสาร 3 - 7 ชั้น,980.00,1,980.00,กลุ่มงานจิตเวชและยาเสพติด,376,,ส0036,ใบ,สำนักงาน,2026-06
25/6/2026,กระดาษ A4 160 แกรม (ทุกสี),135.00,6,810.00,กลุ่มงานจิตเวชและยาเสพติด,376,,ส0011,รีม,สำนักงาน,2026-06
25/6/2026,คลิบหนีบ 2 ขา สีดำ เบอร์ 112,23.00,12,276.00,กลุ่มงานจิตเวชและยาเสพติด,376,,ส0059,กล่อง,สำนักงาน,2026-06
25/6/2026,กระดาษ A4 80 แกรม (สีขาว),130.00,5,650.00,กลุ่มงานจิตเวชและยาเสพติด,376,,ส0009,รีม,สำนักงาน,2026-06
25/6/2026,เชือกฟาง,40.00,2,80.00,กลุ่มงานการแพทย์แผนไทยและการแพทย์ทางเลือก,383,,ง0042,ม้วน,งานบ้านงานครัว,2026-06
25/6/2026,ถุงขยะสีดำ ขนาด 40*40 นิ้ว,60.00,5,300.00,กลุ่มงานการแพทย์แผนไทยและการแพทย์ทางเลือก,383,,ง0071,แพ็ค,งานบ้านงานครัว,2026-06
25/6/2026,น้ำยาล้างจาน (บรรจุ 3.8 ลิตร),195.00,2,390.00,กลุ่มงานการแพทย์แผนไทยและการแพทย์ทางเลือก,383,,ง0135,แกลลอน,งานบ้านงานครัว,2026-06
25/6/2026,ไม้กวาดอ่อน,50.00,1,50.00,กลุ่มงานการแพทย์แผนไทยและการแพทย์ทางเลือก,383,,ง0187,อัน,งานบ้านงานครัว,2026-06
25/6/2026,ที่ตักผง,35.00,1,35.00,กลุ่มงานการแพทย์แผนไทยและการแพทย์ทางเลือก,383,,ง0106,อัน,งานบ้านงานครัว,2026-06
25/6/2026,กระดาษชำระม้วนใหญ่,107.00,5,535.00,กลุ่มงานการแพทย์แผนไทยและการแพทย์ทางเลือก,383,,ง0007,ม้วน,งานบ้านงานครัว,2026-06
25/6/2026,"สเปรย์ฉีดแมลง,ยุง",105.00,1,105.00,กลุ่มงานการแพทย์แผนไทยและการแพทย์ทางเลือก,383,,ง0206,กระป๋อง,งานบ้านงานครัว,2026-06
25/6/2026,ผงซักฟอก ,130.00,1,130.00,กลุ่มงานการแพทย์แผนไทยและการแพทย์ทางเลือก,383,,ง0148,ถุง,งานบ้านงานครัว,2026-06
25/6/2026,INK FOR CANON GI 790 (BK),390.00,1,390.00,กลุ่มงานบริหารทั่วไป,443,,ค0012,ขวด,คอมพิวเตอร์,2026-06
25/6/2026,INK FOR CANON GI 790 (Y),390.00,1,390.00,กลุ่มงานบริหารทั่วไป,443,,ค0015,ขวด,คอมพิวเตอร์,2026-06
25/6/2026,INK FOR CANON GI 790 (C),390.00,1,390.00,กลุ่มงานบริหารทั่วไป,443,,ค0013,ขวด,คอมพิวเตอร์,2026-06
25/6/2026,INK FOR CANON GI 790 (M),390.00,1,390.00,กลุ่มงานบริหารทั่วไป,443,,ค0014,ขวด,คอมพิวเตอร์,2026-06
18/6/2026,Combo Logitech (Mouse+Keyboard) USB Black,590.00,2,"1,180.00",กลุ่มงานสุขภาพดิจิตอล,444,,ค0068,ชุด,คอมพิวเตอร์,2026-06
8/6/2026,TONER HP 79A,790.00,1,790.00,กลุ่มงานบริหารทั่วไป,445,,ค0077,ตลับ,คอมพิวเตอร์,2026-06
8/6/2026,RIBBON FOR EPSON LQ 310/630,250.00,1,250.00,กลุ่มงานบริหารทั่วไป,445,,ค0028,ตลับ,คอมพิวเตอร์,2026-06
11/6/2026,INK FOR CANON GI 790 (M),390.00,1,390.00,งานการพยาบาลผู้ป่วยนอก,446,,ค0014,ขวด,คอมพิวเตอร์,2026-06
11/6/2026,INK FOR CANON GI 790 (C),390.00,1,390.00,งานการพยาบาลผู้ป่วยนอก,446,,ค0013,ขวด,คอมพิวเตอร์,2026-06
29/6/2026,INK FOR EPSON T00V100(003) (BK),450.00,1,450.00,งานการพยาบาลผู้ป่วยใน,447,,ค0017,ขวด,คอมพิวเตอร์,2026-06
29/6/2026,INK FOR EPSONC13T664100 BK,450.00,1,450.00,งานการพยาบาลผู้ป่วยใน,447,,ค0021,ขวด,คอมพิวเตอร์,2026-06
29/6/2026,INK FOR CANON GI 790 (BK),390.00,1,390.00,งานการพยาบาลผู้ป่วยใน,447,,ค0012,ขวด,คอมพิวเตอร์,2026-06
29/6/2026,หมึก HP GT53 BK,390.00,1,390.00,งานการพยาบาลผู้ป่วยใน,447,,ค0061,ขวด,คอมพิวเตอร์,2026-06
26/6/2026,ถุงซิปใส ขนาด 10*15 ซม.,145.00,25,"3,625.00",กลุ่มงานเภสัชกรรมและคุ้มครองผู้บริโภค,448,,ย0003,กก.,วัสดุอื่น(ซองยา),2026-06
25/6/2026,TONER HP 76A,1590.00,1,"1,590.00",กลุ่มงานบริหารทั่วไป,449,,ค0042,ตลับ,คอมพิวเตอร์,2026-06
25/6/2026,Keybord (แป้นพิมพ์),390.00,1,390.00,งานการพยาบาลผู้ป่วยนอก,450,,ค0025,ชิ้น,คอมพิวเตอร์,2026-06
25/6/2026,TONER HP 76A,1590.00,1,"1,590.00",งานการพยาบาลผู้ป่วยนอก,451,,ค0042,ตลับ,คอมพิวเตอร์,2026-06
26/6/2026,TONER HP 79A,790.00,2,"1,580.00",กลุ่มงานบริการด้านปฐมภูมิและองค์รวม,452,,ค0077,ตลับ,คอมพิวเตอร์,2026-06
26/6/2026,INK FOR EPSON T00V100(003) (BK),450.00,2,900.00,กลุ่มงานบริการด้านปฐมภูมิและองค์รวม,452,,ค0017,ขวด,คอมพิวเตอร์,2026-06
26/6/2026,INK FOR EPSON T00V200(003) (C),390.00,1,390.00,กลุ่มงานบริการด้านปฐมภูมิและองค์รวม,452,,ค0018,ขวด,คอมพิวเตอร์,2026-06
26/6/2026,INK FOR EPSON T00V300(003) (M),390.00,2,780.00,กลุ่มงานบริการด้านปฐมภูมิและองค์รวม,452,,ค0019,ขวด,คอมพิวเตอร์,2026-06
26/6/2026,INK FOR EPSON T00V400(003) (Y),390.00,2,780.00,กลุ่มงานบริการด้านปฐมภูมิและองค์รวม,452,,ค0020,ขวด,คอมพิวเตอร์,2026-06
26/6/2026,INK FOR EPSON T00V200(003) (C),450.00,1,450.00,กลุ่มงานบริการด้านปฐมภูมิและองค์รวม,452,,ค0018,ขวด,คอมพิวเตอร์,2026-06
18/6/2026,INK FOR CANON GI 790 (Y),390.00,1,390.00,งานการพยาบาลผู้ป่วยนอก,453,,ค0015,ขวด,คอมพิวเตอร์,2026-06
12/6/2026,หมึก CANON CLI-751 C,790.00,1,790.00,กลุ่มงานบริหารทั่วไป (โสต),454,,ค0055,ขวด,คอมพิวเตอร์,2026-06
30/6/2026,กาวดักหนู,55.00,5,275.00,กลุ่มงานบริหารทั่วไป,455,,ง0019,ชิ้น,งานบ้านงานครัว,2026-06
30/6/2026,เชือกฟาง,40.00,1,40.00,กลุ่มงานบริหารทั่วไป,455,,ง0042,ม้วน,งานบ้านงานครัว,2026-06
30/6/2026,น้ำยาล้างจาน (บรรจุ 3.8 ลิตร),195.00,1,195.00,กลุ่มงานบริหารทั่วไป,455,,ง0135,แกลลอน,งานบ้านงานครัว,2026-06
30/6/2026,ถ่าน ขนาด AA (อัลคาไลน์),25.00,42,"1,050.00",กลุ่มงานบริหารทั่วไป,455,,ง0064,ก้อน,งานบ้านงานครัว,2026-06
30/6/2026,กาวร้อน (งานบ้านงานครัว),30.00,2,60.00,กลุ่มงานบริหารทั่วไป (ซ่อมบำรุง),456,,ง0251,หลอด,งานบ้านงานครัว,2026-06
30/6/2026,ไฟฉายแบบชาร์จ,175.00,2,350.00,กลุ่มงานบริหารทั่วไป (งานสนาม),457,,ง0182,กระบอก,งานบ้านงานครัว,2026-06
30/6/2026,แก๊สหุงต้ม ขนาด 48 กก.,1370.00,4,"5,480.00",งานการพยาบาลหน่วยควบคุมการติดเชื้อและงานจ่ายกลาง,458,,ง0023,ถัง,งานบ้านงานครัว,2026-06
30/6/2026,ผ้าสี่เหลี่ยม 2 ชั้น ขนาด 22*22 นิ้ว,390.00,100,"39,000.00",งานการพยาบาลหน่วยควบคุมการติดเชื้อและงานจ่ายกลาง,458,,ง0252,ผืน,งานบ้านงานครัว,2026-06
30/6/2026,น้ำยาล้างเครื่องมือแพทย์,4044.60,5,"20,223.00",งานการพยาบาลหน่วยควบคุมการติดเชื้อและงานจ่ายกลาง,458,,ง0239,แกลลอน,งานบ้านงานครัว,2026-06
30/6/2026,ล้างผ้าพิเศษขจัดสนิมน้ำ,1831.84,5,"9,159.20",งานการพยาบาลหน่วยควบคุมการติดเชื้อและงานจ่ายกลาง,458,,ง0223,ถัง,งานบ้านงานครัว,2026-06
30/6/2026,ผลิตภัณฑ์เสริมด่าง,1373.88,5,"6,869.40",งานการพยาบาลหน่วยควบคุมการติดเชื้อและงานจ่ายกลาง,458,,ง0152,ถัง,งานบ้านงานครัว,2026-06
30/6/2026,"ผลิตภัณฑ์น้ำยาซักผ้าเครื่อง ""แมกซ์วอกช"" A605B",1717.35,5,"8,586.75",งานการพยาบาลหน่วยควบคุมการติดเชื้อและงานจ่ายกลาง,458,,ง0151,ถัง,งานบ้านงานครัว,2026-06
30/6/2026,น้ำยาปรับผ้านุ่ม (บรรจุ 20 ลิตร),674.10,5,"3,370.50",งานการพยาบาลหน่วยควบคุมการติดเชื้อและงานจ่ายกลาง,458,,ง0129,ถัง,งานบ้านงานครัว,2026-06
30/6/2026,ผลิตภัณฑ์ซักผ้า /ขจัดคราบ,2175.31,5,"10,876.55",งานการพยาบาลหน่วยควบคุมการติดเชื้อและงานจ่ายกลาง,458,,ง0150,แกลลอน,งานบ้านงานครัว,2026-06
30/6/2026,น้ำยา Neodisher Septo,7500.00,5,"37,500.00",งานการพยาบาลหน่วยควบคุมการติดเชื้อและงานจ่ายกลาง,458,,ง0114,แกลลอน,งานบ้านงานครัว,2026-06
25/6/2026,กรรไกร,85.00,3,255.00,กลุ่มงานเภสัชกรรมและคุ้มครองผู้บริโภค,459,,ส0002,เล่ม,สำนักงาน,2026-06
25/6/2026,กระดาษ A4 80 แกรม (สีขาว),130.00,30,"3,900.00",กลุ่มงานเภสัชกรรมและคุ้มครองผู้บริโภค,459,,ส0009,รีม,สำนักงาน,2026-06
25/6/2026,มีดคัทเตอร์ ใหญ่,65.00,1,65.00,กลุ่มงานเภสัชกรรมและคุ้มครองผู้บริโภค,459,,ส0162,เล่ม,สำนักงาน,2026-06
25/6/2026,แม็กซ์ เบอร์ 10,245.00,2,490.00,กลุ่มงานเภสัชกรรมและคุ้มครองผู้บริโภค,459,,ส0163,ตัว,สำนักงาน,2026-06
25/6/2026,แลคซีน 1.5 นิ้ว,55.00,1,55.00,กลุ่มงานเภสัชกรรมและคุ้มครองผู้บริโภค,459,,ส0176,ม้วน,สำนักงาน,2026-06
25/6/2026,กระดาษกาวย่น 2 นิ้ว,40.00,2,80.00,กลุ่มงานเภสัชกรรมและคุ้มครองผู้บริโภค,459,,ส0016,ม้วน,สำนักงาน,2026-06
30/6/2026,เครื่องทองน้อย,1150.00,1,"1,150.00",กลุ่มงานบริหารทั่วไป,460,,ส0213,ชุด,สำนักงาน,2026-06
30/6/2026,พาน,28.89,8,231.12,กลุ่มงานบริหารทั่วไป,460,,ส0227,พาน,สำนักงาน,2026-06
30/6/2026,แฟ้มกล่าวรายงานa4,220.00,2,440.00,กลุ่มงานบริหารทั่วไป,460,,ส0225,แฟ้ม,สำนักงาน,2026-06
30/6/2026,กรอบรูป ขนาด 15*21นิ้ว,1250.00,1,"1,250.00",กลุ่มงานบริหารทั่วไป,460,,ส0226,บาน,สำนักงาน,2026-06
30/6/2026,แฟ้มห่วง 3 นิ้ว,75.00,1,75.00,กลุ่มงานบริหารทั่วไป,460,,ส0158,แฟ้ม,สำนักงาน,2026-06
30/6/2026,กระดาษ A4 80 แกรม (สีขาว),130.00,35,"4,550.00",กลุ่มงานบริหารทั่วไป,460,,ส0009,รีม,สำนักงาน,2026-06
30/6/2026,คลิบบอร์ด (A4),59.00,6,354.00,กลุ่มงานบริหารทั่วไป,460,,ส0053,แผ่น,สำนักงาน,2026-06
30/6/2026,คลิบหนีบ 2 ขา สีดำ เบอร์ 112,23.00,12,276.00,กลุ่มงานบริหารทั่วไป,460,,ส0059,กล่อง,สำนักงาน,2026-06
30/6/2026,ซองขาว,1.00,500,500.00,กลุ่มงานบริหารทั่วไป,460,,ส0069,ซอง,สำนักงาน,2026-06
30/6/2026,ปากกาเน้นข้อความ,38.00,5,190.00,กลุ่มงานประกันสุขภาพยุทธศาสตร์,461,,ส0126,ด้าม,สำนักงาน,2026-06
30/6/2026,โพสอิท (สติ๊กเกอร์โน๊ต) สี่เหลี่ยม,39.00,3,117.00,กลุ่มงานประกันสุขภาพยุทธศาสตร์,461,,ส0147,แพ็ค,สำนักงาน,2026-06
30/6/2026,ซองน้ำตาล A4 (ขยายข้าง),5.00,30,150.00,กลุ่มงานประกันสุขภาพยุทธศาสตร์,461,,ส0070,ซอง,สำนักงาน,2026-06
30/6/2026,ซองน้ำตาล A4 (ไม่ขยายข้าง),5.00,30,150.00,กลุ่มงานประกันสุขภาพยุทธศาสตร์,461,,ส0071,ซอง,สำนักงาน,2026-06
30/6/2026,"ใบเสร็จรับเงิน 6*8 ซม.(1,000ใบ/1ลัง/50ลัง)",920.00,11,"10,120.00",กลุ่มงานบริหารทั่วไป,460,,ส0120,ลัง,สำนักงาน,2026-06
30/6/2026,น้ำดื่ม แบบขวด,55.00,10,550.00,กลุ่มงานบริหารทั่วไป,462,,บริ0001,ลัง,อุปโภค-บริโภค,2026-06
30/6/2026,น้ำดื่ม แบบแก้ว,80.00,10,800.00,กลุ่มงานบริหารทั่วไป,462,,บริ0002,แพ็ค,อุปโภค-บริโภค,2026-06
30/6/2026,กระเบื้องปูพื้น,26.80,180,"4,824.00",กลุ่มงานบริหารทั่วไป (ซ่อมบำรุง),463,,ก0006,กล่อง,วัสดุก่อสร้าง,2026-06
30/6/2026,กระเบื้องปูพื้น,33.20,48,"1,593.60",กลุ่มงานบริหารทั่วไป (ซ่อมบำรุง),463,,ก0006,กล่อง,วัสดุก่อสร้าง,2026-06
30/6/2026,ชุดชักโครก,2496.68,2,"4,993.36",กลุ่มงานบริหารทั่วไป (ซ่อมบำรุง),463,,ก0056,ชุด,วัสดุก่อสร้าง,2026-06
30/6/2026,ชุดลูกกลิ้งทาสี,84.07,2,168.14,กลุ่มงานบริหารทั่วไป (ซ่อมบำรุง),463,,ก0061,ชุด,วัสดุก่อสร้าง,2026-06
30/6/2026,ทรายหยาบ,520.00,1,520.00,กลุ่มงานบริหารทั่วไป (ซ่อมบำรุง),463,,ก0103,คิว,วัสดุก่อสร้าง,2026-06
30/6/2026,ทินเนอร์,1397.41,1,"1,397.41",กลุ่มงานบริหารทั่วไป (ซ่อมบำรุง),463,,ก0106,กระป๋อง,วัสดุก่อสร้าง,2026-06
30/6/2026,ประตูไม้,1453.84,3,"4,361.52",กลุ่มงานบริหารทั่วไป (ซ่อมบำรุง),463,,ก0139,บาน,วัสดุก่อสร้าง,2026-06
30/6/2026,ประตูไม้,2179.54,1,"2,179.54",กลุ่มงานบริหารทั่วไป (ซ่อมบำรุง),463,,ก0139,บาน,วัสดุก่อสร้าง,2026-06
30/6/2026,ปูน/กาวยาแนว,61.53,10,615.30,กลุ่มงานบริหารทั่วไป (ซ่อมบำรุง),463,,ก0152,ถุง,วัสดุก่อสร้าง,2026-06
30/6/2026,ปูนซีเมนต์,135.00,10,"1,350.00",กลุ่มงานบริหารทั่วไป (ซ่อมบำรุง),463,,ก0154,ถุง,วัสดุก่อสร้าง,2026-06
30/6/2026,แปรงทาสี,160.00,5,800.00,กลุ่มงานบริหารทั่วไป (ซ่อมบำรุง),463,,ก0157,อัน,วัสดุก่อสร้าง,2026-06
30/6/2026,ลูกกลิ้งทาสี,42.14,3,126.42,กลุ่มงานบริหารทั่วไป (ซ่อมบำรุง),463,,ก0199,ชุด,วัสดุก่อสร้าง,2026-06
30/6/2026,สีเคลือบเงา,400.00,1,400.00,กลุ่มงานบริหารทั่วไป (ซ่อมบำรุง),463,,ก0231,แกลลอน,วัสดุก่อสร้าง,2026-06
30/6/2026,สีรองพื้น,740.42,4,"2,961.68",กลุ่มงานบริหารทั่วไป (ซ่อมบำรุง),463,,ก0237,ถัง,วัสดุก่อสร้าง,2026-06
30/6/2026,อะครีลิค Besbond Arylic,5.00,45,225.00,กลุ่มงานบริหารทั่วไป (ซ่อมบำรุง),463,,ก0265,แผ่น,วัสดุก่อสร้าง,2026-06
30/6/2026,กระเบื้องบุผนัง,47.46,9,427.14,กลุ่มงานบริหารทั่วไป (ซ่อมบำรุง),463,,ก0301,แผ่น,วัสดุก่อสร้าง,2026-06
30/6/2026,กาวซีเมนต์,228.38,12,"2,740.56",กลุ่มงานบริหารทั่วไป (ซ่อมบำรุง),463,,ก0302,ถุง,วัสดุก่อสร้าง,2026-06
30/6/2026,แม่สี,397.00,8,"3,176.00",กลุ่มงานบริหารทั่วไป (ซ่อมบำรุง),463,,ก0303,แกลลอน,วัสดุก่อสร้าง,2026-06
30/6/2026,รถเข็นพื้นเหล็ก,1640.00,1,"1,640.00",กลุ่มงานบริหารทั่วไป (ซ่อมบำรุง),463,,ก0325,คัน,วัสดุก่อสร้าง,2026-06
30/6/2026,เฌอร่า ไม้ฝา,40.80,5,204.00,กลุ่มงานบริหารทั่วไป (ซ่อมบำรุง),463,,ก0326,แผ่น,วัสดุก่อสร้าง,2026-06
30/6/2026,เฌอร่า ไม้ฝา,88.07,15,"1,321.05",กลุ่มงานบริหารทั่วไป (ซ่อมบำรุง),463,,ก0326,แผ่น,วัสดุก่อสร้าง,2026-06
30/6/2026,กระเบื้องปูผนัง,20.88,210,"4,384.80",กลุ่มงานบริหารทั่วไป (ซ่อมบำรุง),463,,ก0327,แผ่น,วัสดุก่อสร้าง,2026-06
30/6/2026,ทีโอเอ วู้ดสเตน,1002.28,1,"1,002.28",กลุ่มงานบริหารทั่วไป (ซ่อมบำรุง),463,,ก0328,แกลลอน,วัสดุก่อสร้าง,2026-06
30/6/2026,ทีโอเอ กลิปตั้น,740.42,8,"5,923.36",กลุ่มงานบริหารทั่วไป (ซ่อมบำรุง),463,,ก0329,แกลลอน,วัสดุก่อสร้าง,2026-06
30/6/2026,THW BCC # 6,81.32,10,813.20,กลุ่มงานบริหารทั่วไป (ซ่อมบำรุง),464,,ฟ0005,ขด,ไฟฟ้า,2026-06
30/6/2026,รางมินิเท้งกิ้ง (รางร้อยสาย),103.79,10,"1,037.90",กลุ่มงานบริหารทั่วไป (ซ่อมบำรุง),464,,ฟ0106,เส้น,ไฟฟ้า,2026-06
30/6/2026,หม้อมิเตอร์ไฟฟ้า,2110.04,2,"4,220.08",กลุ่มงานบริหารทั่วไป (ซ่อมบำรุง),464,,ฟ0142,อัน,ไฟฟ้า,2026-06
30/6/2026,หม้อมิเตอร์ไฟฟ้า,2169.96,1,"2,169.96",กลุ่มงานบริหารทั่วไป (ซ่อมบำรุง),464,,ฟ0142,อัน,ไฟฟ้า,2026-06
30/6/2026,หลอด LED,199.02,18,"3,582.36",กลุ่มงานบริหารทั่วไป (ซ่อมบำรุง),464,,ฟ0144,หลอด,ไฟฟ้า,2026-06
30/6/2026,ตู้พลาสติก,189.00,1,189.00,กลุ่มงานบริหารทั่วไป (ซ่อมบำรุง),464,,ฟ0173,ตู้,ไฟฟ้า,2026-06
30/6/2026,คัทเอ้าท์ 2P-60A,180.00,2,360.00,กลุ่มงานบริหารทั่วไป (ซ่อมบำรุง),464,,ฟ0174,อัน,ไฟฟ้า,2026-06
30/6/2026,คัทเอ้าท์ 2P-30A,120.00,2,240.00,กลุ่มงานบริหารทั่วไป (ซ่อมบำรุง),464,,ฟ0175,อัน,ไฟฟ้า,2026-06
30/6/2026,คัทเอ้าท์ 2P-100A,610.00,1,610.00,กลุ่มงานบริหารทั่วไป (ซ่อมบำรุง),464,,ฟ0176,อัน,ไฟฟ้า,2026-06
2/6/2026,น้ำมันดีเซล,41.71,144,"6,000.82",กลุ่มงานบริหารทั่วไป (ยานพาหนะ),465,,ช0001,ลิตร,เชื้อเพลิง,2026-06
2/6/2026,น้ำมันดีเซล,42.46,899,"38,168.99",กลุ่มงานบริหารทั่วไป (ยานพาหนะ),465,,ช0001,ลิตร,เชื้อเพลิง,2026-06
2/6/2026,น้ำมันดีเซล,41.46,489,"20,267.72",กลุ่มงานบริหารทั่วไป (ยานพาหนะ),465,,ช0001,ลิตร,เชื้อเพลิง,2026-06
2/6/2026,น้ำมันดีเซล,40.96,92,"3,770.37",กลุ่มงานบริหารทั่วไป (ยานพาหนะ),465,,ช0001,ลิตร,เชื้อเพลิง,2026-06
2/6/2026,น้ำมันเบนซิน,45.16,60,"2,709.60",กลุ่มงานบริหารทั่วไป (ยานพาหนะ),465,,ช0002,ลิตร,เชื้อเพลิง,2026-06
2/6/2026,น้ำมันเบนซิน,44.56,60,"2,673.60",กลุ่มงานบริหารทั่วไป (ยานพาหนะ),465,,ช0002,ลิตร,เชื้อเพลิง,2026-06
16/6/2026,น้ำมันดีเซล,40.96,265,"10,861.30",กลุ่มงานบริหารทั่วไป (ยานพาหนะ),466,,ช0001,ลิตร,เชื้อเพลิง,2026-06
16/6/2026,น้ำมันดีเซล,41.76,85,"3,550.40",กลุ่มงานบริหารทั่วไป (ยานพาหนะ),466,,ช0001,ลิตร,เชื้อเพลิง,2026-06
16/6/2026,น้ำมันดีเซล,41.06,322,"13,236.90",กลุ่มงานบริหารทั่วไป (ยานพาหนะ),466,,ช0001,ลิตร,เชื้อเพลิง,2026-06
16/6/2026,น้ำมันดีเซล,41.56,140,"5,811.00",กลุ่มงานบริหารทั่วไป (ยานพาหนะ),466,,ช0001,ลิตร,เชื้อเพลิง,2026-06
16/6/2026,น้ำมันดีเซล,41.06,237,"9,711.50",กลุ่มงานบริหารทั่วไป (ยานพาหนะ),466,,ช0001,ลิตร,เชื้อเพลิง,2026-06
16/6/2026,น้ำมันดีเซล,40.06,319,"12,791.10",กลุ่มงานบริหารทั่วไป (ยานพาหนะ),466,,ช0001,ลิตร,เชื้อเพลิง,2026-06
30/6/2026,น้ำมันเอนกประสงค์,210.00,4,840.00,กลุ่มงานบริหารทั่วไป (ซ่อมบำรุง),468,,ก0111,กระป๋อง,วัสดุก่อสร้าง,2026-06
30/6/2026,บานพับปีกผีเสื้อ,145.00,10,"1,450.00",กลุ่มงานบริหารทั่วไป (ซ่อมบำรุง),468,,ก0122,ชุด,วัสดุก่อสร้าง,2026-06
30/6/2026,สิ่วด้ามพลาสติก,120.00,1,120.00,กลุ่มงานบริหารทั่วไป (ซ่อมบำรุง),468,,ก0227,ชิ้น,วัสดุก่อสร้าง,2026-06
30/6/2026,สิ่วด้ามพลาสติก,130.00,1,130.00,กลุ่มงานบริหารทั่วไป (ซ่อมบำรุง),468,,ก0227,ชิ้น,วัสดุก่อสร้าง,2026-06
30/6/2026,อ่างล้างหน้า,1290.00,2,"2,580.00",กลุ่มงานบริหารทั่วไป (ซ่อมบำรุง),468,,ก0266,ชุด,วัสดุก่อสร้าง,2026-06
30/6/2026,เคเบิ้ลไทร์ (ก่อสร้าง),13.00,1,13.00,กลุ่มงานบริหารทั่วไป (ซ่อมบำรุง),468,,ก0330,แพ็ค,วัสดุก่อสร้าง,2026-06
30/6/2026,เคเบิ้ลไทร์ (ก่อสร้าง),37.00,1,37.00,กลุ่มงานบริหารทั่วไป (ซ่อมบำรุง),468,,ก0330,แพ็ค,วัสดุก่อสร้าง,2026-06
30/6/2026,เคเบิ้ลไทร์ (ก่อสร้าง),45.00,1,45.00,กลุ่มงานบริหารทั่วไป (ซ่อมบำรุง),468,,ก0330,แพ็ค,วัสดุก่อสร้าง,2026-06
30/6/2026,เคเบิ้ลไทร์ (ก่อสร้าง),59.00,1,59.00,กลุ่มงานบริหารทั่วไป (ซ่อมบำรุง),468,,ก0330,แพ็ค,วัสดุก่อสร้าง,2026-06
30/6/2026,เคเบิ้ลไทร์ (ก่อสร้าง),192.00,1,192.00,กลุ่มงานบริหารทั่วไป (ซ่อมบำรุง),468,,ก0330,แพ็ค,วัสดุก่อสร้าง,2026-06
30/6/2026,เสื้อจราจรสะท้อนแสง,310.00,2,620.00,กลุ่มงานบริหารทั่วไป (ซ่อมบำรุง),468,,ก0331,ตัว,วัสดุก่อสร้าง,2026-06
30/6/2026,ใบตัดกระเบื้อง,230.00,2,460.00,กลุ่มงานบริหารทั่วไป (ซ่อมบำรุง),468,,ก0332,ใบ,วัสดุก่อสร้าง,2026-06
30/6/2026,ใบกบใสไม้,135.00,2,270.00,กลุ่มงานบริหารทั่วไป (ซ่อมบำรุง),468,,ก0333,ใบ,วัสดุก่อสร้าง,2026-06
30/6/2026,สกรูยึดกระเบื้องปลายสว่าน,149.00,1,149.00,กลุ่มงานบริหารทั่วไป (ซ่อมบำรุง),468,,ก0334,กล่อง,วัสดุก่อสร้าง,2026-06
30/6/2026,กบไฟฟ้า,1790.00,1,"1,790.00",กลุ่มงานบริหารทั่วไป (ซ่อมบำรุง),468,,ก0335,เครื่อง,วัสดุก่อสร้าง,2026-06
30/6/2026,ชุดแบตเตอรี่ ,1780.00,1,"1,780.00",กลุ่มงานบริหารทั่วไป (ซ่อมบำรุง),468,,ก0336,ชุด,วัสดุก่อสร้าง,2026-06
30/6/2026,เครื่องเจียร์,3200.00,1,"3,200.00",กลุ่มงานบริหารทั่วไป (ซ่อมบำรุง),468,,ก0337,เครื่อง,วัสดุก่อสร้าง,2026-06
30/6/2026,ถ่านชาร์จ ขนาด AAA,198.00,12,"2,376.00",กลุ่มงานบริหารทั่วไป,455,,ง0068,ก้อน,งานบ้านงานครัว,2026-06
30/6/2026,แผ่น CD - R,395.00,12,"4,740.00",กลุ่มงานรังสีวิทยา,469,,ค0049,หลอด,คอมพิวเตอร์,2026-06
21/7/2026,หมึก HP GT53 BK,390.00,1,390.00,งานการพยาบาลผู้ป่วยอุบัติเหตุฉุกเฉินและนิติเวช,513,,ค0061,ขวด,คอมพิวเตอร์,2026-07
24/7/2026,ถุงขยะสีดำ ขนาด 28*36 นิ้ว,60.00,15,900.00,งานการพยาบาลผู้ป่วยใน,503,,ง0070,แพ็ค,งานบ้านงานครัว,2026-07
24/7/2026,ถุงหูหิ้วสีขาว ขนาด 12*20 นิ้ว,70.00,25,"1,750.00",งานการพยาบาลผู้ป่วยใน,503,,ง0102,แพ็ค,งานบ้านงานครัว,2026-07
24/7/2026,กระดาษ A4 80 แกรม (สีขาว),130.00,20,"2,600.00",งานการพยาบาลผู้ป่วยใน,486,,ส0009,รีม,สำนักงาน,2026-07
24/7/2026,กระดาษ A4 80 แกรม (ทุกสี),240.00,1,240.00,งานการพยาบาลผู้ป่วยใน,486,,ส0008,รีม,สำนักงาน,2026-07
24/7/2026,โพสอิท (สติ๊กเกอร์โน๊ต) ชิ้นเล็ก ๆ,39.00,5,195.00,งานการพยาบาลผู้ป่วยใน,486,,ส0146,แพ็ค,สำนักงาน,2026-07
24/7/2026,ลวดเสียบกระดาษ,12.00,10,120.00,งานการพยาบาลผู้ป่วยใน,486,,ส0171,กล่อง,สำนักงาน,2026-07
24/7/2026,"ปากกาเคมี 2 หัว ( ดำ,แดง,น้ำเงิน )",15.00,12,180.00,งานการพยาบาลผู้ป่วยใน,486,,ส0125,ด้าม,สำนักงาน,2026-07
24/7/2026,ปากกาลบคำผิดแบบเทป,59.00,3,177.00,งานการพยาบาลผู้ป่วยใน,486,,ส0127,อัน,สำนักงาน,2026-07
24/7/2026,ซองขาว,1.00,50,50.00,งานการพยาบาลผู้ป่วยใน,486,,ส0069,ซอง,สำนักงาน,2026-07
24/7/2026,"สติ๊กเกอร์ชื่อ(30,000ดวง/2,000 ต่อลัง)",4400.00,1,"4,400.00",งานการพยาบาลผู้ป่วยใน,486,,ส0181,ลัง,สำนักงาน,2026-07
24/7/2026,แฟ้มห่วง 2 นิ้ว,75.00,4,300.00,งานการพยาบาลผู้ป่วยใน,486,,ส0157,แฟ้ม,สำนักงาน,2026-07
24/7/2026,การ์ดเตียง (สีฟ้า),0.64,"10,000","6,400.00",งานการพยาบาลผู้ป่วยใน,486,,ส0042,ใบ,สำนักงาน,2026-07
24/7/2026,กระดาษ A4 80 แกรม (สีขาว),130.00,10,"1,300.00",กลุ่มงานการพยาบาล(วัสดุการแพทย์),473,,ส0009,รีม,สำนักงาน,2026-07
24/7/2026,ยางลบ,6.00,2,12.00,กลุ่มงานการพยาบาล(วัสดุการแพทย์),473,,ส0168,ก้อน,สำนักงาน,2026-07
24/7/2026,สมุดเบอร์ 2,60.00,2,120.00,กลุ่มงานการพยาบาล(วัสดุการแพทย์),473,,ส0191,เล่ม,สำนักงาน,2026-07
24/7/2026,ใบมีดคัทเตอร์ เล่มใหญ่,35.00,1,35.00,กลุ่มงานรังสีวิทยา,474,,ส0116,กล่อง,สำนักงาน,2026-07
24/7/2026,กรรไกร,85.00,1,85.00,กลุ่มงานรังสีวิทยา,474,,ส0002,เล่ม,สำนักงาน,2026-07
24/7/2026,กระดาษเช็ดมือ,61.97,10,619.70,กลุ่มงานรังสีวิทยา,488,,ง0008,ห่อ,งานบ้านงานครัว,2026-07
24/7/2026,ถ่าน ขนาด AAA (อัลคาไลน์),25.00,6,150.00,กลุ่มงานรังสีวิทยา,488,,ง0065,ก้อน,งานบ้านงานครัว,2026-07
24/7/2026,ถ่าน ขนาด AA (อัลคาไลน์),25.00,6,150.00,กลุ่มงานรังสีวิทยา,488,,ง0064,ก้อน,งานบ้านงานครัว,2026-07
24/7/2026,กรวยกรอกน้ำ,20.00,1,20.00,กลุ่มงานรังสีวิทยา,488,,ง0004,อัน,งานบ้านงานครัว,2026-07
24/7/2026,กระดาษเช็ดมือ,61.97,6,371.82,กลุ่มงานเทคนิคการแพทย์,493,,ง0008,ห่อ,งานบ้านงานครัว,2026-07
24/7/2026,เจลก้อนหอม,100.00,6,600.00,กลุ่มงานเทคนิคการแพทย์,493,,ง0016,ก้อน,งานบ้านงานครัว,2026-07
24/7/2026,ถ่าน ขนาด AA (อัลคาไลน์),25.00,6,150.00,กลุ่มงานเทคนิคการแพทย์,493,,ง0064,ก้อน,งานบ้านงานครัว,2026-07
24/7/2026,ถุงหูหิ้วสีขาว ขนาด 12*20 นิ้ว,70.00,5,350.00,กลุ่มงานเทคนิคการแพทย์,493,,ง0102,แพ็ค,งานบ้านงานครัว,2026-07
24/7/2026,แลคซีน 1.5 นิ้ว,55.00,4,220.00,กลุ่มงานเทคนิคการแพทย์,476,,ส0176,ม้วน,สำนักงาน,2026-07
24/7/2026,กระดาษ A4 80 แกรม (สีขาว),130.00,10,"1,300.00",กลุ่มงานประกันสุขภาพยุทธศาสตร์,470,,ส0009,รีม,สำนักงาน,2026-07
24/7/2026,ลูกแม็กซ์ เบอร์ 10,15.00,10,150.00,กลุ่มงานประกันสุขภาพยุทธศาสตร์,470,,ส0173,กล่อง,สำนักงาน,2026-07
24/7/2026,ลูกแม็กซ์ เบอร์ 3,25.00,2,50.00,กลุ่มงานประกันสุขภาพยุทธศาสตร์,470,,ส0174,กล่อง,สำนักงาน,2026-07
24/7/2026,เทปใส 1 นิ้ว,40.00,5,200.00,กลุ่มงานประกันสุขภาพยุทธศาสตร์,470,,ส0095,ม้วน,สำนักงาน,2026-07
24/7/2026,ซองน้ำตาล A4 (ไม่ขยายข้าง),5.00,30,150.00,กลุ่มงานประกันสุขภาพยุทธศาสตร์,470,,ส0071,ซอง,สำนักงาน,2026-07
24/7/2026,กาวUHU,75.00,2,150.00,กลุ่มงานประกันสุขภาพยุทธศาสตร์,470,,ส0045,หลอด,สำนักงาน,2026-07
24/7/2026,คลิบหนีบ 2 ขา สีดำ เบอร์ 110,45.00,3,135.00,กลุ่มงานประกันสุขภาพยุทธศาสตร์,470,,ส0057,กล่อง,สำนักงาน,2026-07
24/7/2026,ที่ดึงลูกแม็กซ์,75.00,1,75.00,กลุ่มงานประกันสุขภาพยุทธศาสตร์,470,,ส0090,อัน,สำนักงาน,2026-07
24/7/2026,ลูกแม็กซ์ เบอร์ 10,15.00,1,15.00,กลุ่มงานประกันสุขภาพยุทธศาสตร์,470,,ส0173,กล่อง,สำนักงาน,2026-07
24/7/2026,ปลั๊กราง ยาว 3 เมตร,350.00,1,350.00,กลุ่มงานประกันสุขภาพยุทธศาสตร์,505,,ฟ0078,อัน,ไฟฟ้า,2026-07
24/7/2026,ปลั๊กราง ยาว 10 เมตร,495.00,1,495.00,กลุ่มงานประกันสุขภาพยุทธศาสตร์,505,,ฟ0077,อัน,ไฟฟ้า,2026-07
24/7/2026,ถุงขยะสีดำ ขนาด 16*19 นิ้ว,60.00,10,600.00,ห้องบัตร,492,,ง0069,แพ็ค,งานบ้านงานครัว,2026-07
24/7/2026,กระดาษเช็ดมือ,61.97,2,123.94,ห้องบัตร,492,,ง0008,ห่อ,งานบ้านงานครัว,2026-07
24/7/2026,เทปใส 2 นิ้ว,25.00,2,50.00,ห้องบัตร,483,,ส0096,ม้วน,สำนักงาน,2026-07
24/7/2026,ซองน้ำตาล A4 (ไม่ขยายข้าง),5.00,10,50.00,ห้องบัตร,483,,ส0071,ซอง,สำนักงาน,2026-07
24/7/2026,ซองน้ำตาล A4 (ขยายข้าง),5.00,10,50.00,ห้องบัตร,483,,ส0070,ซอง,สำนักงาน,2026-07
24/7/2026,ลวดเสียบกระดาษ,12.00,10,120.00,ห้องบัตร,477,,ส0171,กล่อง,สำนักงาน,2026-07
24/7/2026,กระดาษ A4 80 แกรม (สีขาว),130.00,5,650.00,ห้องบัตร,477,,ส0009,รีม,สำนักงาน,2026-07
24/7/2026,กาว 2 หน้า หนา,275.00,1,275.00,ห้องบัตร,477,,ส0044,ม้วน,สำนักงาน,2026-07
24/7/2026,"กระดาษเทอมอล 110*30 ซม.(ห้องบัตร,ชันสูตร)",2750.00,1,"2,750.00",ห้องบัตร,477,,ส0021,ม้วน,สำนักงาน,2026-07
24/7/2026,"กระดาษเทอมอล 110*30 ซม.(ห้องบัตร,ชันสูตร)",2750.00,2,"5,500.00",ห้องบัตร,472,,ส0021,ม้วน,สำนักงาน,2026-07
24/7/2026,ถ่าน ขนาด AA (อัลคาไลน์),25.00,12,300.00,งานการพยาบาลผู้ป่วยอุบัติเหตุฉุกเฉินและนิติเวช,495,,ง0064,ก้อน,งานบ้านงานครัว,2026-07
24/7/2026,ไฟฉายแบบชาร์จ,175.00,2,350.00,งานการพยาบาลผู้ป่วยอุบัติเหตุฉุกเฉินและนิติเวช,495,,ง0182,กระบอก,งานบ้านงานครัว,2026-07
24/7/2026,ถุงขยะสีดำ ขนาด 28*36 นิ้ว,60.00,10,600.00,งานการพยาบาลผู้ป่วยอุบัติเหตุฉุกเฉินและนิติเวช,496,,ง0070,แพ็ค,งานบ้านงานครัว,2026-07
24/7/2026,ถุงหูหิ้วสีขาว ขนาด 12*20 นิ้ว,70.00,5,350.00,งานการพยาบาลผู้ป่วยอุบัติเหตุฉุกเฉินและนิติเวช,496,,ง0102,แพ็ค,งานบ้านงานครัว,2026-07
24/7/2026,ฟองน้ำพร้อมสก็อตไบรท์,25.00,2,50.00,งานการพยาบาลผู้ป่วยอุบัติเหตุฉุกเฉินและนิติเวช,496,,ง0179,แผ่น,งานบ้านงานครัว,2026-07
24/7/2026,ซองขาว,1.00,100,100.00,งานการพยาบาลผู้ป่วยอุบัติเหตุฉุกเฉินและนิติเวช,479,,ส0069,ซอง,สำนักงาน,2026-07
24/7/2026,กรรไกร,85.00,2,170.00,งานการพยาบาลผู้ป่วยอุบัติเหตุฉุกเฉินและนิติเวช,479,,ส0002,เล่ม,สำนักงาน,2026-07
24/7/2026,มีดคัทเตอร์ ใหญ่,65.00,1,65.00,งานการพยาบาลผู้ป่วยอุบัติเหตุฉุกเฉินและนิติเวช,479,,ส0162,เล่ม,สำนักงาน,2026-07
24/7/2026,กระดาษ A4 80 แกรม (สีขาว),130.00,10,"1,300.00",งานการพยาบาลผู้ป่วยอุบัติเหตุฉุกเฉินและนิติเวช,480,,ส0009,รีม,สำนักงาน,2026-07
24/7/2026,สมุดเบอร์ 2,60.00,2,120.00,งานการพยาบาลผู้ป่วยอุบัติเหตุฉุกเฉินและนิติเวช,480,,ส0191,เล่ม,สำนักงาน,2026-07
24/7/2026,กระดาษ A4 80 แกรม (ทุกสี),240.00,1,240.00,งานการพยาบาลผู้ป่วยอุบัติเหตุฉุกเฉินและนิติเวช,480,,ส0008,รีม,สำนักงาน,2026-07
24/7/2026,ปลั๊กราง ยาว 5 เมตร,395.00,1,395.00,งานการพยาบาลผู้ป่วยอุบัติเหตุฉุกเฉินและนิติเวช,506,,ฟ0079,อัน,ไฟฟ้า,2026-07
24/7/2026,ปลั๊กราง ยาว 5 เมตร,395.00,1,395.00,งานการพยาบาลผู้ป่วยนอก,507,,ฟ0079,อัน,ไฟฟ้า,2026-07
24/7/2026,ถ่าน ขนาด AA (อัลคาไลน์),25.00,40,"1,000.00",งานการพยาบาลผู้ป่วยนอก,499,,ง0064,ก้อน,งานบ้านงานครัว,2026-07
24/7/2026,ถุงขยะสีดำ ขนาด 40*40 นิ้ว,60.00,5,300.00,งานการพยาบาลผู้ป่วยนอก,499,,ง0071,แพ็ค,งานบ้านงานครัว,2026-07
24/7/2026,กระดาษ A4 80 แกรม (ทุกสี),240.00,2,480.00,งานการพยาบาลผู้ป่วยนอก,482,,ส0008,รีม,สำนักงาน,2026-07
24/7/2026,กระดาษ A4 80 แกรม (สีขาว),130.00,5,650.00,งานการพยาบาลผู้ป่วยนอก,482,,ส0009,รีม,สำนักงาน,2026-07
24/7/2026,แม็กซ์ เบอร์ 3,495.00,1,495.00,งานการพยาบาลผู้ป่วยนอก,482,,ส0164,ตัว,สำนักงาน,2026-07
24/7/2026,ซองขาว,1.00,500,500.00,งานการพยาบาลผู้ป่วยนอก,482,,ส0069,ซอง,สำนักงาน,2026-07
24/7/2026,ลวดเสียบกระดาษ,12.00,40,480.00,งานการพยาบาลผู้ป่วยนอก,482,,ส0171,กล่อง,สำนักงาน,2026-07
24/7/2026,น้ำยาล้างจาน (บรรจุ 3.8 ลิตร),195.00,1,195.00,งานการพยาบาลผู้คลอด,490,,ง0135,แกลลอน,งานบ้านงานครัว,2026-07
24/7/2026,น้ำยาขจัดกลิ่นฆ่าเชื้อเอนกประสงค์ (บรรจุ 3.8 ลิตร),449.40,1,449.40,งานการพยาบาลผู้คลอด,490,,ง0116,แกลลอน,งานบ้านงานครัว,2026-07
24/7/2026,ถุงขยะสีดำ ขนาด 16*19 นิ้ว,60.00,5,300.00,งานการพยาบาลผู้คลอด,490,,ง0069,แพ็ค,งานบ้านงานครัว,2026-07
24/7/2026,ถุงขยะสีแดง ขนาด 40*40 นิ้ว,75.00,5,375.00,งานการพยาบาลผู้คลอด,490,,ง0076,แพ็ค,งานบ้านงานครัว,2026-07
24/7/2026,สเปรย์ปรับอากาศ-ดับกลิ่น,135.00,3,405.00,งานการพยาบาลผู้คลอด,490,,ง0207,กระป๋อง,งานบ้านงานครัว,2026-07
24/7/2026,กระดาษเช็ดมือ,61.97,5,309.85,งานการพยาบาลผู้คลอด,490,,ง0008,ห่อ,งานบ้านงานครัว,2026-07
24/7/2026,กระดาษ A4 80 แกรม (สีขาว),130.00,5,650.00,กลุ่มงานบริหารทั่วไป (ซ่อมบำรุง),478,,ส0009,รีม,สำนักงาน,2026-07
24/7/2026,กระดาษกาวย่น 1 นิ้ว,38.00,3,114.00,กลุ่มงานบริหารทั่วไป (ซ่อมบำรุง),478,,ส0015,ม้วน,สำนักงาน,2026-07
24/7/2026,แม็กซ์ เบอร์ 10,245.00,1,245.00,กลุ่มงานบริหารทั่วไป (ซ่อมบำรุง),478,,ส0163,ตัว,สำนักงาน,2026-07
24/7/2026,ไม้บรรทัด 2 ฟุต,125.00,1,125.00,กลุ่มงานบริหารทั่วไป (ซ่อมบำรุง),478,,ส0228,อัน,สำนักงาน,2026-07
24/7/2026,กระดาษเช็ดมือ,61.97,2,123.94,กลุ่มงานบริหารทั่วไป (ซ่อมบำรุง),494,,ง0008,ห่อ,งานบ้านงานครัว,2026-07
24/7/2026,ถ่าน ขนาด AA (อัลคาไลน์),25.00,6,150.00,กลุ่มงานบริหารทั่วไป (ซ่อมบำรุง),494,,ง0064,ก้อน,งานบ้านงานครัว,2026-07
24/7/2026,ถ่าน ขนาด AAA (อัลคาไลน์),25.00,6,150.00,กลุ่มงานบริหารทั่วไป (ซ่อมบำรุง),494,,ง0065,ก้อน,งานบ้านงานครัว,2026-07
24/7/2026,เทปใส 1 นิ้ว,40.00,2,80.00,งานการพยาบาลผู้คลอด,475,,ส0095,ม้วน,สำนักงาน,2026-07
24/7/2026,ปากกาลบคำผิดแบบเทป,59.00,2,118.00,งานการพยาบาลผู้คลอด,475,,ส0127,อัน,สำนักงาน,2026-07
24/7/2026,สมุดเบอร์ 2,60.00,2,120.00,งานการพยาบาลผู้คลอด,475,,ส0191,เล่ม,สำนักงาน,2026-07
24/7/2026,กระดาษชำระม้วนใหญ่,107.00,8,856.00,กลุ่มงานบริหารทั่วไป (แม่บ้าน),491,,ง0007,ม้วน,งานบ้านงานครัว,2026-07
24/7/2026,แก้วกรวยกระดาษ,62.48,50,"3,124.00",กลุ่มงานบริหารทั่วไป (แม่บ้าน),491,,ง0020,แถว,งานบ้านงานครัว,2026-07
24/7/2026,ถุงมือยางทำความสะอาด,35.00,5,175.00,กลุ่มงานบริหารทั่วไป (แม่บ้าน),491,,ง0093,คู่,งานบ้านงานครัว,2026-07
24/7/2026,ไม้กวาดอ่อน,50.00,4,200.00,กลุ่มงานบริหารทั่วไป (แม่บ้าน),491,,ง0187,อัน,งานบ้านงานครัว,2026-07
24/7/2026,ถุงขยะสีแดง ขนาด 16*24 นิ้ว พิมพ์ลาย,80.00,25,"2,000.00",กลุ่มงานบริหารทั่วไป (แม่บ้าน),491,,ง0073,กก.,งานบ้านงานครัว,2026-07
24/7/2026,น้ำยาล้างห้องน้ำ (บรรจุ 3.8 ลิตร),321.00,2,642.00,กลุ่มงานบริหารทั่วไป (แม่บ้าน),491,,ง0138,แกลลอน,งานบ้านงานครัว,2026-07
24/7/2026,น้ำยาขจัดกลิ่นฆ่าเชื้อเอนกประสงค์ (บรรจุ 3.8 ลิตร),449.40,10,"4,494.00",กลุ่มงานบริหารทั่วไป (แม่บ้าน),491,,ง0116,แกลลอน,งานบ้านงานครัว,2026-07
24/7/2026,ถุงขยะสีดำ ขนาด 16*19 นิ้ว,60.00,25,"1,500.00",กลุ่มงานบริหารทั่วไป (แม่บ้าน),491,,ง0069,แพ็ค,งานบ้านงานครัว,2026-07
24/7/2026,ถ่าน ขนาด AA (อัลคาไลน์),25.00,40,"1,000.00",กลุ่มงานการแพทย์แผนไทยและการแพทย์ทางเลือก,504,,ง0064,ก้อน,งานบ้านงานครัว,2026-07
24/7/2026,ถ่าน ขนาด AAA (อัลคาไลน์),25.00,10,250.00,กลุ่มงานการแพทย์แผนไทยและการแพทย์ทางเลือก,504,,ง0065,ก้อน,งานบ้านงานครัว,2026-07
24/7/2026,ถุงขยะสีดำ ขนาด 16*19 นิ้ว,60.00,5,300.00,กลุ่มงานการแพทย์แผนไทยและการแพทย์ทางเลือก,504,,ง0069,แพ็ค,งานบ้านงานครัว,2026-07
24/7/2026,กระดาษชำระม้วนใหญ่,107.00,3,321.00,กลุ่มงานการแพทย์แผนไทยและการแพทย์ทางเลือก,504,,ง0007,ม้วน,งานบ้านงานครัว,2026-07
24/7/2026,กระดาษ A4 80 แกรม (ทุกสี),240.00,1,240.00,กลุ่มงานเวชกรรมฟื้นฟู,509,,ส0008,รีม,สำนักงาน,2026-07
24/7/2026,เทปใส 1 นิ้ว,40.00,1,40.00,กลุ่มงานเวชกรรมฟื้นฟู,509,,ส0095,ม้วน,สำนักงาน,2026-07
24/7/2026,กระดาษเช็ดมือ,61.97,6,371.82,กลุ่มงานเวชกรรมฟื้นฟู,511,,ง0008,ห่อ,งานบ้านงานครัว,2026-07
24/7/2026,ถ่าน ขนาด AA (อัลคาไลน์),25.00,4,100.00,กลุ่มงานเวชกรรมฟื้นฟู,511,,ง0064,ก้อน,งานบ้านงานครัว,2026-07
24/7/2026,เจลก้อนหอม,100.00,2,200.00,กลุ่มงานเวชกรรมฟื้นฟู,511,,ง0016,ก้อน,งานบ้านงานครัว,2026-07
24/7/2026,ถังขยะเหยียบกลม ขนาด 18 ลิตร,390.00,4,"1,560.00",กลุ่มงานทันตกรรม,512,,ง0254,ใบ,งานบ้านงานครัว,2026-07
24/7/2026,น้ำยาขจัดกลิ่นฆ่าเชื้อเอนกประสงค์ (บรรจุ 3.8 ลิตร),449.40,1,449.40,กลุ่มงานทันตกรรม,512,,ง0116,แกลลอน,งานบ้านงานครัว,2026-07
24/7/2026,น้ำยาล้างจาน (บรรจุ 3.8 ลิตร),195.00,1,195.00,กลุ่มงานทันตกรรม,512,,ง0135,แกลลอน,งานบ้านงานครัว,2026-07
24/7/2026,พรมเช็ดเท้า (ผ้า),35.00,5,175.00,กลุ่มงานทันตกรรม,512,,ง0176,ผืน,งานบ้านงานครัว,2026-07
24/7/2026,พรมเช็ดเท้า (พลาสติก),95.00,2,190.00,กลุ่มงานทันตกรรม,512,,ง0177,ผืน,งานบ้านงานครัว,2026-07
24/7/2026,กาวตราช้าง,25.00,2,50.00,กลุ่มงานทันตกรรม,510,,ส0046,หลอด,สำนักงาน,2026-07
24/7/2026,ถุงขยะสีดำ ขนาด 28*36 นิ้ว,60.00,50,"3,000.00",กลุ่มงานบริหารทั่วไป (แม่บ้าน),498,,ง0070,แพ็ค,งานบ้านงานครัว,2026-07
24/7/2026,กระดาษ A4 80 แกรม (สีขาว),130.00,10,"1,300.00",กลุ่มงานบริการด้านปฐมภูมิและองค์รวม,471,,ส0009,รีม,สำนักงาน,2026-07
24/7/2026,ดินน้ำมัน,15.00,2,30.00,กลุ่มงานบริการด้านปฐมภูมิและองค์รวม,471,,ส0074,ก้อน,สำนักงาน,2026-07
24/7/2026,เทปใส 3/4 นิ้ว,30.00,4,120.00,กลุ่มงานบริการด้านปฐมภูมิและองค์รวม,471,,ส0097,ม้วน,สำนักงาน,2026-07
24/7/2026,กระดาษ A4 80 แกรม (สีขาว),130.00,10,"1,300.00",กลุ่มงานบริการด้านปฐมภูมิและองค์รวม,481,,ส0009,รีม,สำนักงาน,2026-07
24/7/2026,ถุงขยะสีดำ ขนาด 28*36 นิ้ว,60.00,15,900.00,กลุ่มงานบริการด้านปฐมภูมิและองค์รวม,497,,ง0070,แพ็ค,งานบ้านงานครัว,2026-07
24/7/2026,ถุงขยะสีดำ ขนาด 16*19 นิ้ว,60.00,5,300.00,กลุ่มงานบริการด้านปฐมภูมิและองค์รวม,497,,ง0069,แพ็ค,งานบ้านงานครัว,2026-07
24/7/2026,เชือกฟาง,40.00,1,40.00,กลุ่มงานบริการด้านปฐมภูมิและองค์รวม,489,,ง0042,ม้วน,งานบ้านงานครัว,2026-07
24/7/2026,ถุงมือยางทำความสะอาด,35.00,1,35.00,กลุ่มงานบริการด้านปฐมภูมิและองค์รวม,489,,ง0093,คู่,งานบ้านงานครัว,2026-07
24/7/2026,กระดาษเช็ดมือ,61.97,2,123.94,กลุ่มงานบริการด้านปฐมภูมิและองค์รวม,489,,ง0008,ห่อ,งานบ้านงานครัว,2026-07
24/7/2026,ถุงขยะสีดำ ขนาด 28*36 นิ้ว,60.00,5,300.00,กลุ่มงานบริการด้านปฐมภูมิและองค์รวม,489,,ง0070,แพ็ค,งานบ้านงานครัว,2026-07
24/7/2026,ถุงขยะสีแดง ขนาด 16*28 นิ้ว (พิมพ์ลาย),100.00,5,500.00,กลุ่มงานบริการด้านปฐมภูมิและองค์รวม,489,,ง0074,แพ็ค,งานบ้านงานครัว,2026-07
24/7/2026,กระดาษชำระม้วนใหญ่,107.00,2,214.00,กลุ่มงานบริการด้านปฐมภูมิและองค์รวม,489,,ง0007,ม้วน,งานบ้านงานครัว,2026-07
24/7/2026,กระดาษเช็ดมือ,61.97,4,247.88,งานการพยาบาลหน่วยควบคุมการติดเชื้อและงานจ่ายกลาง,500,,ง0008,ห่อ,งานบ้านงานครัว,2026-07
24/7/2026,กระดาษชำระม้วนใหญ่,107.00,3,321.00,งานการพยาบาลหน่วยควบคุมการติดเชื้อและงานจ่ายกลาง,500,,ง0007,ม้วน,งานบ้านงานครัว,2026-07
24/7/2026,เข่งพลาสติก,65.00,3,195.00,งานการพยาบาลหน่วยควบคุมการติดเชื้อและงานจ่ายกลาง,500,,ง0029,ใบ,งานบ้านงานครัว,2026-07
24/7/2026,น้ำยารีดผ้าเรียบ,15.00,6,90.00,งานการพยาบาลหน่วยควบคุมการติดเชื้อและงานจ่ายกลาง,500,,ง0132,ถุง,งานบ้านงานครัว,2026-07
24/7/2026,น้ำยาขจัดกลิ่นฆ่าเชื้อเอนกประสงค์ (บรรจุ 3.8 ลิตร),449.40,2,898.80,งานการพยาบาลหน่วยควบคุมการติดเชื้อและงานจ่ายกลาง,500,,ง0116,แกลลอน,งานบ้านงานครัว,2026-07
24/7/2026,ฝอยเหล็ก,25.00,12,300.00,งานการพยาบาลหน่วยควบคุมการติดเชื้อและงานจ่ายกลาง,500,,ง0175,ก้อน,งานบ้านงานครัว,2026-07
24/7/2026,ฟองน้ำพร้อมสก็อตไบรท์,25.00,12,300.00,งานการพยาบาลหน่วยควบคุมการติดเชื้อและงานจ่ายกลาง,500,,ง0179,แผ่น,งานบ้านงานครัว,2026-07
24/7/2026,น้ำยาทำความสะอาดพื้นผิว (บรรจุ 3.8 ลิตร),321.00,2,642.00,งานการพยาบาลหน่วยควบคุมการติดเชื้อและงานจ่ายกลาง,500,,ง0128,แกลลอน,งานบ้านงานครัว,2026-07
24/7/2026,ถุงขยะสีดำ ขนาด 28*36 นิ้ว,60.00,5,300.00,งานการพยาบาลหน่วยควบคุมการติดเชื้อและงานจ่ายกลาง,500,,ง0070,แพ็ค,งานบ้านงานครัว,2026-07
24/7/2026,"สเปรย์ฉีดแมลง,ยุง",105.00,3,315.00,งานการพยาบาลหน่วยควบคุมการติดเชื้อและงานจ่ายกลาง,500,,ง0206,กระป๋อง,งานบ้านงานครัว,2026-07
24/7/2026,กระดานไวท์บอร์ด 60*80 ซม.,375.00,2,750.00,งานการพยาบาลหน่วยควบคุมการติดเชื้อและงานจ่ายกลาง,484,,ส0229,แผ่น,สำนักงาน,2026-07
24/7/2026,กรรไกร,85.00,3,255.00,งานการพยาบาลหน่วยควบคุมการติดเชื้อและงานจ่ายกลาง,484,,ส0002,เล่ม,สำนักงาน,2026-07
24/7/2026,กระดาษกาวย่น 1 นิ้ว,38.00,12,456.00,งานการพยาบาลหน่วยควบคุมการติดเชื้อและงานจ่ายกลาง,484,,ส0015,ม้วน,สำนักงาน,2026-07
24/7/2026,เทปใส 1 นิ้ว,40.00,11,440.00,งานการพยาบาลหน่วยควบคุมการติดเชื้อและงานจ่ายกลาง,484,,ส0095,ม้วน,สำนักงาน,2026-07
24/7/2026,"ปากกาไวท์บอร์ด ( ดำ,แดง,น้ำเงิน )",22.00,3,66.00,งานการพยาบาลหน่วยควบคุมการติดเชื้อและงานจ่ายกลาง,484,,ส0128,ด้าม,สำนักงาน,2026-07
24/7/2026,ลวดเสียบกระดาษ,12.00,4,48.00,งานการพยาบาลหน่วยควบคุมการติดเชื้อและงานจ่ายกลาง,484,,ส0171,กล่อง,สำนักงาน,2026-07
24/7/2026,คลิบหนีบ 2 ขา สีดำ เบอร์ 111,35.00,2,70.00,งานการพยาบาลหน่วยควบคุมการติดเชื้อและงานจ่ายกลาง,484,,ส0058,กล่อง,สำนักงาน,2026-07
24/7/2026,เชือกฟาง,40.00,2,80.00,งานการพยาบาลหน่วยควบคุมการติดเชื้อและงานจ่ายกลาง,501,,ง0042,ม้วน,งานบ้านงานครัว,2026-07
24/7/2026,ผงซักฟอก ,130.00,2,260.00,งานการพยาบาลหน่วยควบคุมการติดเชื้อและงานจ่ายกลาง,501,,ง0148,ถุง,งานบ้านงานครัว,2026-07
24/7/2026,สเปรย์ปรับอากาศ-ดับกลิ่น,135.00,2,270.00,งานการพยาบาลหน่วยควบคุมการติดเชื้อและงานจ่ายกลาง,501,,ง0207,กระป๋อง,งานบ้านงานครัว,2026-07
24/7/2026,ยางวง,80.00,1,80.00,งานการพยาบาลหน่วยควบคุมการติดเชื้อและงานจ่ายกลาง,501,,ง0197,ถุง,งานบ้านงานครัว,2026-07
24/7/2026,สบู่เหลวล้างมือ (บรรจุ 3.8 ลิตร),321.00,1,321.00,งานการพยาบาลหน่วยควบคุมการติดเชื้อและงานจ่ายกลาง,501,,ง0204,แกลลอน,งานบ้านงานครัว,2026-07
24/7/2026,ขัน,15.00,5,75.00,งานการพยาบาลหน่วยควบคุมการติดเชื้อและงานจ่ายกลาง,501,,ง0028,ใบ,งานบ้านงานครัว,2026-07
24/7/2026,ถ่าน ขนาด AA (อัลคาไลน์),25.00,60,"1,500.00",งานการพยาบาลผู้ป่วยใน,502,,ง0064,ก้อน,งานบ้านงานครัว,2026-07
24/7/2026,น้ำยาทำความสะอาดพื้นผิว (บรรจุ 3.8 ลิตร),321.00,4,"1,284.00",งานการพยาบาลผู้ป่วยใน,502,,ง0128,แกลลอน,งานบ้านงานครัว,2026-07
24/7/2026,น้ำยาล้างจาน (บรรจุ 3.8 ลิตร),195.00,2,390.00,งานการพยาบาลผู้ป่วยใน,502,,ง0135,แกลลอน,งานบ้านงานครัว,2026-07
24/7/2026,ผ้าถูพื้น,45.00,5,225.00,งานการพยาบาลผู้ป่วยใน,502,,ง0159,ผืน,งานบ้านงานครัว,2026-07
24/7/2026,ฟองน้ำพร้อมสก็อตไบรท์,25.00,6,150.00,งานการพยาบาลผู้ป่วยใน,502,,ง0179,แผ่น,งานบ้านงานครัว,2026-07
24/7/2026,ถังขยะชนิดเหยียบ ขนาด 18 ลิตร,440.00,2,880.00,งานการพยาบาลผู้ป่วยใน,502,,ง0053,ใบ,งานบ้านงานครัว,2026-07
24/7/2026,ถังขยะเหยียบกลม ขนาด 18 ลิตร,390.00,1,390.00,งานการพยาบาลผู้ป่วยใน,502,,ง0254,ใบ,งานบ้านงานครัว,2026-07
24/7/2026,ถุงขยะสีแดง ขนาด 12*20 นิ้ว (พิมพ์ลาย),75.00,15,"1,125.00",งานการพยาบาลผู้ป่วยใน,502,,ง0072,แพ็ค,งานบ้านงานครัว,2026-07
24/7/2026,ถุงขยะสีแดง ขนาด 40*40 นิ้ว,75.00,5,375.00,งานการพยาบาลผู้ป่วยใน,502,,ง0076,แพ็ค,งานบ้านงานครัว,2026-07
24/7/2026,ถุงขยะสีแดง ขนาด 16*28 นิ้ว (พิมพ์ลาย),100.00,10,"1,000.00",งานการพยาบาลผู้ป่วยใน,502,,ง0074,แพ็ค,งานบ้านงานครัว,2026-07
1/7/2026,INK FOR CANON GI 790 (BK),390.00,1,390.00,กลุ่มงานการพยาบาล(วัสดุการแพทย์),514,,ค0012,ขวด,คอมพิวเตอร์,2026-07
1/7/2026,INK FOR CANON GI 790 (Y),390.00,1,390.00,กลุ่มงานการพยาบาล(วัสดุการแพทย์),514,,ค0015,ขวด,คอมพิวเตอร์,2026-07
1/7/2026,INK FOR CANON GI 790 (M),390.00,1,390.00,กลุ่มงานการพยาบาล(วัสดุการแพทย์),514,,ค0014,ขวด,คอมพิวเตอร์,2026-07
1/7/2026,INK FOR CANON GI 790 (C),390.00,1,390.00,กลุ่มงานการพยาบาล(วัสดุการแพทย์),514,,ค0013,ขวด,คอมพิวเตอร์,2026-07
1/7/2026,Smart Card Reader W/USB Cable,1290.00,1,"1,290.00",งานการพยาบาลหน่วยควบคุมการติดเชื้อและงานจ่ายกลาง,515,,ค0033,ชิ้น,คอมพิวเตอร์,2026-07
1/7/2026,หมึก CANON PGI-750 PGBK,890.00,1,890.00,กลุ่มงานบริหารทั่วไป (โสต),516,,ค0053,ขวด,คอมพิวเตอร์,2026-07
1/7/2026,หมึก CANON CLI-751 M,850.00,1,850.00,กลุ่มงานบริหารทั่วไป (โสต),516,,ค0056,ขวด,คอมพิวเตอร์,2026-07
1/7/2026,Smart Card Reader W/USB Cable,1290.00,2,"2,580.00",งานการพยาบาลผู้คลอด,517,,ค0033,ชิ้น,คอมพิวเตอร์,2026-07
20/7/2026,หมึก CANON CLI-751 BK,850.00,1,850.00,กลุ่มงานบริหารทั่วไป (โสต),518,,ค0054,ขวด,คอมพิวเตอร์,2026-07
20/7/2026,หมึก CANON CLI-751 Y,790.00,1,790.00,กลุ่มงานบริหารทั่วไป (โสต),518,,ค0057,ขวด,คอมพิวเตอร์,2026-07
10/7/2026,TONER HP 76A,1590.00,1,"1,590.00",กลุ่มงานบริหารทั่วไป,519,,ค0042,ตลับ,คอมพิวเตอร์,2026-07
10/7/2026,หมึก CANON CLI-751 C,790.00,1,790.00,กลุ่มงานบริหารทั่วไป (โสต),520,,ค0055,ขวด,คอมพิวเตอร์,2026-07
10/7/2026,INK FOR EPSON T00V100(003) (BK),450.00,1,450.00,กลุ่มงานการพยาบาล(วัสดุการแพทย์),521,,ค0017,ขวด,คอมพิวเตอร์,2026-07
10/7/2026,INK FOR EPSON T00V200(003) (C),450.00,1,450.00,กลุ่มงานการพยาบาล(วัสดุการแพทย์),521,,ค0018,ขวด,คอมพิวเตอร์,2026-07
10/7/2026,INK FOR EPSON T00V300(003) (M),390.00,1,390.00,กลุ่มงานการพยาบาล(วัสดุการแพทย์),521,,ค0019,ขวด,คอมพิวเตอร์,2026-07
10/7/2026,INK FOR EPSON T00V400(003) (Y),390.00,1,390.00,กลุ่มงานการพยาบาล(วัสดุการแพทย์),521,,ค0020,ขวด,คอมพิวเตอร์,2026-07
31/7/2026,Canon GI-71 BK,550.00,1,550.00,กลุ่มงานจิตเวชและยาเสพติด,522,,ค0081,ขวด,คอมพิวเตอร์,2026-07
31/7/2026,Canon GI-71 C,490.00,1,490.00,กลุ่มงานจิตเวชและยาเสพติด,522,,ค0082,ขวด,คอมพิวเตอร์,2026-07
31/7/2026,Canon GI-71 M,490.00,1,490.00,กลุ่มงานจิตเวชและยาเสพติด,522,,ค0083,ขวด,คอมพิวเตอร์,2026-07
31/7/2026,Canon GI-71 Y,490.00,1,490.00,กลุ่มงานจิตเวชและยาเสพติด,522,,ค0084,ขวด,คอมพิวเตอร์,2026-07
31/7/2026,Canon GI-71 BK,550.00,1,550.00,กลุ่มงานบริการด้านปฐมภูมิและองค์รวม,523,,ค0081,ขวด,คอมพิวเตอร์,2026-07
31/7/2026,Canon GI-71 C,490.00,1,490.00,กลุ่มงานบริการด้านปฐมภูมิและองค์รวม,523,,ค0082,ขวด,คอมพิวเตอร์,2026-07
31/7/2026,Canon GI-71 M,490.00,1,490.00,กลุ่มงานบริการด้านปฐมภูมิและองค์รวม,523,,ค0083,ขวด,คอมพิวเตอร์,2026-07
31/7/2026,Canon GI-71 Y,490.00,1,490.00,กลุ่มงานบริการด้านปฐมภูมิและองค์รวม,523,,ค0084,ขวด,คอมพิวเตอร์,2026-07
31/7/2026,Canon GI-71 BK,550.00,1,550.00,กลุ่มงานเภสัชกรรมและคุ้มครองผู้บริโภค,524,,ค0081,ขวด,คอมพิวเตอร์,2026-07
20/7/2026,TONER HP 30 A,1250.00,1,"1,250.00",กลุ่มงานประกันสุขภาพยุทธศาสตร์,525,,ค0041,ตลับ,คอมพิวเตอร์,2026-07
24/7/2026,กล่องลิ้นชักใส่เอกสาร 3 - 7 ชั้น,45.00,2,90.00,กลุ่มงานประกันสุขภาพยุทธศาสตร์,526,,ส0036,ใบ,สำนักงาน,2026-07
24/7/2026,ยางลบ,6.00,3,18.00,กลุ่มงานประกันสุขภาพยุทธศาสตร์,526,,ส0168,ก้อน,สำนักงาน,2026-07
24/7/2026,ลูกแม็กซ์ เบอร์ 3,25.00,3,75.00,กลุ่มงานประกันสุขภาพยุทธศาสตร์,526,,ส0174,กล่อง,สำนักงาน,2026-07
24/7/2026,กระดาษ A4 80 แกรม (สีขาว),130.00,5,650.00,กลุ่มงานประกันสุขภาพยุทธศาสตร์,526,,ส0009,รีม,สำนักงาน,2026-07
24/7/2026,ขี้ผึ้งนับแบงค์,40.00,2,80.00,กลุ่มงานบริหารทั่วไป,527,,ส0051,ตลับ,สำนักงาน,2026-07
24/7/2026,ปากกาลบคำผิดแบบเทป,59.00,12,708.00,กลุ่มงานบริหารทั่วไป,527,,ส0127,อัน,สำนักงาน,2026-07
24/7/2026,ภาพพระบรมฉายาลักษณ์พระพันปีหลวง,75.00,1,75.00,กลุ่มงานบริหารทั่วไป,527,,ส0214,รูป,สำนักงาน,2026-07
24/7/2026,หมึกเครื่องถ่ายเอกสาร Canon NPG-95 BK,2750.00,4,"11,000.00",กลุ่มงานบริหารทั่วไป,527,,ส0202,หลอด,สำนักงาน,2026-07
24/7/2026,คลิบหนีบ 2 ขา สีดำ เบอร์ 112,23.00,24,552.00,กลุ่มงานบริหารทั่วไป,527,,ส0059,กล่อง,สำนักงาน,2026-07
24/7/2026,ยางลบ,6.00,3,18.00,กลุ่มงานบริหารทั่วไป,527,,ส0168,ก้อน,สำนักงาน,2026-07
24/7/2026,มีดคัทเตอร์ เล็ก,35.00,1,35.00,กลุ่มงานบริหารทั่วไป,527,,ส0161,เล่ม,สำนักงาน,2026-07
31/7/2026,สายคล้องบัตร,115.00,100,"11,500.00",กลุ่มงานบริหารทั่วไป (โสต),528,,ส0196,เส้น,สำนักงาน,2026-07
31/7/2026,หลอด LED,203.30,120,"24,396.00",กลุ่มงานบริหารทั่วไป (ซ่อมบำรุง),529,,ฟ0144,หลอด,ไฟฟ้า,2026-07
31/7/2026,หลอดไฟนีออน LED,158.36,20,"3,167.20",กลุ่มงานบริหารทั่วไป (ซ่อมบำรุง),529,,ฟ0146,หลอด,ไฟฟ้า,2026-07
31/7/2026,ปลั๊กราง ยาว 3 เมตร,350.00,1,350.00,กลุ่มงานบริหารทั่วไป (ซ่อมบำรุง),529,,ฟ0078,อัน,ไฟฟ้า,2026-07
31/7/2026,ปลั๊กราง ยาว 5 เมตร,395.00,1,395.00,กลุ่มงานบริหารทั่วไป (ซ่อมบำรุง),529,,ฟ0079,อัน,ไฟฟ้า,2026-07
31/7/2026,ถุงซิปใส ขนาด 10*15 ซม.,145.00,50,"7,250.00",กลุ่มงานเภสัชกรรมและคุ้มครองผู้บริโภค,530,,ย0003,กก.,วัสดุอื่น(ซองยา),2026-07
31/7/2026,ถุงมือผ้า(งานบ้านงานครัว),12.00,12,144.00,กลุ่มงานบริหารทั่วไป (งานสนาม),531,,ง0255,คูุ่,งานบ้านงานครัว,2026-07
31/7/2026,ยาตราปู,60.00,1,60.00,กลุ่มงานบริหารทั่วไป (งานสนาม),531,,ง0253,กล่อง,งานบ้านงานครัว,2026-07
31/7/2026,"สเปรย์ฉีดแมลง,ยุง",105.00,6,630.00,กลุ่มงานบริหารทั่วไป (งานสนาม),531,,ง0206,กระป๋อง,งานบ้านงานครัว,2026-07
31/7/2026,กล่องพลาสติกมีฝาปิด(มีล้อ) ขนาดใหญ่,450.00,4,"1,800.00",กลุ่มงานบริหารทั่วไป,532,,ง0011,ใบ,งานบ้านงานครัว,2026-07
31/7/2026,กาวดักหนู,55.00,2,110.00,กลุ่มงานบริหารทั่วไป,532,,ง0019,ชิ้น,งานบ้านงานครัว,2026-07
31/7/2026,ยาตราปู,60.00,1,60.00,กลุ่มงานบริหารทั่วไป,532,,ง0253,กล่อง,งานบ้านงานครัว,2026-07
31/7/2026,ผ้าหลาพิมพ์ลาย,156.62,19,"2,975.78",กลุ่มงานบริหารทั่วไป,532,,ง0244,เมตร,งานบ้านงานครัว,2026-07
31/7/2026,"สเปรย์ฉีดแมลง,ยุง",105.00,2,210.00,กลุ่มงานบริหารทั่วไป,532,,ง0206,กระป๋อง,งานบ้านงานครัว,2026-07
31/7/2026,ฟองน้ำพร้อมสก็อตไบรท์,25.00,12,300.00,กลุ่มงานบริหารทั่วไป,532,,ง0179,แผ่น,งานบ้านงานครัว,2026-07
31/7/2026,ฟองน้ำเอนกประสงค์,5.00,12,60.00,กลุ่มงานบริหารทั่วไป,532,,ง0181,แผ่น,งานบ้านงานครัว,2026-07
31/7/2026,น้ำยาล้างจาน (บรรจุ 3.8 ลิตร),195.00,2,390.00,กลุ่มงานบริหารทั่วไป (งานสนาม),531,,ง0135,แกลลอน,งานบ้านงานครัว,2026-07
31/7/2026,แก๊สหุงต้ม ขนาด 48 กก.,1370.00,4,"5,480.00",งานการพยาบาลหน่วยควบคุมการติดเชื้อและงานจ่ายกลาง,533,,ง0023,ถัง,งานบ้านงานครัว,2026-07
31/7/2026,น้ำยาซักผ้าขาวและผ้าสี (บรรจุ 20 ลิตร),2003.58,5,"10,017.90",งานการพยาบาลหน่วยควบคุมการติดเชื้อและงานจ่ายกลาง,533,,ง0131,ถัง,งานบ้านงานครัว,2026-07
31/7/2026,น้ำยาปรับผ้านุ่ม (บรรจุ 20 ลิตร),674.10,5,"3,370.50",งานการพยาบาลหน่วยควบคุมการติดเชื้อและงานจ่ายกลาง,533,,ง0129,ถัง,งานบ้านงานครัว,2026-07
31/7/2026,ท่อย่นน้ำทิ้ง,85.00,5,425.00,กลุ่มงานบริหารทั่วไป (งานสนาม),534,,ป0024,เส้น,ประปา,2026-07
31/7/2026,น้ำยาประสานท่อ,168.00,3,504.00,กลุ่มงานบริหารทั่วไป (งานสนาม),534,,ป0027,กระป๋อง,ประปา,2026-07
31/7/2026,มินิบอลวาล์ว 3 ทาง,120.00,5,600.00,กลุ่มงานบริหารทั่วไป (งานสนาม),534,,ป0041,ชุด,ประปา,2026-07
31/7/2026,หัวสายฉีดชำระ,99.00,10,990.00,กลุ่มงานบริหารทั่วไป (งานสนาม),534,,ป0081,อัน,ประปา,2026-07
31/7/2026,ชุดกระจก 3 ชิ้น,259.00,3,777.00,กลุ่มงานบริหารทั่วไป (งานสนาม),534,,ป0085,ชุด,ประปา,2026-07
31/7/2026,ข้องอ 1 1/2 (ประปา),5.00,10,50.00,กลุ่มงานบริหารทั่วไป (งานสนาม),534,,ป0111,ชิ้น,ประปา,2026-07
31/7/2026,กระเบื้องปูพื้น,31.84,12,382.08,กลุ่มงานบริหารทั่วไป (ซ่อมบำรุง),535,,ก0006,กล่อง,วัสดุก่อสร้าง,2026-07
31/7/2026,ชุดลูกกลิ้งทาสี,75.00,3,225.00,กลุ่มงานบริหารทั่วไป (ซ่อมบำรุง),535,,ก0061,ชุด,วัสดุก่อสร้าง,2026-07
31/7/2026,ทินเนอร์,1340.00,1,"1,340.00",กลุ่มงานบริหารทั่วไป (ซ่อมบำรุง),535,,ก0106,กระป๋อง,วัสดุก่อสร้าง,2026-07
31/7/2026,แปรงทาสี,70.00,3,210.00,กลุ่มงานบริหารทั่วไป (ซ่อมบำรุง),535,,ก0157,อัน,วัสดุก่อสร้าง,2026-07
31/7/2026,ไม้อัด,390.00,25,"9,750.00",กลุ่มงานบริหารทั่วไป (ซ่อมบำรุง),535,,ก0184,แผ่น,วัสดุก่อสร้าง,2026-07
31/7/2026,ลวดเชื่อม,159.00,2,318.00,กลุ่มงานบริหารทั่วไป (ซ่อมบำรุง),535,,ก0193,กล่อง,วัสดุก่อสร้าง,2026-07
31/7/2026,สีเคลือบเงา,960.00,3,"2,880.00",กลุ่มงานบริหารทั่วไป (ซ่อมบำรุง),535,,ก0231,แกลลอน,วัสดุก่อสร้าง,2026-07
31/7/2026,สีน้ำอะคิริค,2495.00,1,"2,495.00",กลุ่มงานบริหารทั่วไป (ซ่อมบำรุง),535,,ก0236,ถัง,วัสดุก่อสร้าง,2026-07
31/7/2026,กาวซีเมนต์,219.00,1,219.00,กลุ่มงานบริหารทั่วไป (ซ่อมบำรุง),535,,ก0302,ถุง,วัสดุก่อสร้าง,2026-07
31/7/2026,แม่สี,349.34,3,"1,048.02",กลุ่มงานบริหารทั่วไป (ซ่อมบำรุง),535,,ก0303,แกลลอน,วัสดุก่อสร้าง,2026-07
31/7/2026,แม่สี,827.59,1,827.59,กลุ่มงานบริหารทั่วไป (ซ่อมบำรุง),535,,ก0303,แกลลอน,วัสดุก่อสร้าง,2026-07
31/7/2026,กระเบื้องปูผนัง,22.90,90,"2,061.00",กลุ่มงานบริหารทั่วไป (ซ่อมบำรุง),535,,ก0327,แผ่น,วัสดุก่อสร้าง,2026-07
31/7/2026,ดูร่าวัน บอร์ด ขอบเรียบ,207.35,2,414.70,กลุ่มงานบริหารทั่วไป (ซ่อมบำรุง),535,,ก0338,แผ่น,วัสดุก่อสร้าง,2026-07
31/7/2026,โครงลูกกลิ้ง,75.00,4,300.00,กลุ่มงานบริหารทั่วไป (ซ่อมบำรุง),535,,ก0339,อัน,วัสดุก่อสร้าง,2026-07
31/7/2026,ลูกบ็อก 12 เหลี่ยม,55.00,1,55.00,กลุ่มงานบริหารทั่วไป (ซ่อมบำรุง),535,,ก0340,ชิ้น,วัสดุก่อสร้าง,2026-07
31/7/2026,คีมปากตรงหุ้มฉนวน,340.00,1,340.00,กลุ่มงานบริหารทั่วไป (ซ่อมบำรุง),535,,ก0341,อัน,วัสดุก่อสร้าง,2026-07
31/7/2026,ผ้าใบพลาสติก,359.00,1,359.00,กลุ่มงานบริหารทั่วไป (ซ่อมบำรุง),535,,ก0342,ผืน,วัสดุก่อสร้าง,2026-07
31/7/2026,เบเยอร์ซิลด์ (ทุกสี),880.00,1,880.00,กลุ่มงานบริหารทั่วไป (ซ่อมบำรุง),535,,ก0343,แกลลอน,วัสดุก่อสร้าง,2026-07
31/7/2026,น้ำมันเครื่อง ไดเกียว 2T 1ลิตร,150.00,11,"1,650.00",กลุ่มงานบริหารทั่วไป (งานสนาม),536,,เก0030,ชิ้น,วัสดุการเกษตร,2026-07
31/7/2026,ใบมีดตัดหญ้า,195.00,2,390.00,กลุ่มงานบริหารทั่วไป (งานสนาม),536,,เก0032,ใบ,วัสดุการเกษตร,2026-07
31/7/2026,ปุ๋ย,960.00,1,960.00,กลุ่มงานบริหารทั่วไป (งานสนาม),536,,เก0035,ถุง,วัสดุการเกษตร,2026-07
31/7/2026,ลานสตาร์ท,450.00,1,450.00,กลุ่มงานบริหารทั่วไป (งานสนาม),536,,เก0048,อัน,วัสดุการเกษตร,2026-07
31/7/2026,สายน้ำมัน,50.00,3,150.00,กลุ่มงานบริหารทั่วไป (งานสนาม),536,,เก0057,เส้น,วัสดุการเกษตร,2026-07
31/7/2026,หัวเทียน,50.00,6,300.00,กลุ่มงานบริหารทั่วไป (งานสนาม),536,,เก0063,หัว,วัสดุการเกษตร,2026-07
31/7/2026,เอ็นตัดหญ้า,300.00,2,600.00,กลุ่มงานบริหารทั่วไป (งานสนาม),536,,เก0064,ม้วน,วัสดุการเกษตร,2026-07
31/7/2026,ผ้ากันเปื้อนPVC 90x115 ซม.,170.00,2,340.00,กลุ่มงานบริหารทั่วไป (งานสนาม),536,,เก0072,อัน,วัสดุการเกษตร,2026-07
31/7/2026,ข้อต่อตรงเกลียวนอก (เกษตร),9.50,2,19.00,กลุ่มงานบริหารทั่วไป (งานสนาม),536,,เก0073,ชิ้น,วัสดุการเกษตร,2026-07
31/7/2026,เช็ควาล์วสวิงทองเหลือง 1 นิ้ว,329.00,1,329.00,กลุ่มงานบริหารทั่วไป (งานสนาม),536,,เก0074,ตัว,วัสดุการเกษตร,2026-07
31/7/2026,สูทรับน้ำหนักเครื่องตัดหญ้า,223.00,2,446.00,กลุ่มงานบริหารทั่วไป (งานสนาม),536,,เก0075,ชิ้น,วัสดุการเกษตร,2026-07
31/7/2026,หางเครื่องตัดหญ้า,1000.00,1,"1,000.00",กลุ่มงานบริหารทั่วไป (งานสนาม),536,,เก0076,อัน,วัสดุการเกษตร,2026-07
31/7/2026,จารบี(การเกษตร),110.00,1,110.00,กลุ่มงานบริหารทั่วไป (งานสนาม),536,,เก0077,กระป๋อง,วัสดุการเกษตร,2026-07
1/7/2026,น้ำมันดีเซล,39.06,408,"15,930.30",กลุ่มงานบริหารทั่วไป (ยานพาหนะ),537,,ช0001,ลิตร,เชื้อเพลิง,2026-07
1/7/2026,น้ำมันดีเซล,37.76,851,"32,123.20",กลุ่มงานบริหารทั่วไป (ยานพาหนะ),537,,ช0001,ลิตร,เชื้อเพลิง,2026-07
16/7/2026,น้ำมันดีเซล,37.76,818,"30,895.00",กลุ่มงานบริหารทั่วไป (ยานพาหนะ),538,,ช0001,ลิตร,เชื้อเพลิง,2026-07
16/7/2026,น้ำมันดีเซล,35.20,716,"25,191.80",กลุ่มงานบริหารทั่วไป (ยานพาหนะ),538,,ช0001,ลิตร,เชื้อเพลิง,2026-07
16/7/2026,น้ำมันเบนซิน,37.71,60,"2,262.62",กลุ่มงานบริหารทั่วไป (ยานพาหนะ),538,,ช0002,ลิตร,เชื้อเพลิง,2026-07
31/7/2026,Smart Card Reader W/USB Cable,1290.00,2,"2,580.00",กลุ่มงานสุขภาพดิจิตอล,539,,ค0033,ชิ้น,คอมพิวเตอร์,2026-07
31/7/2026,กล้องWebcam,7990.00,4,"31,960.00",กลุ่มงานสุขภาพดิจิตอล,539,,ค0080,ตัว,คอมพิวเตอร์,2026-07
31/7/2026,เครื่องอ่านลายนิ้วมือ,7000.00,4,"28,000.00",กลุ่มงานสุขภาพดิจิตอล,539,,ค0079,เครื่อง,คอมพิวเตอร์,2026-07
10/11/2025,ชุดกาวน์แขนสั้ั้น(ต),750.00,10,"7,500.00",งานการพยาบาลหน่วยควบคุมการติดเชื้อและงานจ่ายกลาง,78,,ต0027,ชุด,วัสดุเครื่องแต่งกาย,2025-11
10/11/2025,ชุดกาวน์แขนยาวขนาดใหญ่(ต),900.00,10,"9,000.00",งานการพยาบาลหน่วยควบคุมการติดเชื้อและงานจ่ายกลาง,78,,ต0028,ชุด,วัสดุเครื่องแต่งกาย,2025-11
8/5/2026,ปลอกหุ้มหางปลา(ดำ),3.75,4,15.00,กลุ่มงานบริหารทั่วไป (ซ่อมบำรุง),413,,ฟ0178,อัน,ไฟฟ้า,2026-05
8/5/2026,ปลอกหุ้มหางปลา(เทา),3.75,4,15.00,กลุ่มงานบริหารทั่วไป (ซ่อมบำรุง),413,,ฟ0179,อัน,ไฟฟ้า,2026-05
8/5/2026,ปลอกหุ้มหางปลา(ฟ้า),3.75,4,15.00,กลุ่มงานบริหารทั่วไป (ซ่อมบำรุง),413,,ฟ0180,อัน,ไฟฟ้า,2026-05
3/8/2026,ถุงซิปใส ขนาด 13*20 ซม.,145.00,60,"8,700.00",กลุ่มงานเภสัชกรรมและคุ้มครองผู้บริโภค,540,,ย0004,กก.,วัสดุอื่น(ซองยา),2026-08
3/8/2026,ถุงซิปใส ขนาด 8*12 ซม.,145.00,5,725.00,กลุ่มงานเภสัชกรรมและคุ้มครองผู้บริโภค,540,,ย0008,กก.,วัสดุอื่น(ซองยา),2026-08
3/8/2026,กระดาษชำระม้วนใหญ่,107.00,3,321.00,กลุ่มงานเภสัชกรรมและคุ้มครองผู้บริโภค,541,,ง0007,ม้วน,งานบ้านงานครัว,2026-08
3/8/2026,กระดาษเช็ดมือ,61.97,12,743.64,งานการพยาบาลผู้ป่วยใน,544,,ง0008,ห่อ,งานบ้านงานครัว,2026-08
3/8/2026,กระดาษเช็ดมือ,61.97,10,619.70,กลุ่มงานเภสัชกรรมและคุ้มครองผู้บริโภค,541,,ง0008,ห่อ,งานบ้านงานครัว,2026-08
5/8/2026,ถุงขยะสีดำ ขนาด 16*19 นิ้ว,60.00,5,300.00,กลุ่มงานบริหารทั่วไป,545,,ง0069,แพ็ค,งานบ้านงานครัว,2026-08
5/8/2026,ถุงขยะสีดำ ขนาด 28*36 นิ้ว,60.00,5,300.00,กลุ่มงานบริการด้านปฐมภูมิและองค์รวม,546,,ง0070,แพ็ค,งานบ้านงานครัว,2026-08
5/8/2026,ถุงขยะสีดำ ขนาด 28*36 นิ้ว,60.00,50,"3,000.00",กลุ่มงานบริหารทั่วไป (แม่บ้าน),547,,ง0070,แพ็ค,งานบ้านงานครัว,2026-08
5/8/2026,ถุงขยะสีดำ ขนาด 40*40 นิ้ว,60.00,50,"3,000.00",ห้องบัตร,548,,ง0071,แพ็ค,งานบ้านงานครัว,2026-08
5/8/2026,ถุงขยะใส ขนาด 40*40 นิ้ว,82.00,95,"7,790.00",ห้องบัตร,548,,ง0080,แพ็ค,งานบ้านงานครัว,2026-08
5/8/2026,ถุงขยะสีแดง ขนาด 40*40 นิ้ว,75.00,10,750.00,กลุ่มงานบริหารทั่วไป (แม่บ้าน),547,,ง0076,แพ็ค,งานบ้านงานครัว,2026-08
5/8/2026,ถุงหูหิ้วสีขาว ขนาด 12*20 นิ้ว,70.00,5,350.00,กลุ่มงานบริหารทั่วไป,545,,ง0102,แพ็ค,งานบ้านงานครัว,2026-08
5/8/2026,น้ำยาทำความสะอาดพื้นผิว (บรรจุ 3.8 ลิตร),321.00,3,963.00,กลุ่มงานบริหารทั่วไป (แม่บ้าน),547,,ง0128,แกลลอน,งานบ้านงานครัว,2026-08
5/8/2026,สบู่เหลวล้างมือ (บรรจุ 3.8 ลิตร),321.00,3,963.00,กลุ่มงานบริหารทั่วไป (แม่บ้าน),547,,ง0204,แกลลอน,งานบ้านงานครัว,2026-08
5/8/2026,สบู่เหลวล้างมือ (แบบขวด),192.60,1,192.60,กลุ่มงานบริหารทั่วไป (แม่บ้าน),547,,ง0205,ขวด,งานบ้านงานครัว,2026-08
7/8/2026,"กระดาษเทอมอล 110*80 ซม.(ER,OPD,LAB)",4900.00,1,"4,900.00",งานการพยาบาลผู้ป่วยอุบัติเหตุฉุกเฉินและนิติเวช,543,,ส0022,ม้วน,สำนักงาน,2026-08
3/8/2026,สติ๊กเกอร์ไดเร็คเทอมอล 8.5*6 ซม.(เภสัช),0.28,"156,000","43,680.00",กลุ่มงานเภสัชกรรมและคุ้มครองผู้บริโภค,542,,ส0183,ลัง,สำนักงาน,2026-08
14/8/2026,INK FOR EPSON T00V100(003) (BK),450.00,1,450.00,งานการพยาบาลผู้ป่วยใน,549,,ค0017,ขวด,คอมพิวเตอร์,2026-08
3/8/2026,TONER HP 79A,790.00,1,790.00,กลุ่มงานบริหารทั่วไป,550,,ค0077,ตลับ,คอมพิวเตอร์,2026-08
14/8/2026,หมึก CANON PGI-750 PGBK,890.00,1,890.00,กลุ่มงานบริหารทั่วไป (โสต),551,,ค0053,ขวด,คอมพิวเตอร์,2026-08
14/8/2026,TONER HP 79A,790.00,1,790.00,กลุ่มงานบริหารทั่วไป,554,,ค0077,ตลับ,คอมพิวเตอร์,2026-08
14/8/2026,TONER HP 76A,1590.00,1,"1,590.00",กลุ่มงานบริหารทั่วไป,554,,ค0042,ตลับ,คอมพิวเตอร์,2026-08
14/8/2026,TONER HP 76A,1590.00,1,"1,590.00",กลุ่มงานเภสัชกรรมและคุ้มครองผู้บริโภค,552,,ค0042,ตลับ,คอมพิวเตอร์,2026-08
14/8/2026,TONER HP 30 A,1250.00,1,"1,250.00",กลุ่มงานสุขภาพดิจิตอล,553,,ค0041,ตลับ,คอมพิวเตอร์,2026-08
7/8/2026,ใบ Copy Order 22*29.5 ซม.,2100.00,2,"4,200.00",งานการพยาบาลผู้ป่วยอุบัติเหตุฉุกเฉินและนิติเวช,543,,ส0113,ชุด,สำนักงาน,2026-08
17/8/2026,กระดาษ A4 80 แกรม (สีขาว),130.00,25,"3,250.00",กลุ่มงานการพยาบาล(วัสดุการแพทย์),555,,ส0009,รีม,สำนักงาน,2026-08
17/8/2026,กระดาษ A4 80 แกรม (สีขาว),130.00,25,"3,250.00",กลุ่มงานเภสัชกรรมและคุ้มครองผู้บริโภค,556,,ส0009,รีม,สำนักงาน,2026-08
7/8/2026,RIBBON FOR EPSON LQ 310/630,250.00,1,250.00,กลุ่มงานเภสัชกรรมและคุ้มครองผู้บริโภค,552,,ค0028,ตลับ,คอมพิวเตอร์,2026-08
3/8/2026,ถุงขยะสีแดง ขนาด 12*20 นิ้ว (พิมพ์ลาย),75.00,5,375.00,งานการพยาบาลผู้ป่วยใน,544,,ง0072,แพ็ค,งานบ้านงานครัว,2026-08
19/8/2026,หมึก HP GT53 BK,390.00,2,780.00,กลุ่มงานสุขภาพดิจิตอล,572,,ค0061,ขวด,คอมพิวเตอร์,2026-08
19/8/2026,Canon GI-71 BK,550.00,1,550.00,กลุ่มงานบริหารทั่วไป,573,,ค0081,ขวด,คอมพิวเตอร์,2026-08
19/8/2026,Canon GI-71 C,490.00,1,490.00,กลุ่มงานบริหารทั่วไป,573,,ค0082,ขวด,คอมพิวเตอร์,2026-08
19/8/2026,Canon GI-71 M,490.00,1,490.00,กลุ่มงานบริหารทั่วไป,573,,ค0083,ขวด,คอมพิวเตอร์,2026-08
19/8/2026,Canon GI-71 Y,490.00,1,490.00,กลุ่มงานบริหารทั่วไป,573,,ค0084,ขวด,คอมพิวเตอร์,2026-08
19/8/2026,ถุงซิปใส ขนาด 13*20 ซม.,145.00,25,"3,625.00",กลุ่มงานเภสัชกรรมและคุ้มครองผู้บริโภค,574,,ย0004,กก.,วัสดุอื่น(ซองยา),2026-08
19/8/2026,ถุงซิปใส ขนาด 15*23 ซม.,150.00,70,"10,500.00",กลุ่มงานเภสัชกรรมและคุ้มครองผู้บริโภค,574,,ย0005,กก.,วัสดุอื่น(ซองยา),2026-08
24/8/2026,TONER HP 79A,790.00,1,790.00,กลุ่มงานบริหารทั่วไป,575,,ค0077,ตลับ,คอมพิวเตอร์,2026-08
25/8/2026,กระดาษ A4 80 แกรม (ทุกสี),240.00,1,240.00,งานการพยาบาลผู้ป่วยอุบัติเหตุฉุกเฉินและนิติเวช,576,,ส0008,รีม,สำนักงาน,2026-08
28/8/2026,ถุงขยะสีแดง ขนาด 16*28 นิ้ว (พิมพ์ลาย),100.00,5,500.00,งานการพยาบาลผู้คลอด,564,,ง0074,แพ็ค,งานบ้านงานครัว,2026-08
28/8/2026,ถุงขยะสีดำ ขนาด 16*19 นิ้ว,60.00,5,300.00,งานการพยาบาลผู้คลอด,564,,ง0069,แพ็ค,งานบ้านงานครัว,2026-08
28/8/2026,ถุงขยะสีดำ ขนาด 28*36 นิ้ว,60.00,5,300.00,กลุ่มงานบริการด้านปฐมภูมิและองค์รวม,565,,ง0070,แพ็ค,งานบ้านงานครัว,2026-08
28/8/2026,ถุงขยะสีดำ ขนาด 16*19 นิ้ว,60.00,5,300.00,กลุ่มงานบริการด้านปฐมภูมิและองค์รวม,565,,ง0069,แพ็ค,งานบ้านงานครัว,2026-08
28/8/2026,กระดาษ A4 80 แกรม (สีขาว),130.00,10,"1,300.00",กลุ่มงานบริการด้านปฐมภูมิและองค์รวม,559,,ส0009,รีม,สำนักงาน,2026-08
28/8/2026,กระดาษ A4 80 แกรม (สีขาว),130.00,15,"1,950.00",กลุ่มงานประกันสุขภาพยุทธศาสตร์,557,,ส0009,รีม,สำนักงาน,2026-08
28/8/2026,กระดาษ A4 80 แกรม (สีขาว),130.00,5,650.00,กลุ่มงานการพยาบาล,560,,ส0009,รีม,สำนักงาน,2026-08
28/8/2026,กระดาษ A4 80 แกรม (สีขาว),130.00,5,650.00,งานการพยาบาลผู้ป่วยนอก,558,,ส0009,รีม,สำนักงาน,2026-08
28/8/2026,ถุงหูหิ้วสีขาว ขนาด 12*20 นิ้ว,70.00,10,700.00,งานการพยาบาลผู้ป่วยใน,568,,ง0102,แพ็ค,งานบ้านงานครัว,2026-08
28/8/2026,กระดาษ A4 80 แกรม (สีขาว),130.00,20,"2,600.00",งานการพยาบาลผู้ป่วยใน,561,,ส0009,รีม,สำนักงาน,2026-08
3/8/2026,น้ำมันดีเซล,35.20,496,"17,452.51",กลุ่มงานบริหารทั่วไป (ยานพาหนะ),577,,ช0001,ลิตร,เชื้อเพลิง,2026-08
3/8/2026,น้ำมันดีเซล,36.05,103,"3,700.53",กลุ่มงานบริหารทั่วไป (ยานพาหนะ),577,,ช0001,ลิตร,เชื้อเพลิง,2026-08
3/8/2026,น้ำมันดีเซล,36.96,1,36.96,กลุ่มงานบริหารทั่วไป (ยานพาหนะ),577,,ช0001,ลิตร,เชื้อเพลิง,2026-08
3/8/2026,น้ำมันดีเซล,36.95,526,"19,439.40",กลุ่มงานบริหารทั่วไป (ยานพาหนะ),577,,ช0001,ลิตร,เชื้อเพลิง,2026-08
28/8/2026,กระดาษชำระม้วนใหญ่,107.00,24,"2,568.00",กลุ่มงานบริหารทั่วไป (แม่บ้าน),563,,ง0007,ม้วน,งานบ้านงานครัว,2026-08
28/8/2026,ถุงขยะสีดำ ขนาด 28*36 นิ้ว,60.00,75,"4,500.00",กลุ่มงานบริหารทั่วไป (แม่บ้าน),563,,ง0070,แพ็ค,งานบ้านงานครัว,2026-08
28/8/2026,กาว 2 หน้า หนา,275.00,5,"1,375.00",กลุ่มงานเภสัชกรรมและคุ้มครองผู้บริโภค,578,,ส0044,ม้วน,สำนักงาน,2026-08
28/8/2026,กาว 2 หน้า บาง,20.00,2,40.00,กลุ่มงานเภสัชกรรมและคุ้มครองผู้บริโภค,578,,ส0043,ม้วน,สำนักงาน,2026-08
28/8/2026,ซองขาว,1.00,50,50.00,งานการพยาบาลผู้ป่วยใน,561,,ส0069,ซอง,สำนักงาน,2026-08
28/8/2026,สมุดเบอร์ 2,60.00,6,360.00,งานการพยาบาลผู้ป่วยใน,561,,ส0191,เล่ม,สำนักงาน,2026-08
28/8/2026,ดินสอ,3.00,12,36.00,งานการพยาบาลผู้ป่วยใน,561,,ส0075,แท่ง,สำนักงาน,2026-08
28/8/2026,โพสอิท (สติ๊กเกอร์โน๊ต) ชิ้นเล็ก ๆ,39.00,1,39.00,งานการพยาบาลผู้ป่วยใน,561,,ส0146,แพ็ค,สำนักงาน,2026-08
28/8/2026,ลูกแม็กซ์ เบอร์ 10,15.00,5,75.00,งานการพยาบาลผู้ป่วยใน,561,,ส0173,กล่อง,สำนักงาน,2026-08
28/8/2026,ลูกแม็กซ์ เบอร์ 3,25.00,3,75.00,งานการพยาบาลผู้ป่วยใน,561,,ส0174,กล่อง,สำนักงาน,2026-08
28/8/2026,กระดาษเช็ดมือ,61.97,15,929.55,งานการพยาบาลผู้ป่วยใน,568,,ง0008,ห่อ,งานบ้านงานครัว,2026-08
28/8/2026,ฝอยเหล็ก,25.00,5,125.00,งานการพยาบาลผู้ป่วยใน,568,,ง0175,ก้อน,งานบ้านงานครัว,2026-08
28/8/2026,ไฟฉายแบบชาร์จ,175.00,3,525.00,งานการพยาบาลผู้ป่วยใน,568,,ง0182,กระบอก,งานบ้านงานครัว,2026-08
28/8/2026,น้ำยาขจัดกลิ่นฆ่าเชื้อเอนกประสงค์ (บรรจุ 3.8 ลิตร),450.00,3,"1,350.00",งานการพยาบาลผู้ป่วยใน,568,,ง0116,แกลลอน,งานบ้านงานครัว,2026-08
28/8/2026,น้ำยาล้างจาน (บรรจุ 3.8 ลิตร),195.00,1,195.00,งานการพยาบาลผู้ป่วยใน,568,,ง0135,แกลลอน,งานบ้านงานครัว,2026-08
28/8/2026,กระดาษเช็ดมือ,62.02,2,124.04,งานการพยาบาลผู้ป่วยนอก,562,,ง0008,ห่อ,งานบ้านงานครัว,2026-08
28/8/2026,ถังขยะชนิดเหยียบ ขนาด 18 ลิตร,390.00,1,390.00,งานการพยาบาลผู้ป่วยนอก,562,,ง0053,ใบ,งานบ้านงานครัว,2026-08
28/8/2026,สเปรย์ปรับอากาศ-ดับกลิ่น,135.00,2,270.00,งานการพยาบาลผู้ป่วยนอก,562,,ง0207,กระป๋อง,งานบ้านงานครัว,2026-08
28/8/2026,"สเปรย์ฉีดแมลง,ยุง",105.00,1,105.00,งานการพยาบาลผู้ป่วยนอก,562,,ง0206,กระป๋อง,งานบ้านงานครัว,2026-08
28/8/2026,ถ่าน ขนาด AA (อัลคาไลน์),25.00,40,"1,000.00",งานการพยาบาลผู้ป่วยนอก,562,,ง0064,ก้อน,งานบ้านงานครัว,2026-08
28/8/2026,กรรไกร,85.00,2,170.00,งานการพยาบาลผู้ป่วยนอก,558,,ส0002,เล่ม,สำนักงาน,2026-08
28/8/2026,ปากกาลบคำผิดแบบเทป,59.00,3,177.00,งานการพยาบาลผู้ป่วยนอก,558,,ส0127,อัน,สำนักงาน,2026-08
28/8/2026,ลูกแม็กซ์ เบอร์ 10,15.00,20,300.00,งานการพยาบาลผู้ป่วยนอก,558,,ส0173,กล่อง,สำนักงาน,2026-08
28/8/2026,ลวดเสียบกระดาษ,12.00,20,240.00,งานการพยาบาลผู้ป่วยนอก,558,,ส0171,กล่อง,สำนักงาน,2026-08
28/8/2026,ถังขยะชนิดเหยียบ ขนาด 18 ลิตร,390.00,1,390.00,กลุ่มงานการแพทย์แผนไทยและการแพทย์ทางเลือก,570,,ง0053,ใบ,งานบ้านงานครัว,2026-08
28/8/2026,คลิบหนีบ 2 ขา สีดำ เบอร์ 108,90.00,1,90.00,กลุ่มงานการพยาบาล,560,,ส0055,กล่อง,สำนักงาน,2026-08
28/8/2026,คลิบหนีบ 2 ขา สีดำ เบอร์ 110,45.00,1,45.00,กลุ่มงานการพยาบาล,560,,ส0057,กล่อง,สำนักงาน,2026-08
28/8/2026,เทปใส 1 นิ้ว,40.00,1,40.00,กลุ่มงานการพยาบาล,560,,ส0095,ม้วน,สำนักงาน,2026-08
28/8/2026,"ปากกาไวท์บอร์ด ( ดำ,แดง,น้ำเงิน )",22.00,1,22.00,กลุ่มงานการพยาบาล,560,,ส0128,ด้าม,สำนักงาน,2026-08
28/8/2026,โพสอิท (สติ๊กเกอร์โน๊ต) สี่เหลี่ยม,39.00,1,39.00,กลุ่มงานการพยาบาล,560,,ส0147,แพ็ค,สำนักงาน,2026-08
28/8/2026,ปากกาเขียนครุภัณฑ์,55.00,4,220.00,กลุ่มงานการพยาบาล,560,,ส0124,ด้าม,สำนักงาน,2026-08
28/8/2026,กระดาษเช็ดมือ,61.97,6,371.82,กลุ่มงานเทคนิคการแพทย์,567,,ง0008,ห่อ,งานบ้านงานครัว,2026-08
28/8/2026,เจลก้อนหอม,100.00,3,300.00,กลุ่มงานเทคนิคการแพทย์,567,,ง0016,ก้อน,งานบ้านงานครัว,2026-08
28/8/2026,ไม้จิ้มฟัน,15.00,5,75.00,กลุ่มงานเทคนิคการแพทย์,567,,ง0188,ห่อ,งานบ้านงานครัว,2026-08
28/8/2026,ปากกาลบคำผิดแบบเทป,59.00,5,295.00,กลุ่มงานประกันสุขภาพยุทธศาสตร์,557,,ส0127,อัน,สำนักงาน,2026-08
28/8/2026,กาว 2 หน้า หนา,275.00,1,275.00,กลุ่มงานประกันสุขภาพยุทธศาสตร์,557,,ส0044,ม้วน,สำนักงาน,2026-08
28/8/2026,กาว 2 หน้า บาง,20.00,1,20.00,กลุ่มงานประกันสุขภาพยุทธศาสตร์,557,,ส0043,ม้วน,สำนักงาน,2026-08
28/8/2026,ซองขาว,1.00,50,50.00,กลุ่มงานประกันสุขภาพยุทธศาสตร์,557,,ส0069,ซอง,สำนักงาน,2026-08
28/8/2026,ซองน้ำตาล A4 (ขยายข้าง),5.00,50,250.00,กลุ่มงานประกันสุขภาพยุทธศาสตร์,557,,ส0070,ซอง,สำนักงาน,2026-08
28/8/2026,แม็กซ์ เบอร์ 10,245.00,1,245.00,กลุ่มงานประกันสุขภาพยุทธศาสตร์,557,,ส0163,ตัว,สำนักงาน,2026-08
28/8/2026,"ปากกาไวท์บอร์ด ( ดำ,แดง,น้ำเงิน )",22.00,5,110.00,กลุ่มงานบริการด้านปฐมภูมิและองค์รวม,559,,ส0128,ด้าม,สำนักงาน,2026-08
28/8/2026,กระดาษ A5 80 แกรม (ใบสั่งยา),85.00,3,255.00,กลุ่มงานบริการด้านปฐมภูมิและองค์รวม,559,,ส0013,รีม,สำนักงาน,2026-08
28/8/2026,กระดาษชำระม้วนใหญ่,107.00,4,428.00,กลุ่มงานบริการด้านปฐมภูมิและองค์รวม,565,,ง0007,ม้วน,งานบ้านงานครัว,2026-08
28/8/2026,กระดาษเช็ดมือ,61.97,3,185.91,กลุ่มงานจิตเวชและยาเสพติด,569,,ง0008,ห่อ,งานบ้านงานครัว,2026-08
28/8/2026,เจลก้อนหอม,100.00,2,200.00,กลุ่มงานจิตเวชและยาเสพติด,569,,ง0016,ก้อน,งานบ้านงานครัว,2026-08
28/8/2026,พรมเช็ดเท้า (ผ้า),35.00,2,70.00,กลุ่มงานจิตเวชและยาเสพติด,569,,ง0176,ผืน,งานบ้านงานครัว,2026-08
28/8/2026,"สเปรย์ฉีดแมลง,ยุง",105.00,1,105.00,กลุ่มงานจิตเวชและยาเสพติด,569,,ง0206,กระป๋อง,งานบ้านงานครัว,2026-08
28/8/2026,รองเท้าฟองน้ำ,65.00,1,65.00,กลุ่มงานจิตเวชและยาเสพติด,569,,ง0200,คู่,งานบ้านงานครัว,2026-08
28/8/2026,สเปรย์ปรับอากาศ-ดับกลิ่น,135.00,2,270.00,งานการพยาบาลผู้คลอด,564,,ง0207,กระป๋อง,งานบ้านงานครัว,2026-08
16/8/2026,น้ำมันดีเซล,36.95,734,"27,112.43",กลุ่มงานบริหารทั่วไป (ยานพาหนะ),579,,ช0001,ลิตร,เชื้อเพลิง,2026-08
16/8/2026,น้ำมันดีเซล,37.80,218,"8,233.22",กลุ่มงานบริหารทั่วไป (ยานพาหนะ),579,,ช0001,ลิตร,เชื้อเพลิง,2026-08
16/8/2026,น้ำมันดีเซล,37.95,1,37.95,กลุ่มงานบริหารทั่วไป (ยานพาหนะ),579,,ช0001,ลิตร,เชื้อเพลิง,2026-08
28/8/2026,เบรกเกอร์,150.87,5,754.35,กลุ่มงานบริหารทั่วไป (ซ่อมบำรุง),580,,ฟ0065,ตัว,ไฟฟ้า,2026-08
28/8/2026,คลอรีนน้ำ,920.20,10,"9,202.00",กลุ่มงานบริหารทั่วไป (งานสนาม),581,,ป0016,ลิตร,ประปา,2026-08
28/8/2026,กาวดักหนู,55.00,4,220.00,กลุ่มงานบริหารทั่วไป,582,,ง0019,ชิ้น,งานบ้านงานครัว,2026-08
28/8/2026,แก๊สหุงต้ม ขนาด 48 กก.,1370.00,4,"5,480.00",งานการพยาบาลหน่วยควบคุมการติดเชื้อและงานจ่ายกลาง,583,,ง0023,ถัง,งานบ้านงานครัว,2026-08
28/8/2026,สติ๊กเกอร์สำหรับพิมพ์ วันอายุ ขนาด 4.8*8.16 ซม.,0.85,"24,000","20,400.00",งานการพยาบาลหน่วยควบคุมการติดเชื้อและงานจ่ายกลาง,584,,ส0188,ดวง,สำนักงาน,2026-08
28/8/2026,กาว 2 หน้า หนา,275.00,2,550.00,กลุ่มงานทันตกรรม,585,,ส0044,ม้วน,สำนักงาน,2026-08
28/8/2026,กาวตราช้าง,25.00,2,50.00,กลุ่มงานทันตกรรม,585,,ส0046,หลอด,สำนักงาน,2026-08
28/8/2026,ปากกาเขียน CD,25.00,5,125.00,กลุ่มงานทันตกรรม,585,,ส0123,ด้าม,สำนักงาน,2026-08
28/8/2026,คลิบหนีบ 2 ขา สีดำ เบอร์ 110,45.00,1,45.00,กลุ่มงานทันตกรรม,585,,ส0057,กล่อง,สำนักงาน,2026-08
28/8/2026,เทปใส 1 นิ้ว,40.00,1,40.00,กลุ่มงานทันตกรรม,585,,ส0095,ม้วน,สำนักงาน,2026-08
28/8/2026,ซองน้ำตาล A4 (ไม่ขยายข้าง),5.00,20,100.00,กลุ่มงานบริหารทั่วไป,586,,ส0071,ซอง,สำนักงาน,2026-08
28/8/2026,ปากกาเขียนครุภัณฑ์,55.00,8,440.00,กลุ่มงานบริหารทั่วไป,586,,ส0124,ด้าม,สำนักงาน,2026-08
28/8/2026,"ปากกาเคมี 2 หัว ( ดำ,แดง,น้ำเงิน )",15.00,12,180.00,กลุ่มงานบริหารทั่วไป,586,,ส0125,ด้าม,สำนักงาน,2026-08
28/8/2026,ปากกาเน้นข้อความ,38.00,8,304.00,กลุ่มงานบริหารทั่วไป,586,,ส0126,ด้าม,สำนักงาน,2026-08
1/9/2026,หมึก CANON CLI-751 M,850.00,1,850.00,กลุ่มงานบริหารทั่วไป (โสต),622,,ค0056,ขวด,คอมพิวเตอร์,2026-09
1/9/2026,หมึก CANON CLI-751 C,850.00,1,850.00,กลุ่มงานบริหารทั่วไป (โสต),622,,ค0055,ขวด,คอมพิวเตอร์,2026-09
3/9/2026,INK FOR BROTHER BTD 60 (Black),450.00,1,450.00,กลุ่มงานบริหารทั่วไป,623,,ค0011,ขวด,คอมพิวเตอร์,2026-09
3/9/2026,ถุงซิปใส ขนาด 10*15 ซม.,145.00,10,"1,450.00",กลุ่มงานบริการด้านปฐมภูมิและองค์รวม,624,,ย0003,กก.,วัสดุอื่น(ซองยา),2026-09
9/9/2026,INK FOR CANON GI 790 (BK),390.00,1,390.00,งานการพยาบาลผู้ป่วยอุบัติเหตุฉุกเฉินและนิติเวช,625,,ค0012,ขวด,คอมพิวเตอร์,2026-09
9/9/2026,หมึก CANON CLI-751 Y,790.00,1,790.00,กลุ่มงานบริหารทั่วไป (โสต),626,,ค0057,ขวด,คอมพิวเตอร์,2026-09
9/9/2026,หมึก CANON PGI-750 PGBK,890.00,1,890.00,กลุ่มงานบริหารทั่วไป (โสต),626,,ค0053,ขวด,คอมพิวเตอร์,2026-09
14/9/2026,หมึก HP GT53 BK,550.00,2,"1,100.00",งานการพยาบาลผู้คลอด,627,,ค0061,ขวด,คอมพิวเตอร์,2026-09
14/9/2026,"ใบเสร็จรับเงิน 6*8 ซม.(1,000ใบ/1ลัง/50ลัง)",0.92,"4,000","3,680.00",กลุ่มงานบริหารทั่วไป,600,,ส0120,ลัง,สำนักงาน,2026-09
14/9/2026,เทปกั้นเขตขาว-แดง,65.00,1,65.00,กลุ่มงานบริหารทั่วไป,600,,ส0092,ม้วน,สำนักงาน,2026-09
18/9/2026,TONER HP 85A,790.00,1,790.00,งานการพยาบาลผู้ป่วยอุบัติเหตุฉุกเฉินและนิติเวช,628,,ค0038,ตลับ,คอมพิวเตอร์,2026-09
22/9/2026,Canon GI-71 BK,550.00,1,550.00,กลุ่มงานบริหารทั่วไป,630,,ค0081,ขวด,คอมพิวเตอร์,2026-09
23/9/2026,INK FOR EPSON T00V100(003) (BK),450.00,1,450.00,งานการพยาบาลผู้ป่วยใน,631,,ค0017,ขวด,คอมพิวเตอร์,2026-09
23/9/2026,INK FOR EPSONC13T664100 BK,450.00,1,450.00,งานการพยาบาลผู้ป่วยใน,631,,ค0021,ขวด,คอมพิวเตอร์,2026-09
23/9/2026,INK FOR CANON GI 790 (BK),390.00,1,390.00,งานการพยาบาลผู้ป่วยใน,631,,ค0012,ขวด,คอมพิวเตอร์,2026-09
24/9/2026,หมึก CANON CLI-751 C,850.00,1,850.00,กลุ่มงานบริหารทั่วไป (โสต),632,,ค0055,ขวด,คอมพิวเตอร์,2026-09
24/9/2026,หมึก HP GT53 BK,550.00,1,550.00,กลุ่มงานบริการด้านปฐมภูมิและองค์รวม,633,,ค0061,ขวด,คอมพิวเตอร์,2026-09
24/9/2026,หมึก HP GT52 C,390.00,3,"1,170.00",กลุ่มงานบริการด้านปฐมภูมิและองค์รวม,633,,ค0058,ขวด,คอมพิวเตอร์,2026-09
24/9/2026,หมึก HP GT52 M,390.00,3,"1,170.00",กลุ่มงานบริการด้านปฐมภูมิและองค์รวม,633,,ค0059,ขวด,คอมพิวเตอร์,2026-09
24/9/2026,หมึก HP GT52 Y,390.00,3,"1,170.00",กลุ่มงานบริการด้านปฐมภูมิและองค์รวม,633,,ค0060,ขวด,คอมพิวเตอร์,2026-09
24/9/2026,หมึก HP GT53 BK,390.00,2,780.00,กลุ่มงานบริการด้านปฐมภูมิและองค์รวม,633,,ค0061,ขวด,คอมพิวเตอร์,2026-09
25/9/2026,INK FOR EPSON T00V200(003) (C),450.00,1,450.00,กลุ่มงานการพยาบาล,634,,ค0018,ขวด,คอมพิวเตอร์,2026-09
25/9/2026,INK FOR EPSON T00V100(003) (BK),450.00,1,450.00,กลุ่มงานการพยาบาล,634,,ค0017,ขวด,คอมพิวเตอร์,2026-09
25/9/2026,INK FOR EPSON T00V400(003) (Y),390.00,1,390.00,กลุ่มงานการพยาบาล,634,,ค0020,ขวด,คอมพิวเตอร์,2026-09
25/9/2026,INK FOR EPSON T00V300(003) (M),450.00,1,450.00,กลุ่มงานการพยาบาล,634,,ค0019,ขวด,คอมพิวเตอร์,2026-09
30/9/2026,TONER HP 76A,1590.00,1,"1,590.00",งานการพยาบาลผู้ป่วยนอก,635,,ค0042,ตลับ,คอมพิวเตอร์,2026-09
30/9/2026,เสื้อสะท้อนแสง,267.50,3,802.50,กลุ่มงานบริหารทั่วไป (งานสนาม),637,,ง0255,ตัว,งานบ้านงานครัว,2026-09
30/9/2026,TONER HP 76A,1590.00,1,"1,590.00",กลุ่มงานเภสัชกรรมและคุ้มครองผู้บริโภค,638,,ค0042,ตลับ,คอมพิวเตอร์,2026-09
28/9/2026,ฟองน้ำพร้อมสก็อตไบรท์,20.00,6,120.00,งานการพยาบาลหน่วยควบคุมการติดเชื้อและงานจ่ายกลาง,612,,ง0179,แผ่น,งานบ้านงานครัว,2026-09
28/9/2026,น้ำยาล้างจาน (บรรจุ 3.8 ลิตร),195.00,1,195.00,งานการพยาบาลหน่วยควบคุมการติดเชื้อและงานจ่ายกลาง,612,,ง0135,แกลลอน,งานบ้านงานครัว,2026-09
28/9/2026,กระดาษเช็ดมือ,61.97,5,309.85,งานการพยาบาลหน่วยควบคุมการติดเชื้อและงานจ่ายกลาง,612,,ง0008,ห่อ,งานบ้านงานครัว,2026-09
28/9/2026,ผงซักฟอก ,130.00,2,260.00,งานการพยาบาลหน่วยควบคุมการติดเชื้อและงานจ่ายกลาง,612,,ง0148,ถุง,งานบ้านงานครัว,2026-09
28/9/2026,น้ำยาขจัดกลิ่นฆ่าเชื้อเอนกประสงค์ (บรรจุ 3.8 ลิตร),450.00,1,450.00,งานการพยาบาลหน่วยควบคุมการติดเชื้อและงานจ่ายกลาง,612,,ง0116,แกลลอน,งานบ้านงานครัว,2026-09
28/9/2026,ผ้าถูพื้น,35.00,3,105.00,งานการพยาบาลหน่วยควบคุมการติดเชื้อและงานจ่ายกลาง,612,,ง0159,ผืน,งานบ้านงานครัว,2026-09
28/9/2026,ถุงขยะสีดำ ขนาด 40*40 นิ้ว,60.00,5,300.00,งานการพยาบาลหน่วยควบคุมการติดเชื้อและงานจ่ายกลาง,612,,ง0071,แพ็ค,งานบ้านงานครัว,2026-09
28/9/2026,ถุงขยะสีแดง ขนาด 12*20 นิ้ว (พิมพ์ลาย),75.00,5,375.00,งานการพยาบาลหน่วยควบคุมการติดเชื้อและงานจ่ายกลาง,612,,ง0072,แพ็ค,งานบ้านงานครัว,2026-09
28/9/2026,ถุงร้อน ขนาด 20*30 นิ้ว,85.00,5,425.00,งานการพยาบาลหน่วยควบคุมการติดเชื้อและงานจ่ายกลาง,612,,ง0096,แพ็ค,งานบ้านงานครัว,2026-09
28/9/2026,กระดาษกาวย่น 1 นิ้ว,38.00,12,456.00,งานการพยาบาลหน่วยควบคุมการติดเชื้อและงานจ่ายกลาง,617,,ส0015,ม้วน,สำนักงาน,2026-09
28/9/2026,กระดาษ A4 80 แกรม (สีขาว),130.00,5,650.00,งานการพยาบาลหน่วยควบคุมการติดเชื้อและงานจ่ายกลาง,617,,ส0009,รีม,สำนักงาน,2026-09
28/9/2026,กาวร้อน สนง.,20.00,2,40.00,งานการพยาบาลหน่วยควบคุมการติดเชื้อและงานจ่ายกลาง,617,,ส0049,ขวด,สำนักงาน,2026-09
28/9/2026,เทปใส 2 นิ้ว,25.00,5,125.00,งานการพยาบาลหน่วยควบคุมการติดเชื้อและงานจ่ายกลาง,617,,ส0096,ม้วน,สำนักงาน,2026-09
28/9/2026,นาฬิกาแขวน,395.00,1,395.00,งานการพยาบาลหน่วยควบคุมการติดเชื้อและงานจ่ายกลาง,617,,ส0109,เรือน,สำนักงาน,2026-09
28/9/2026,ปืนยิงกาว,175.00,1,175.00,งานการพยาบาลหน่วยควบคุมการติดเชื้อและงานจ่ายกลาง,617,,ส0131,อัน,สำนักงาน,2026-09
28/9/2026,ฟิวเจอร์บอร์ด ขนาดกลาง,55.00,5,275.00,งานการพยาบาลหน่วยควบคุมการติดเชื้อและงานจ่ายกลาง,617,,ส0149,แผ่น,สำนักงาน,2026-09
28/9/2026,น้ำยาขจัดกลิ่นฆ่าเชื้อเอนกประสงค์ (บรรจุ 3.8 ลิตร),450.00,2,900.00,กลุ่มงานทันตกรรม,610,,ง0116,แกลลอน,งานบ้านงานครัว,2026-09
28/9/2026,น้ำยาล้างจาน (บรรจุ 3.8 ลิตร),195.00,1,195.00,กลุ่มงานทันตกรรม,610,,ง0135,แกลลอน,งานบ้านงานครัว,2026-09
28/9/2026,ถุงขยะสีดำ ขนาด 40*40 นิ้ว,60.00,5,300.00,กลุ่มงานทันตกรรม,610,,ง0071,แพ็ค,งานบ้านงานครัว,2026-09
28/9/2026,ถุงหูหิ้วสีขาว ขนาด 12*20 นิ้ว,70.00,5,350.00,กลุ่มงานทันตกรรม,610,,ง0102,แพ็ค,งานบ้านงานครัว,2026-09
28/9/2026,สบู่เหลวล้างมือ (บรรจุ 3.8 ลิตร),375.00,1,375.00,กลุ่มงานทันตกรรม,610,,ง0204,แกลลอน,งานบ้านงานครัว,2026-09
28/9/2026,กระดาษเช็ดมือ,61.97,5,309.85,กลุ่มงานทันตกรรม,610,,ง0008,ห่อ,งานบ้านงานครัว,2026-09
28/9/2026,ไม้กวาดอ่อน,50.00,2,100.00,กลุ่มงานทันตกรรม,610,,ง0187,อัน,งานบ้านงานครัว,2026-09
28/9/2026,กระดาษชำระม้วนใหญ่,107.00,8,856.00,กลุ่มงานทันตกรรม,610,,ง0007,ม้วน,งานบ้านงานครัว,2026-09
28/9/2026,แลคซีน 2 นิ้ว,75.00,3,225.00,กลุ่มงานทันตกรรม,618,,ส0177,ม้วน,สำนักงาน,2026-09
28/9/2026,ปากกาลบคำผิดแบบเทป,59.00,3,177.00,กลุ่มงานทันตกรรม,618,,ส0127,อัน,สำนักงาน,2026-09
28/9/2026,กาวตราช้าง,25.00,1,25.00,กลุ่มงานทันตกรรม,618,,ส0046,หลอด,สำนักงาน,2026-09
28/9/2026,ถุงขยะสีดำ ขนาด 16*19 นิ้ว,60.00,5,300.00,กลุ่มงานการแพทย์แผนไทยและการแพทย์ทางเลือก,605,,ง0069,แพ็ค,งานบ้านงานครัว,2026-09
28/9/2026,กระดาษชำระม้วนใหญ่,107.00,6,642.00,กลุ่มงานการแพทย์แผนไทยและการแพทย์ทางเลือก,605,,ง0007,ม้วน,งานบ้านงานครัว,2026-09
28/9/2026,ถ่าน ขนาด AA (อัลคาไลน์),25.00,16,400.00,กลุ่มงานการแพทย์แผนไทยและการแพทย์ทางเลือก,605,,ง0064,ก้อน,งานบ้านงานครัว,2026-09
28/9/2026,ฟองน้ำพร้อมสก็อตไบรท์,20.00,2,40.00,กลุ่มงานการแพทย์แผนไทยและการแพทย์ทางเลือก,605,,ง0179,แผ่น,งานบ้านงานครัว,2026-09
28/9/2026,เจลก้อนหอม,100.00,5,500.00,กลุ่มงานการแพทย์แผนไทยและการแพทย์ทางเลือก,605,,ง0016,ก้อน,งานบ้านงานครัว,2026-09
28/9/2026,ถุงหูหิ้วสีขาว ขนาด 12*20 นิ้ว,70.00,5,350.00,กลุ่มงานบริการด้านปฐมภูมิและองค์รวม,606,,ง0102,แพ็ค,งานบ้านงานครัว,2026-09
28/9/2026,ถุงขยะสีดำ ขนาด 28*36 นิ้ว,60.00,5,300.00,กลุ่มงานบริการด้านปฐมภูมิและองค์รวม,606,,ง0070,แพ็ค,งานบ้านงานครัว,2026-09
28/9/2026,ถุงร้อน ขนาด 7*11 นิ้ว,85.00,1,85.00,กลุ่มงานบริการด้านปฐมภูมิและองค์รวม,606,,ง0098,แพ็ค,งานบ้านงานครัว,2026-09
28/9/2026,ฟองน้ำพร้อมสก็อตไบรท์,20.00,2,40.00,กลุ่มงานบริการด้านปฐมภูมิและองค์รวม,606,,ง0179,แผ่น,งานบ้านงานครัว,2026-09
28/9/2026,สก็อตไบรท์,20.00,2,40.00,กลุ่มงานบริการด้านปฐมภูมิและองค์รวม,606,,ง0203,แผ่น,งานบ้านงานครัว,2026-09
28/9/2026,กระดาษชำระม้วนใหญ่,107.00,4,428.00,กลุ่มงานบริการด้านปฐมภูมิและองค์รวม,606,,ง0007,ม้วน,งานบ้านงานครัว,2026-09
28/9/2026,กระดาษ A4 80 แกรม (สีขาว),130.00,10,"1,300.00",กลุ่มงานบริการด้านปฐมภูมิและองค์รวม,613,,ส0009,รีม,สำนักงาน,2026-09
28/9/2026,ปากกาลบคำผิดแบบเทป,59.00,5,295.00,กลุ่มงานบริการด้านปฐมภูมิและองค์รวม,613,,ส0127,อัน,สำนักงาน,2026-09
28/9/2026,สันรูด 7 มิล,7.00,12,84.00,กลุ่มงานบริการด้านปฐมภูมิและองค์รวม,613,,ส0195,อัน,สำนักงาน,2026-09
28/9/2026,สันรูด 10 มิล,10.00,12,120.00,กลุ่มงานบริการด้านปฐมภูมิและองค์รวม,613,,ส0219,อัน,สำนักงาน,2026-09
28/9/2026,กรรไกร,85.00,3,255.00,กลุ่มงานเภสัชกรรมและคุ้มครองผู้บริโภค,599,,ส0002,เล่ม,สำนักงาน,2026-09
28/9/2026,มีดคัทเตอร์ ใหญ่,65.00,1,65.00,กลุ่มงานเภสัชกรรมและคุ้มครองผู้บริโภค,599,,ส0162,เล่ม,สำนักงาน,2026-09
28/9/2026,กระดาษเช็ดมือ,61.97,3,185.91,กลุ่มงานเภสัชกรรมและคุ้มครองผู้บริโภค,602,,ง0008,ห่อ,งานบ้านงานครัว,2026-09
28/9/2026,กระดาษชำระม้วนใหญ่,107.00,2,214.00,กลุ่มงานเภสัชกรรมและคุ้มครองผู้บริโภค,602,,ง0007,ม้วน,งานบ้านงานครัว,2026-09
28/9/2026,ลวดเสียบกระดาษ,12.00,12,144.00,กลุ่มงานเทคนิคการแพทย์,591,,ส0171,กล่อง,สำนักงาน,2026-09
28/9/2026,กาวตราช้าง,25.00,2,50.00,กลุ่มงานรังสีวิทยา,593,,ส0046,หลอด,สำนักงาน,2026-09
28/9/2026,กระดาษ A4 80 แกรม (สีขาว),130.00,5,650.00,กลุ่มงานรังสีวิทยา,593,,ส0009,รีม,สำนักงาน,2026-09
28/9/2026,กาวUHU,75.00,1,75.00,กลุ่มงานรังสีวิทยา,593,,ส0045,หลอด,สำนักงาน,2026-09
28/9/2026,กระดาษเช็ดมือ,61.97,10,619.70,กลุ่มงานรังสีวิทยา,588,,ง0008,ห่อ,งานบ้านงานครัว,2026-09
28/9/2026,น้ำยาโซแนค,100.00,1,100.00,กลุ่มงานรังสีวิทยา,588,,ง0126,กระป๋อง,งานบ้านงานครัว,2026-09
28/9/2026,หมอนหนุน (PVC ขนาด 37*50/8),550.00,1,550.00,กลุ่มงานรังสีวิทยา,588,,ง0217,ใบ,งานบ้านงานครัว,2026-09
28/9/2026,ฟองน้ำพร้อมสก็อตไบรท์,20.00,6,120.00,กลุ่มงานรังสีวิทยา,588,,ง0179,แผ่น,งานบ้านงานครัว,2026-09
28/9/2026,สเปรย์ปรับอากาศ-ดับกลิ่น,135.00,4,540.00,กลุ่มงานรังสีวิทยา,588,,ง0207,กระป๋อง,งานบ้านงานครัว,2026-09
28/9/2026,"สเปรย์ฉีดแมลง,ยุง",105.00,2,210.00,กลุ่มงานรังสีวิทยา,588,,ง0206,กระป๋อง,งานบ้านงานครัว,2026-09
28/9/2026,กระดาษเช็ดมือ,61.97,2,123.94,กลุ่มงานการพยาบาล(วัสดุการแพทย์),589,,ง0008,ห่อ,งานบ้านงานครัว,2026-09
28/9/2026,ถุงขยะสีดำ ขนาด 16*19 นิ้ว,60.00,5,300.00,กลุ่มงานการพยาบาล(วัสดุการแพทย์),589,,ง0069,แพ็ค,งานบ้านงานครัว,2026-09
28/9/2026,ถุงขยะสีดำ ขนาด 28*36 นิ้ว,60.00,5,300.00,กลุ่มงานการพยาบาล(วัสดุการแพทย์),589,,ง0070,แพ็ค,งานบ้านงานครัว,2026-09
28/9/2026,สเปรย์ปรับอากาศ-ดับกลิ่น,135.00,2,270.00,กลุ่มงานการพยาบาล(วัสดุการแพทย์),589,,ง0207,กระป๋อง,งานบ้านงานครัว,2026-09
28/9/2026,กระดาษ A4 180 แกรม (ทุกสี),135.00,10,"1,350.00",กลุ่มงานการพยาบาล(วัสดุการแพทย์),595,,ส0012,รีม,สำนักงาน,2026-09
28/9/2026,กระดาษ A4 80 แกรม (สีขาว),130.00,10,"1,300.00",กลุ่มงานการพยาบาล(วัสดุการแพทย์),595,,ส0009,รีม,สำนักงาน,2026-09
28/9/2026,แม็กซ์ เบอร์ 10,245.00,1,245.00,กลุ่มงานการพยาบาล(วัสดุการแพทย์),595,,ส0163,ตัว,สำนักงาน,2026-09
28/9/2026,ไส้แฟ้มสอด A4,25.00,3,75.00,กลุ่มงานการพยาบาล(วัสดุการแพทย์),595,,ส0200,แพ็ค,สำนักงาน,2026-09
28/9/2026,กระดาษ A4 180 แกรม (ทุกสี),135.00,2,270.00,กลุ่มงานการพยาบาล,619,,ส0012,รีม,สำนักงาน,2026-09
28/9/2026,กล่องพลาสติกมีฝาปิด(มีล้อ) ขนาดใหญ่,185.00,1,185.00,กลุ่มงานการพยาบาล,611,,ง0011,ใบ,งานบ้านงานครัว,2026-09
28/9/2026,ถ่าน ขนาด AA (อัลคาไลน์),25.00,2,50.00,กลุ่มงานการพยาบาล,611,,ง0064,ก้อน,งานบ้านงานครัว,2026-09
28/9/2026,ถ่าน ขนาด AA (อัลคาไลน์),25.00,60,"1,500.00",งานการพยาบาลผู้ป่วยใน,607,,ง0064,ก้อน,งานบ้านงานครัว,2026-09
28/9/2026,น้ำยาล้างจาน (บรรจุ 3.8 ลิตร),195.00,2,390.00,งานการพยาบาลผู้ป่วยใน,607,,ง0135,แกลลอน,งานบ้านงานครัว,2026-09
28/9/2026,ไฟฉายแบบชาร์จ,120.00,3,360.00,งานการพยาบาลผู้ป่วยใน,607,,ง0182,กระบอก,งานบ้านงานครัว,2026-09
28/9/2026,ถ่าน C,60.00,6,360.00,งานการพยาบาลผู้ป่วยใน,607,,ง0062,ก้อน,งานบ้านงานครัว,2026-09
28/9/2026,น้ำยาขจัดกลิ่นฆ่าเชื้อเอนกประสงค์ (บรรจุ 3.8 ลิตร),450.00,3,"1,350.00",งานการพยาบาลผู้ป่วยใน,607,,ง0116,แกลลอน,งานบ้านงานครัว,2026-09
28/9/2026,ถุงหูหิ้วสีขาว ขนาด 12*20 นิ้ว,70.00,15,"1,050.00",งานการพยาบาลผู้ป่วยใน,607,,ง0102,แพ็ค,งานบ้านงานครัว,2026-09
28/9/2026,กระดาษเช็ดมือ,61.97,10,619.70,งานการพยาบาลผู้ป่วยใน,607,,ง0008,ห่อ,งานบ้านงานครัว,2026-09
28/9/2026,ถุงขยะสีดำ ขนาด 28*36 นิ้ว,60.00,15,900.00,งานการพยาบาลผู้ป่วยใน,607,,ง0070,แพ็ค,งานบ้านงานครัว,2026-09
28/9/2026,ถุงขยะสีแดง ขนาด 12*20 นิ้ว (พิมพ์ลาย),75.00,15,"1,125.00",งานการพยาบาลผู้ป่วยใน,607,,ง0072,แพ็ค,งานบ้านงานครัว,2026-09
28/9/2026,ถุงขยะสีแดง ขนาด 16*28 นิ้ว (พิมพ์ลาย),100.00,10,"1,000.00",งานการพยาบาลผู้ป่วยใน,607,,ง0074,แพ็ค,งานบ้านงานครัว,2026-09
28/9/2026,ถุงขยะสีแดง ขนาด 40*40 นิ้ว,75.00,5,375.00,งานการพยาบาลผู้ป่วยใน,608,,ง0076,แพ็ค,งานบ้านงานครัว,2026-09
28/9/2026,เชือกฟาง,40.00,2,80.00,งานการพยาบาลผู้ป่วยใน,608,,ง0042,ม้วน,งานบ้านงานครัว,2026-09
28/9/2026,พลาสติกเคลือบบัตร (A4),550.00,2,"1,100.00",กลุ่มงานบริหารทั่วไป (โสต),592,,ส0140,แพ็ค,สำนักงาน,2026-09
28/9/2026,ปลั๊กราง ยาว 5 เมตร,395.00,3,"1,185.00",งานการพยาบาลผู้ป่วยใน,620,,ฟ0079,อัน,ไฟฟ้า,2026-09
28/9/2026,ปลั๊กราง ยาว 5 เมตร,395.00,1,395.00,ห้องบัตร,571,,ฟ0079,อัน,ไฟฟ้า,2026-09
28/9/2026,กระดาษเช็ดมือ,61.97,2,123.94,ห้องบัตร,609,,ง0008,ห่อ,งานบ้านงานครัว,2026-09
28/9/2026,"กระดาษเทอมอล 110*30 ซม.(ห้องบัตร,ชันสูตร)",2750.00,2,"5,500.00",ห้องบัตร,616,,ส0021,ม้วน,สำนักงาน,2026-09
28/9/2026,ที่ดึงลูกแม็กซ์,75.00,2,150.00,ห้องบัตร,616,,ส0090,อัน,สำนักงาน,2026-09
28/9/2026,กระดาษ A4 80 แกรม (สีขาว),130.00,5,650.00,ห้องบัตร,616,,ส0009,รีม,สำนักงาน,2026-09
28/9/2026,ถ่าน ขนาด AA (อัลคาไลน์),25.00,24,600.00,งานการพยาบาลผู้ป่วยอุบัติเหตุฉุกเฉินและนิติเวช,590,,ง0064,ก้อน,งานบ้านงานครัว,2026-09
28/9/2026,ถุงขยะสีดำ ขนาด 16*19 นิ้ว,60.00,5,300.00,งานการพยาบาลผู้ป่วยอุบัติเหตุฉุกเฉินและนิติเวช,590,,ง0069,แพ็ค,งานบ้านงานครัว,2026-09
28/9/2026,ถุงขยะสีดำ ขนาด 28*36 นิ้ว,60.00,10,600.00,งานการพยาบาลผู้ป่วยอุบัติเหตุฉุกเฉินและนิติเวช,590,,ง0070,แพ็ค,งานบ้านงานครัว,2026-09
28/9/2026,ถุงขยะสีแดง ขนาด 12*20 นิ้ว (พิมพ์ลาย),75.00,5,375.00,งานการพยาบาลผู้ป่วยอุบัติเหตุฉุกเฉินและนิติเวช,590,,ง0072,แพ็ค,งานบ้านงานครัว,2026-09
28/9/2026,ถุงขยะสีแดง ขนาด 16*28 นิ้ว (พิมพ์ลาย),100.00,5,500.00,งานการพยาบาลผู้ป่วยอุบัติเหตุฉุกเฉินและนิติเวช,590,,ง0074,แพ็ค,งานบ้านงานครัว,2026-09
28/9/2026,ฟองน้ำพร้อมสก็อตไบรท์,20.00,2,40.00,งานการพยาบาลผู้ป่วยอุบัติเหตุฉุกเฉินและนิติเวช,590,,ง0179,แผ่น,งานบ้านงานครัว,2026-09
28/9/2026,สบู่เหลวล้างมือ (บรรจุ 3.8 ลิตร),375.00,1,375.00,งานการพยาบาลผู้ป่วยอุบัติเหตุฉุกเฉินและนิติเวช,590,,ง0204,แกลลอน,งานบ้านงานครัว,2026-09
28/9/2026,ถุงหูหิ้วสีขาว ขนาด 12*20 นิ้ว,70.00,5,350.00,งานการพยาบาลผู้ป่วยอุบัติเหตุฉุกเฉินและนิติเวช,590,,ง0102,แพ็ค,งานบ้านงานครัว,2026-09
28/9/2026,กระดาษเช็ดมือ,61.97,2,123.94,งานการพยาบาลผู้ป่วยอุบัติเหตุฉุกเฉินและนิติเวช,590,,ง0008,ห่อ,งานบ้านงานครัว,2026-09
28/9/2026,กระดาษ A4 80 แกรม (สีขาว),130.00,5,650.00,งานการพยาบาลผู้ป่วยนอก,615,,ส0009,รีม,สำนักงาน,2026-09
28/9/2026,แท่นเทปใส (ใหญ่),125.00,1,125.00,งานการพยาบาลผู้ป่วยนอก,615,,ส0100,อัน,สำนักงาน,2026-09
28/9/2026,เทปใส 1 นิ้ว,44.00,2,88.00,งานการพยาบาลผู้ป่วยนอก,615,,ส0095,ม้วน,สำนักงาน,2026-09
28/9/2026,ซองขาว,1.00,500,500.00,งานการพยาบาลผู้ป่วยนอก,615,,ส0069,ซอง,สำนักงาน,2026-09
28/9/2026,กรรไกร,85.00,2,170.00,งานการพยาบาลผู้ป่วยอุบัติเหตุฉุกเฉินและนิติเวช,594,,ส0002,เล่ม,สำนักงาน,2026-09
28/9/2026,กระดาษ A4 80 แกรม (สีขาว),130.00,10,"1,300.00",งานการพยาบาลผู้ป่วยอุบัติเหตุฉุกเฉินและนิติเวช,594,,ส0009,รีม,สำนักงาน,2026-09
28/9/2026,กระดาษ A5 80 แกรม (ใบสั่งยา),85.00,10,850.00,งานการพยาบาลผู้ป่วยอุบัติเหตุฉุกเฉินและนิติเวช,594,,ส0013,รีม,สำนักงาน,2026-09
28/9/2026,กระดาษกาวย่น 1 นิ้ว,38.00,1,38.00,งานการพยาบาลผู้ป่วยอุบัติเหตุฉุกเฉินและนิติเวช,594,,ส0015,ม้วน,สำนักงาน,2026-09
28/9/2026,กระดาษ A4 80 แกรม (ทุกสี),240.00,1,240.00,งานการพยาบาลผู้ป่วยอุบัติเหตุฉุกเฉินและนิติเวช,594,,ส0008,รีม,สำนักงาน,2026-09
28/9/2026,ซองขาว,1.00,100,100.00,งานการพยาบาลผู้ป่วยอุบัติเหตุฉุกเฉินและนิติเวช,594,,ส0069,ซอง,สำนักงาน,2026-09
28/9/2026,ซองน้ำตาล A4 (ไม่ขยายข้าง),5.00,12,60.00,งานการพยาบาลผู้ป่วยอุบัติเหตุฉุกเฉินและนิติเวช,594,,ส0071,ซอง,สำนักงาน,2026-09
28/9/2026,ใบ Copy Order 22*29.5 ซม. (ใหม่),2.10,"2,000","4,200.00",งานการพยาบาลผู้ป่วยอุบัติเหตุฉุกเฉินและนิติเวช,594,,ส0230,ดวง,สำนักงาน,2026-09
28/9/2026,"ปากกาเคมี 2 หัว ( ดำ,แดง,น้ำเงิน )",15.00,2,30.00,งานการพยาบาลผู้ป่วยอุบัติเหตุฉุกเฉินและนิติเวช,594,,ส0125,ด้าม,สำนักงาน,2026-09
28/9/2026,ถุงขยะสีดำ ขนาด 16*19 นิ้ว,60.00,5,300.00,งานการพยาบาลผู้คลอด,596,,ง0069,แพ็ค,งานบ้านงานครัว,2026-09
28/9/2026,ถุงขยะสีแดง ขนาด 16*28 นิ้ว (พิมพ์ลาย),100.00,5,500.00,งานการพยาบาลผู้คลอด,596,,ง0074,แพ็ค,งานบ้านงานครัว,2026-09
28/9/2026,กระดาษเช็ดมือ,61.97,5,309.85,งานการพยาบาลผู้คลอด,596,,ง0008,ห่อ,งานบ้านงานครัว,2026-09
28/9/2026,กระดาษชำระม้วนใหญ่,107.00,24,"2,568.00",กลุ่มงานบริหารทั่วไป (แม่บ้าน),597,,ง0007,ม้วน,งานบ้านงานครัว,2026-09
28/9/2026,ถุงขยะสีดำ ขนาด 16*19 นิ้ว,60.00,25,"1,500.00",กลุ่มงานบริหารทั่วไป (แม่บ้าน),597,,ง0069,แพ็ค,งานบ้านงานครัว,2026-09
28/9/2026,ถุงขยะสีดำ ขนาด 28*36 นิ้ว,60.00,50,"3,000.00",กลุ่มงานบริหารทั่วไป (แม่บ้าน),597,,ง0070,แพ็ค,งานบ้านงานครัว,2026-09
28/9/2026,ถุงขยะสีแดง ขนาด 12*20 นิ้ว (พิมพ์ลาย),75.00,25,"1,875.00",กลุ่มงานบริหารทั่วไป (แม่บ้าน),597,,ง0072,แพ็ค,งานบ้านงานครัว,2026-09
28/9/2026,ผงซักฟอก ,130.00,10,"1,300.00",กลุ่มงานบริหารทั่วไป (แม่บ้าน),597,,ง0148,ถุง,งานบ้านงานครัว,2026-09
28/9/2026,ถุงมือยางทำความสะอาด,35.00,5,175.00,กลุ่มงานบริหารทั่วไป (แม่บ้าน),597,,ง0093,คู่,งานบ้านงานครัว,2026-09
28/9/2026,สบู่เหลวล้างมือ (บรรจุ 3.8 ลิตร),375.00,8,"3,000.00",กลุ่มงานบริหารทั่วไป (แม่บ้าน),597,,ง0204,แกลลอน,งานบ้านงานครัว,2026-09
28/9/2026,กาวดักหนู,55.00,2,110.00,กลุ่มงานบริหารทั่วไป,604,,ง0019,ชิ้น,งานบ้านงานครัว,2026-09
28/9/2026,ปลั๊กราง ยาว 10 เมตร,495.00,2,990.00,กลุ่มงานบริหารทั่วไป (โสต),598,,ฟ0077,อัน,ไฟฟ้า,2026-09
28/9/2026,เทปใส 1 นิ้ว,44.00,12,528.00,กลุ่มงานบริหารทั่วไป,601,,ส0095,ม้วน,สำนักงาน,2026-09
28/9/2026,มีดคัทเตอร์ เล็ก,35.00,1,35.00,กลุ่มงานบริหารทั่วไป,601,,ส0161,เล่ม,สำนักงาน,2026-09
28/9/2026,กระดาษกาวย่น 1 นิ้ว,38.00,5,190.00,กลุ่มงานบริหารทั่วไป,601,,ส0015,ม้วน,สำนักงาน,2026-09
28/9/2026,กระดาษกาวย่น 2 นิ้ว,70.00,5,350.00,กลุ่มงานบริหารทั่วไป,601,,ส0016,ม้วน,สำนักงาน,2026-09
28/9/2026,แม็กซ์ เบอร์ 10,245.00,1,245.00,กลุ่มงานบริหารทั่วไป,601,,ส0163,ตัว,สำนักงาน,2026-09
28/9/2026,กระดาษ A4 80 แกรม (สีขาว),130.00,30,"3,900.00",กลุ่มงานบริหารทั่วไป,601,,ส0009,รีม,สำนักงาน,2026-09
22/9/2026,ปลั๊กราง ยาว 3 เมตร,999.00,2,"1,998.00",กลุ่มงานสุขภาพดิจิตอล,629,,ฟ0078,อัน,ไฟฟ้า,2026-09
28/9/2026,ถุงหูหิ้วสีขาว ขนาด 12*20 นิ้ว,70.00,5,350.00,กลุ่มงานบริหารทั่วไป,603,,ง0102,แพ็ค,งานบ้านงานครัว,2026-09
28/9/2026,ถุงขยะสีดำ ขนาด 40*40 นิ้ว,60.00,10,600.00,กลุ่มงานบริหารทั่วไป,603,,ง0071,แพ็ค,งานบ้านงานครัว,2026-09
28/9/2026,ถุงขยะสีดำ ขนาด 28*36 นิ้ว,60.00,10,600.00,กลุ่มงานบริหารทั่วไป,603,,ง0070,แพ็ค,งานบ้านงานครัว,2026-09
28/9/2026,ถุงขยะสีดำ ขนาด 16*19 นิ้ว,60.00,10,600.00,กลุ่มงานบริหารทั่วไป,603,,ง0069,แพ็ค,งานบ้านงานครัว,2026-09
28/9/2026,สบู่เหลวล้างมือ (แบบขวด),192.60,4,770.40,กลุ่มงานบริหารทั่วไป,603,,ง0205,ขวด,งานบ้านงานครัว,2026-09
28/9/2026,ฝอยเหล็ก,25.00,6,150.00,กลุ่มงานบริหารทั่วไป,603,,ง0175,ก้อน,งานบ้านงานครัว,2026-09
28/9/2026,กระดาษชำระม้วนใหญ่,107.00,8,856.00,กลุ่มงานบริหารทั่วไป,603,,ง0007,ม้วน,งานบ้านงานครัว,2026-09
28/9/2026,กระดาษเช็ดมือ,61.97,15,929.55,กลุ่มงานบริหารทั่วไป,603,,ง0008,ห่อ,งานบ้านงานครัว,2026-09
28/9/2026,ไม้กวาดอ่อน,50.00,2,100.00,กลุ่มงานบริหารทั่วไป,603,,ง0187,อัน,งานบ้านงานครัว,2026-09
30/9/2026,ถุงซิปสีชา ขนาด 15*23 ซม.,162.00,50,"8,100.00",กลุ่มงานเภสัชกรรมและคุ้มครองผู้บริโภค,639,,ง0082,กก.,วัสดุอื่น(ซองยา),2026-09
30/9/2026,ถุงซิปสีชา ขนาด 6*8 ซม.,152.00,50,"7,600.00",กลุ่มงานเภสัชกรรมและคุ้มครองผู้บริโภค,639,,ย0001,กก.,วัสดุอื่น(ซองยา),2026-09
30/9/2026,ถุงซิปสีชา ขนาด 10*15 ซม.,162.00,100,"16,200.00",กลุ่มงานเภสัชกรรมและคุ้มครองผู้บริโภค,639,,ย0002,กก.,วัสดุอื่น(ซองยา),2026-09
30/9/2026,ถุงซิปใส ขนาด 10*15 ซม.,145.00,120,"17,400.00",กลุ่มงานเภสัชกรรมและคุ้มครองผู้บริโภค,639,,ย0003,กก.,วัสดุอื่น(ซองยา),2026-09
30/9/2026,ถุงซิปใส ขนาด 13*20 ซม.,145.00,150,"21,750.00",กลุ่มงานเภสัชกรรมและคุ้มครองผู้บริโภค,639,,ย0004,กก.,วัสดุอื่น(ซองยา),2026-09
30/9/2026,ถุงซิปใส ขนาด 6*8 ซม.,142.00,45,"6,390.00",กลุ่มงานเภสัชกรรมและคุ้มครองผู้บริโภค,639,,ย0006,กก.,วัสดุอื่น(ซองยา),2026-09
30/9/2026,ถุงซิปใส ขนาด 6*8 ซม.,145.00,100,"14,500.00",กลุ่มงานเภสัชกรรมและคุ้มครองผู้บริโภค,639,,ย0006,กก.,วัสดุอื่น(ซองยา),2026-09
30/9/2026,ถุงซิปใส ขนาด 7*10 ซม.,142.00,100,"14,200.00",กลุ่มงานเภสัชกรรมและคุ้มครองผู้บริโภค,639,,ย0007,กก.,วัสดุอื่น(ซองยา),2026-09
30/9/2026,"สติ๊กเกอร์ชื่อ(30,000ดวง/2,000 ต่อลัง)",4400.00,1,"4,400.00",งานการพยาบาลผู้ป่วยใน,641,,ส0181,ลัง,สำนักงาน,2026-09
30/9/2026,กระดาษ A4 80 แกรม (สีขาว),130.00,15,"1,950.00",งานการพยาบาลผู้ป่วยใน,641,,ส0009,รีม,สำนักงาน,2026-09
30/9/2026,กระดาษ A4 80 แกรม (ทุกสี),240.00,5,"1,200.00",กลุ่มงานบริหารทั่วไป,601,,ส0008,รีม,สำนักงาน,2026-09
30/9/2026,กระดาษเทอมอล 55*50 ซม.(การเงิน),57.00,100,"5,700.00",งานการพยาบาลผู้ป่วยอุบัติเหตุฉุกเฉินและนิติเวช,594,,ส0024,ม้วน,สำนักงาน,2026-09
30/9/2026,กล่องลิ้นชักใส่เอกสาร 3 - 7 ชั้น,279.00,3,837.00,กลุ่มงานทันตกรรม,654,,ส0036,ใบ,สำนักงาน,2026-09
30/9/2026,แฟ้มเสนอเซ็นต์,195.00,4,780.00,กลุ่มงานบริหารทั่วไป,603,,ส0155,แฟ้ม,สำนักงาน,2026-09
30/9/2026,แม็กซ์เย็บกระดาษขนาดใหญ่,2550.00,1,"2,550.00",กลุ่มงานบริหารทั่วไป,603,,ส0165,ตัว,สำนักงาน,2026-09
30/9/2026,ไส้แฟ้มสอด A4,25.00,3,75.00,กลุ่มงานบริหารทั่วไป,603,,ส0200,แพ็ค,สำนักงาน,2026-09
30/9/2026,ดอกไม้ปลอม(สำนักงาน),209.00,12,"2,508.00",กลุ่มงานบริหารทั่วไป,603,,ส0232,แพ็ค,สำนักงาน,2026-09
30/9/2026,ลูกแม็กซ์ 23/24,135.00,6,810.00,กลุ่มงานบริหารทั่วไป,603,,ส0231,กล่อง,สำนักงาน,2026-09
30/9/2026,ลูกแม็กซ์ 23/14,85.00,6,510.00,กลุ่มงานบริหารทั่วไป,603,,ส0230,กล่อง,สำนักงาน,2026-09
23/9/2026,พวงมาลา,1500.00,1,"1,500.00",กลุ่มงานการพยาบาล,642,,ส0143,พวง,สำนักงาน,2026-09
30/9/2026,น้ำยาทำความสะอาดพื้นผิว (บรรจุ 3.8 ลิตร),321.00,4,"1,284.00",กลุ่มงานบริหารทั่วไป (แม่บ้าน),597,,ง0128,แกลลอน,งานบ้านงานครัว,2026-09
30/9/2026,ถุงขยะสีแดง ขนาด 40*40 นิ้ว,75.00,10,750.00,กลุ่มงานบริหารทั่วไป (แม่บ้าน),597,,ง0076,แพ็ค,งานบ้านงานครัว,2026-09
30/9/2026,ถุงขยะสีดำ ขนาด 40*40 นิ้ว,60.00,25,"1,500.00",กลุ่มงานบริหารทั่วไป (งานสนาม),643,,ง0071,แพ็ค,งานบ้านงานครัว,2026-09
30/9/2026,แก๊สหุงต้ม ขนาด 48 กก.,1370.00,4,"5,480.00",งานการพยาบาลหน่วยควบคุมการติดเชื้อและงานจ่ายกลาง,644,,ง0023,ถัง,งานบ้านงานครัว,2026-09
30/9/2026,ขัน,39.00,6,234.00,กลุ่มงานบริหารทั่วไป,645,,ง0028,ใบ,งานบ้านงานครัว,2026-09
30/9/2026,ถังน้ำ(น้ำดื่ม),229.00,2,458.00,กลุ่มงานบริหารทั่วไป (งานสนาม),647,,ง0056,ใบ,งานบ้านงานครัว,2026-09
30/9/2026,ผ้าเมตรสีต่างๆ,129.00,20,"2,580.00",กลุ่มงานบริหารทั่วไป,645,,ง0164,เมตร,งานบ้านงานครัว,2026-09
30/9/2026,ผ้าเมตรสีต่างๆ,1650.00,1,"1,650.00",กลุ่มงานบริหารทั่วไป,645,,ง0164,เมตร,งานบ้านงานครัว,2026-09
30/9/2026,พรมเช็ดเท้า (พลาสติก),90.00,2,180.00,กลุ่มงานบริหารทั่วไป (แม่บ้าน),649,,ง0177,ผืน,งานบ้านงานครัว,2026-09
30/9/2026,ยางวง,100.00,1,100.00,กลุ่มงานเภสัชกรรมและคุ้มครองผู้บริโภค,646,,ง0197,ถุง,งานบ้านงานครัว,2026-09
30/9/2026,เสื้อกันฝน,49.00,10,490.00,กลุ่มงานบริหารทั่วไป (งานสนาม),647,,ง0211,ตัว,งานบ้านงานครัว,2026-09
30/9/2026,ถังกลม 160 ลิตร,519.00,6,"3,114.00",กลุ่มงานบริหารทั่วไป (งานสนาม),647,,ง0256,ถัง,งานบ้านงานครัว,2026-09
30/9/2026,รองเท้าบู๊ท,225.00,10,"2,250.00",กลุ่มงานบริหารทั่วไป (งานสนาม),647,,ง0199,คู่,งานบ้านงานครัว,2026-09
30/9/2026,น้ำยาล้างรถ (บรรจุ 20 ลิตร),845.30,2,"1,690.60",กลุ่มงานบริหารทั่วไป (ยานพาหนะ),648,,ง0136,แกลลอน,งานบ้านงานครัว,2026-09
30/9/2026,น้ำยาขัดล้อดำ ,481.50,1,481.50,กลุ่มงานบริหารทั่วไป (ยานพาหนะ),648,,ง0120,แกลลอน,งานบ้านงานครัว,2026-09
30/9/2026,ซิลิโคน,107.00,1,107.00,กลุ่มงานบริหารทั่วไป (งานสนาม),650,,ก0071,หลอด,วัสดุก่อสร้าง,2026-09
30/9/2026,แปรงทาสี,64.20,2,128.40,กลุ่มงานบริหารทั่วไป (ซ่อมบำรุง),650,,ก0157,อัน,วัสดุก่อสร้าง,2026-09
30/9/2026,สีน้ำมัน (ทุกสี),438.70,2,877.40,กลุ่มงานบริหารทั่วไป (ซ่อมบำรุง),650,,ก0235,แกลลอน,วัสดุก่อสร้าง,2026-09
30/9/2026,น๊อต m6,100.00,3,315.00,กลุ่มงานบริหารทั่วไป (ซ่อมบำรุง),650,,ก0344,ชุด,วัสดุก่อสร้าง,2026-09
30/9/2026,รีเวท,35.00,2,70.00,กลุ่มงานบริหารทั่วไป (ซ่อมบำรุง),650,,ก0345,ถุง,วัสดุก่อสร้าง,2026-09
30/9/2026,นิปเปิ้ลเหล็ก,37.45,2,74.90,กลุ่มงานบริหารทั่วไป (ซ่อมบำรุง),650,,ก0347,ตัว,วัสดุก่อสร้าง,2026-09
30/9/2026,A-Dap ขาว,53.50,20,"1,070.00",กลุ่มงานบริหารทั่วไป (ซ่อมบำรุง),650,,ก0346,หลอด,วัสดุก่อสร้าง,2026-09
30/9/2026,ข้อลด 1 นิ้ว (ก่อสร้าง),10.70,1,10.70,กลุ่มงานบริหารทั่วไป (ซ่อมบำรุง),651,,ก0348,ตัว,วัสดุก่อสร้าง,2026-09
30/9/2026,ข้อต่อตรงเกลียวนอก,120.00,2,240.00,กลุ่มงานบริหารทั่วไป (งานสนาม),651,,ป0010,ตัว,ประปา,2026-09
30/9/2026,ไส้กรอง PP 20 นิ้ว,600.00,2,"1,200.00",กลุ่มงานบริหารทั่วไป (งานสนาม),651,,ป0066,ชุด,ประปา,2026-09
30/9/2026,ไส้กรอง R/0 ขนาด 10 นิ้ว,1680.00,1,"1,680.00",กลุ่มงานบริหารทั่วไป (งานสนาม),651,,ป0067,ชุด,ประปา,2026-09
30/9/2026,สารกรองน้ำ คาร์บอน,100.00,115,"11,500.00",กลุ่มงานบริหารทั่วไป (งานสนาม),651,,ป0062,ชุด,ประปา,2026-09
30/9/2026,ไส้กรองน้ำ (ไส้กรองเมนเบรน 150กรัม),2180.00,10,"21,800.00",กลุ่มงานบริหารทั่วไป (งานสนาม),651,,ป0070,ชุด,ประปา,2026-09
30/9/2026,ไส้กรองน้ำ R/020 นิ้ว,2480.00,1,"2,480.00",กลุ่มงานบริหารทั่วไป (งานสนาม),651,,ป0071,ชุด,ประปา,2026-09
30/9/2026,เทปพันเกลียว (ปป),45.00,1,45.00,กลุ่มงานบริหารทั่วไป (งานสนาม),651,,ป0114,อัน,ประปา,2026-09
30/9/2026,ปั๊มผลิต 300 g,3800.00,1,"3,800.00",กลุ่มงานบริหารทั่วไป (งานสนาม),651,,ป0116,ตัว,ประปา,2026-09
30/9/2026,HIS 20 นิ้ว,2900.00,1,"2,900.00",กลุ่มงานบริหารทั่วไป (งานสนาม),651,,ป0117,ตัว,ประปา,2026-09
30/9/2026,ไส้กรอง คาร์บอน ขนาด 20 นิ้ว,800.00,2,"1,600.00",กลุ่มงานบริหารทั่วไป (งานสนาม),651,,ป0118,แท่ง,ประปา,2026-09
30/9/2026,ไส้กรอง เรซิ่น 20 นิ้ว,900.00,2,"1,800.00",กลุ่มงานบริหารทั่วไป (งานสนาม),651,,ป0119,แท่ง,ประปา,2026-09
30/9/2026,ไส้กรองน้ำ (ไส้กรองเมนเบรน 100กรัม),1800.00,1,"1,800.00",กลุ่มงานบริหารทั่วไป (งานสนาม),651,,ป0120,แท่ง,ประปา,2026-09
30/9/2026,รัดแยกพีอี,160.00,2,320.00,กลุ่มงานบริหารทั่วไป (งานสนาม),651,,ป0122,อัน,ประปา,2026-09
30/9/2026,ไส้กรอง post 10 นิ้ว,850.00,1,850.00,กลุ่มงานบริหารทั่วไป (งานสนาม),651,,ป0121,แท่ง,ประปา,2026-09
30/9/2026,Smart Kit,22500.00,4,"90,000.00",กลุ่มงานสุขภาพดิจิตอล,652,,ค0085,อััน,คอมพิวเตอร์,2026-09
17/9/2026,น้ำมันดีเซล,38.64,47,"1,799.85",กลุ่มงานบริหารทั่วไป (ยานพาหนะ),653,,ช0001,ลิตร,เชื้อเพลิง,2026-09
17/9/2026,น้ำมันดีเซล,39.40,450,"17,711.48",กลุ่มงานบริหารทั่วไป (ยานพาหนะ),653,,ช0001,ลิตร,เชื้อเพลิง,2026-09
17/9/2026,น้ำมันดีเซล,40.10,470,"18,842.59",กลุ่มงานบริหารทั่วไป (ยานพาหนะ),653,,ช0001,ลิตร,เชื้อเพลิง,2026-09
17/9/2026,น้ำมันดีเซล,40.95,267,"10,940.61",กลุ่มงานบริหารทั่วไป (ยานพาหนะ),653,,ช0001,ลิตร,เชื้อเพลิง,2026-09
17/9/2026,น้ำมันเบนซิน,40.20,40,"1,608.00",กลุ่มงานบริหารทั่วไป (ยานพาหนะ),653,,ช0002,ลิตร,เชื้อเพลิง,2026-09
1/9/2026,น้ำมันเบนซิน,37.95,80,"3,036.00",กลุ่มงานบริหารทั่วไป (ยานพาหนะ),655,,ช0002,ลิตร,เชื้อเพลิง,2026-09
1/9/2026,น้ำมันดีเซล,37.80,300,"11,336.98",กลุ่มงานบริหารทั่วไป (ยานพาหนะ),655,,ช0001,ลิตร,เชื้อเพลิง,2026-09
1/9/2026,น้ำมันดีเซล,38.65,100,"3,865.00",กลุ่มงานบริหารทั่วไป (ยานพาหนะ),655,,ช0001,ลิตร,เชื้อเพลิง,2026-09
1/9/2026,น้ำมันดีเซล,37.65,135,"5,100.45",กลุ่มงานบริหารทั่วไป (ยานพาหนะ),655,,ช0001,ลิตร,เชื้อเพลิง,2026-09
1/9/2026,น้ำมันดีเซล,38.65,"1,072","41,428.55",กลุ่มงานบริหารทั่วไป (ยานพาหนะ),655,,ช0001,ลิตร,เชื้อเพลิง,2026-09
30/9/2026,น้ำมันดีเซล,40.95,413,"16,912.35",กลุ่มงานบริหารทั่วไป (ยานพาหนะ),656,,ช0001,ลิตร,เชื้อเพลิง,2026-09
30/9/2026,น้ำมันดีเซล,41.70,749,"31,215.37",กลุ่มงานบริหารทั่วไป (ยานพาหนะ),656,,ช0001,ลิตร,เชื้อเพลิง,2026-09